{
  "type": "FeatureCollection",
  "features": [
    {
      "type": "Feature",
      "properties": {
        "id": 197500352,
        "name": "RDAT",
        "height": 50.0,
        "min_height": 0.0,
        "building": "office"
      },
      "geometry": {
        "type": "Polygon",
        "coordinates": [
          [
            [
              72.8796571,
              19.053763
            ],
            [
              72.8796571,
              19.0536472
            ],
            [
              72.8801577,
              19.0536196
            ],
            [
              72.8801553,
              19.0536951
            ],
            [
              72.8801156,
              19.0536939
            ],
            [
              72.880114,
              19.0537434
            ],
            [
              72.8798186,
              19.0537561
            ],
            [
              72.8798203,
              19.0537916
            ],
            [
              72.8797594,
              19.0537942
            ],
            [
              72.8797577,
              19.0537587
            ],
            [
              72.8796571,
              19.053763
            ]
          ]
        ]
      }
    },
    {
      "type": "Feature",
      "properties": {
        "id": 202407871,
        "name": "BKC Office Block",
        "height": 70.0,
        "min_height": 0.0,
        "building": "residential"
      },
      "geometry": {
        "type": "Polygon",
        "coordinates": [
          [
            [
              72.8794264,
              19.0531262
            ],
            [
              72.8794855,
              19.0529715
            ],
            [
              72.8795899,
              19.0530032
            ],
            [
              72.8795202,
              19.0531756
            ],
            [
              72.8794264,
              19.0531262
            ]
          ]
        ]
      }
    },
    {
      "type": "Feature",
      "properties": {
        "id": 202407971,
        "name": "BKC Office Block",
        "height": 50.0,
        "min_height": 0.0,
        "building": "residential"
      },
      "geometry": {
        "type": "Polygon",
        "coordinates": [
          [
            [
              72.8799726,
              19.0530944
            ],
            [
              72.8801685,
              19.0531759
            ],
            [
              72.880199,
              19.0531055
            ],
            [
              72.8801854,
              19.0530974
            ],
            [
              72.880009,
              19.053019
            ],
            [
              72.8799726,
              19.0530944
            ]
          ]
        ]
      }
    },
    {
      "type": "Feature",
      "properties": {
        "id": 202408023,
        "name": "Vidnyan bhawan",
        "height": 15.0,
        "min_height": 0.0,
        "building": "industrial"
      },
      "geometry": {
        "type": "Polygon",
        "coordinates": [
          [
            [
              72.878372,
              19.0528231
            ],
            [
              72.8785015,
              19.0529259
            ],
            [
              72.8784791,
              19.05311
            ],
            [
              72.8783442,
              19.0530908
            ],
            [
              72.878372,
              19.0528231
            ]
          ]
        ]
      }
    },
    {
      "type": "Feature",
      "properties": {
        "id": 202408136,
        "name": "Dayalbagh University",
        "height": 35.0,
        "min_height": 0.0,
        "building": "office"
      },
      "geometry": {
        "type": "Polygon",
        "coordinates": [
          [
            [
              72.8786322,
              19.052992
            ],
            [
              72.878689,
              19.052997
            ],
            [
              72.8786882,
              19.0530486
            ],
            [
              72.8787567,
              19.0530496
            ],
            [
              72.8787794,
              19.0530732
            ],
            [
              72.8787774,
              19.0531281
            ],
            [
              72.8787615,
              19.0531502
            ],
            [
              72.8787103,
              19.0531477
            ],
            [
              72.8787112,
              19.0531663
            ],
            [
              72.8786815,
              19.0531622
            ],
            [
              72.8786807,
              19.0531997
            ],
            [
              72.878624,
              19.0531951
            ],
            [
              72.8786322,
              19.052992
            ]
          ]
        ]
      }
    },
    {
      "type": "Feature",
      "properties": {
        "id": 203214154,
        "name": "Jogani Industrial Building",
        "height": 15.0,
        "min_height": 0.0,
        "building": "office"
      },
      "geometry": {
        "type": "Polygon",
        "coordinates": [
          [
            [
              72.8765826,
              19.05558
            ],
            [
              72.8764317,
              19.0552972
            ],
            [
              72.8766266,
              19.0551958
            ],
            [
              72.8767748,
              19.0554807
            ],
            [
              72.8765826,
              19.05558
            ]
          ]
        ]
      }
    },
    {
      "type": "Feature",
      "properties": {
        "id": 203469732,
        "name": "BKC Office Block",
        "height": 25.0,
        "min_height": 0.0,
        "building": "residential"
      },
      "geometry": {
        "type": "Polygon",
        "coordinates": [
          [
            [
              72.8701473,
              19.0521781
            ],
            [
              72.8701455,
              19.0520255
            ],
            [
              72.870258,
              19.0520285
            ],
            [
              72.8702546,
              19.0521441
            ],
            [
              72.87034,
              19.0521472
            ],
            [
              72.8703377,
              19.0522543
            ],
            [
              72.8702927,
              19.0522553
            ],
            [
              72.8702912,
              19.0522934
            ],
            [
              72.8702269,
              19.0522917
            ],
            [
              72.8702273,
              19.0521827
            ],
            [
              72.8701473,
              19.0521781
            ]
          ]
        ]
      }
    },
    {
      "type": "Feature",
      "properties": {
        "id": 291330551,
        "name": "Hallmark Business Plaza",
        "height": 15.0,
        "min_height": 0.0,
        "building": "commercial"
      },
      "geometry": {
        "type": "Polygon",
        "coordinates": [
          [
            [
              72.851581,
              19.0604994
            ],
            [
              72.8521895,
              19.0603006
            ],
            [
              72.8522754,
              19.0605355
            ],
            [
              72.8520132,
              19.0606212
            ],
            [
              72.8520344,
              19.0606792
            ],
            [
              72.8516673,
              19.0607991
            ],
            [
              72.8516494,
              19.06075
            ],
            [
              72.8516173,
              19.0607605
            ],
            [
              72.851561,
              19.0606066
            ],
            [
              72.8516139,
              19.0605893
            ],
            [
              72.851581,
              19.0604994
            ]
          ]
        ]
      }
    },
    {
      "type": "Feature",
      "properties": {
        "id": 291330552,
        "name": "BKC Office Block",
        "height": 50.0,
        "min_height": 0.0,
        "building": "yes"
      },
      "geometry": {
        "type": "Polygon",
        "coordinates": [
          [
            [
              72.8518116,
              19.0608604
            ],
            [
              72.8520718,
              19.0610024
            ],
            [
              72.8521173,
              19.0609339
            ],
            [
              72.8521898,
              19.0607032
            ],
            [
              72.8521262,
              19.0606893
            ],
            [
              72.8520932,
              19.0607286
            ],
            [
              72.8520449,
              19.060721
            ],
            [
              72.8519867,
              19.0608566
            ],
            [
              72.8518607,
              19.0607881
            ],
            [
              72.8518116,
              19.0608604
            ]
          ]
        ]
      }
    },
    {
      "type": "Feature",
      "properties": {
        "id": 291330553,
        "name": "BKC Office Block",
        "height": 35.0,
        "min_height": 0.0,
        "building": "yes"
      },
      "geometry": {
        "type": "Polygon",
        "coordinates": [
          [
            [
              72.8521415,
              19.0610404
            ],
            [
              72.8522622,
              19.0610809
            ],
            [
              72.8523587,
              19.0609111
            ],
            [
              72.8524051,
              19.0607298
            ],
            [
              72.8523488,
              19.0607019
            ],
            [
              72.8523649,
              19.0606588
            ],
            [
              72.8522684,
              19.0606386
            ],
            [
              72.8521415,
              19.0610404
            ]
          ]
        ]
      }
    },
    {
      "type": "Feature",
      "properties": {
        "id": 313412180,
        "name": "BKC Office Block",
        "height": 35.0,
        "min_height": 0.0,
        "building": "apartments"
      },
      "geometry": {
        "type": "Polygon",
        "coordinates": [
          [
            [
              72.8543212,
              19.0595366
            ],
            [
              72.8546405,
              19.0595096
            ],
            [
              72.854633,
              19.0594301
            ],
            [
              72.8545177,
              19.0594398
            ],
            [
              72.8545045,
              19.0592992
            ],
            [
              72.8544143,
              19.0593068
            ],
            [
              72.8544278,
              19.05945
            ],
            [
              72.8543139,
              19.0594596
            ],
            [
              72.8543212,
              19.0595366
            ]
          ]
        ]
      }
    },
    {
      "type": "Feature",
      "properties": {
        "id": 346412509,
        "name": "st. joseph high school",
        "height": 25.0,
        "min_height": 0.0,
        "building": "school"
      },
      "geometry": {
        "type": "Polygon",
        "coordinates": [
          [
            [
              72.8781042,
              19.069826
            ],
            [
              72.8781111,
              19.0696192
            ],
            [
              72.8782102,
              19.0696221
            ],
            [
              72.8782072,
              19.0697134
            ],
            [
              72.878503,
              19.0697223
            ],
            [
              72.8784992,
              19.0698378
            ],
            [
              72.8781042,
              19.069826
            ]
          ]
        ]
      }
    },
    {
      "type": "Feature",
      "properties": {
        "id": 353156969,
        "name": "BKC Office Block",
        "height": 15.0,
        "min_height": 0.0,
        "building": "yes"
      },
      "geometry": {
        "type": "Polygon",
        "coordinates": [
          [
            [
              72.8527611,
              19.0552244
            ],
            [
              72.8528157,
              19.055276
            ],
            [
              72.8527652,
              19.0553237
            ],
            [
              72.8528572,
              19.0554036
            ],
            [
              72.8529144,
              19.0553564
            ],
            [
              72.8529374,
              19.0553759
            ],
            [
              72.8530219,
              19.0552965
            ],
            [
              72.8529568,
              19.0552414
            ],
            [
              72.8529137,
              19.0552803
            ],
            [
              72.8528675,
              19.0552357
            ],
            [
              72.8529057,
              19.0551986
            ],
            [
              72.852848,
              19.0551479
            ],
            [
              72.8527611,
              19.0552244
            ]
          ]
        ]
      }
    },
    {
      "type": "Feature",
      "properties": {
        "id": 353156970,
        "name": "BKC Office Block",
        "height": 70.0,
        "min_height": 0.0,
        "building": "yes"
      },
      "geometry": {
        "type": "Polygon",
        "coordinates": [
          [
            [
              72.8523707,
              19.0549085
            ],
            [
              72.8524243,
              19.0549591
            ],
            [
              72.8523757,
              19.055005
            ],
            [
              72.8524857,
              19.0551089
            ],
            [
              72.8526281,
              19.0549743
            ],
            [
              72.8525648,
              19.0549144
            ],
            [
              72.8525286,
              19.0549486
            ],
            [
              72.8524906,
              19.0549127
            ],
            [
              72.8525268,
              19.0548785
            ],
            [
              72.8524646,
              19.0548198
            ],
            [
              72.8523707,
              19.0549085
            ]
          ]
        ]
      }
    },
    {
      "type": "Feature",
      "properties": {
        "id": 353156971,
        "name": "BKC Office Block",
        "height": 35.0,
        "min_height": 0.0,
        "building": "yes"
      },
      "geometry": {
        "type": "Polygon",
        "coordinates": [
          [
            [
              72.8520779,
              19.054719
            ],
            [
              72.8521408,
              19.0547785
            ],
            [
              72.8521593,
              19.054761
            ],
            [
              72.8522035,
              19.0548028
            ],
            [
              72.852185,
              19.0548203
            ],
            [
              72.8522308,
              19.0548636
            ],
            [
              72.852347,
              19.0547537
            ],
            [
              72.8523003,
              19.0547095
            ],
            [
              72.8522732,
              19.0547351
            ],
            [
              72.8522199,
              19.0546847
            ],
            [
              72.8522469,
              19.0546591
            ],
            [
              72.8521941,
              19.0546092
            ],
            [
              72.8520779,
              19.054719
            ]
          ]
        ]
      }
    },
    {
      "type": "Feature",
      "properties": {
        "id": 353156972,
        "name": "O.N.G.C Colony (B-wing)",
        "height": 24.5,
        "min_height": 0.0,
        "building": "apartments"
      },
      "geometry": {
        "type": "Polygon",
        "coordinates": [
          [
            [
              72.8571978,
              19.0656489
            ],
            [
              72.8572965,
              19.0656437
            ],
            [
              72.8573197,
              19.0656581
            ],
            [
              72.8573564,
              19.0656731
            ],
            [
              72.8574076,
              19.0657295
            ],
            [
              72.8574776,
              19.0656787
            ],
            [
              72.8574558,
              19.0656449
            ],
            [
              72.8574091,
              19.0655635
            ],
            [
              72.8574283,
              19.0655315
            ],
            [
              72.8574395,
              19.0654972
            ],
            [
              72.8574448,
              19.0654747
            ],
            [
              72.857366,
              19.0654428
            ],
            [
              72.8573064,
              19.0655573
            ],
            [
              72.8571913,
              19.0655584
            ],
            [
              72.8571978,
              19.0656489
            ]
          ]
        ]
      }
    },
    {
      "type": "Feature",
      "properties": {
        "id": 353156973,
        "name": "O.N.G.C Colony (A-Wing)",
        "height": 24.5,
        "min_height": 0.0,
        "building": "apartments"
      },
      "geometry": {
        "type": "Polygon",
        "coordinates": [
          [
            [
              72.8572429,
              19.06602
            ],
            [
              72.8573415,
              19.0660148
            ],
            [
              72.8573647,
              19.0660292
            ],
            [
              72.8574015,
              19.0660442
            ],
            [
              72.8574526,
              19.0661006
            ],
            [
              72.8575226,
              19.0660498
            ],
            [
              72.8575008,
              19.066016
            ],
            [
              72.8574542,
              19.0659347
            ],
            [
              72.8574733,
              19.0659026
            ],
            [
              72.8574845,
              19.0658683
            ],
            [
              72.8574898,
              19.0658458
            ],
            [
              72.8574111,
              19.0658139
            ],
            [
              72.8573514,
              19.0659284
            ],
            [
              72.8572363,
              19.0659296
            ],
            [
              72.8572429,
              19.06602
            ]
          ]
        ]
      }
    },
    {
      "type": "Feature",
      "properties": {
        "id": 353156975,
        "name": "BKC Office Block",
        "height": 70.0,
        "min_height": 0.0,
        "building": "yes"
      },
      "geometry": {
        "type": "Polygon",
        "coordinates": [
          [
            [
              72.8530521,
              19.0550294
            ],
            [
              72.8531056,
              19.05508
            ],
            [
              72.8531318,
              19.0550553
            ],
            [
              72.8531803,
              19.0551011
            ],
            [
              72.8531542,
              19.0551258
            ],
            [
              72.8532085,
              19.0551772
            ],
            [
              72.8532731,
              19.0551161
            ],
            [
              72.8532471,
              19.0550916
            ],
            [
              72.853287,
              19.0550539
            ],
            [
              72.8533129,
              19.0550784
            ],
            [
              72.8533675,
              19.0550268
            ],
            [
              72.853313,
              19.0549753
            ],
            [
              72.8532897,
              19.0549973
            ],
            [
              72.8532346,
              19.0549453
            ],
            [
              72.8532579,
              19.0549233
            ],
            [
              72.8532112,
              19.0548791
            ],
            [
              72.8531489,
              19.0549379
            ],
            [
              72.8531616,
              19.0549499
            ],
            [
              72.853125,
              19.0549844
            ],
            [
              72.8531124,
              19.0549724
            ],
            [
              72.8530521,
              19.0550294
            ]
          ]
        ]
      }
    },
    {
      "type": "Feature",
      "properties": {
        "id": 353156979,
        "name": "BKC Office Block",
        "height": 25.0,
        "min_height": 0.0,
        "building": "yes"
      },
      "geometry": {
        "type": "Polygon",
        "coordinates": [
          [
            [
              72.8545764,
              19.0575729
            ],
            [
              72.8547408,
              19.0577283
            ],
            [
              72.8549206,
              19.0575584
            ],
            [
              72.8547562,
              19.057403
            ],
            [
              72.8545764,
              19.0575729
            ]
          ]
        ]
      }
    },
    {
      "type": "Feature",
      "properties": {
        "id": 353156982,
        "name": "BKC Office Block",
        "height": 25.0,
        "min_height": 0.0,
        "building": "yes"
      },
      "geometry": {
        "type": "Polygon",
        "coordinates": [
          [
            [
              72.853454,
              19.0573752
            ],
            [
              72.8535919,
              19.0575057
            ],
            [
              72.8537544,
              19.0573521
            ],
            [
              72.8536164,
              19.0572217
            ],
            [
              72.853454,
              19.0573752
            ]
          ]
        ]
      }
    },
    {
      "type": "Feature",
      "properties": {
        "id": 353156986,
        "name": "BKC Office Block",
        "height": 25.0,
        "min_height": 0.0,
        "building": "yes"
      },
      "geometry": {
        "type": "Polygon",
        "coordinates": [
          [
            [
              72.8527947,
              19.0547398
            ],
            [
              72.8529429,
              19.0548798
            ],
            [
              72.8530816,
              19.0547488
            ],
            [
              72.8529334,
              19.0546087
            ],
            [
              72.8527947,
              19.0547398
            ]
          ]
        ]
      }
    },
    {
      "type": "Feature",
      "properties": {
        "id": 353156988,
        "name": "BKC Office Block",
        "height": 50.0,
        "min_height": 0.0,
        "building": "yes"
      },
      "geometry": {
        "type": "Polygon",
        "coordinates": [
          [
            [
              72.8528952,
              19.0544046
            ],
            [
              72.8530663,
              19.0545664
            ],
            [
              72.8531894,
              19.0544501
            ],
            [
              72.8530183,
              19.0542883
            ],
            [
              72.8528952,
              19.0544046
            ]
          ]
        ]
      }
    },
    {
      "type": "Feature",
      "properties": {
        "id": 353156990,
        "name": "BKC Office Block",
        "height": 50.0,
        "min_height": 0.0,
        "building": "yes"
      },
      "geometry": {
        "type": "Polygon",
        "coordinates": [
          [
            [
              72.8531855,
              19.0546791
            ],
            [
              72.8535691,
              19.0550416
            ],
            [
              72.8536892,
              19.054928
            ],
            [
              72.8533057,
              19.0545655
            ],
            [
              72.8531855,
              19.0546791
            ]
          ]
        ]
      }
    },
    {
      "type": "Feature",
      "properties": {
        "id": 353157002,
        "name": "BKC Office Block",
        "height": 70.0,
        "min_height": 0.0,
        "building": "yes"
      },
      "geometry": {
        "type": "Polygon",
        "coordinates": [
          [
            [
              72.8523594,
              19.0555961
            ],
            [
              72.8525178,
              19.0557458
            ],
            [
              72.8526952,
              19.0555781
            ],
            [
              72.8525369,
              19.0554284
            ],
            [
              72.8523594,
              19.0555961
            ]
          ]
        ]
      }
    },
    {
      "type": "Feature",
      "properties": {
        "id": 353157004,
        "name": "BKC Office Block",
        "height": 70.0,
        "min_height": 0.0,
        "building": "yes"
      },
      "geometry": {
        "type": "Polygon",
        "coordinates": [
          [
            [
              72.8532477,
              19.0559635
            ],
            [
              72.8534156,
              19.0561222
            ],
            [
              72.8535958,
              19.055952
            ],
            [
              72.8534279,
              19.0557933
            ],
            [
              72.8532477,
              19.0559635
            ]
          ]
        ]
      }
    },
    {
      "type": "Feature",
      "properties": {
        "id": 353157006,
        "name": "BKC Office Block",
        "height": 15.0,
        "min_height": 0.0,
        "building": "yes"
      },
      "geometry": {
        "type": "Polygon",
        "coordinates": [
          [
            [
              72.8524031,
              19.0565329
            ],
            [
              72.8525438,
              19.0566547
            ],
            [
              72.8527182,
              19.0564746
            ],
            [
              72.8525775,
              19.0563528
            ],
            [
              72.8524031,
              19.0565329
            ]
          ]
        ]
      }
    },
    {
      "type": "Feature",
      "properties": {
        "id": 353157007,
        "name": "BKC Office Block",
        "height": 50.0,
        "min_height": 0.0,
        "building": "yes"
      },
      "geometry": {
        "type": "Polygon",
        "coordinates": [
          [
            [
              72.8521295,
              19.0562781
            ],
            [
              72.8522986,
              19.0564244
            ],
            [
              72.8524659,
              19.0562517
            ],
            [
              72.8522967,
              19.0561054
            ],
            [
              72.8521295,
              19.0562781
            ]
          ]
        ]
      }
    },
    {
      "type": "Feature",
      "properties": {
        "id": 353157018,
        "name": "BKC Office Block",
        "height": 50.0,
        "min_height": 0.0,
        "building": "yes"
      },
      "geometry": {
        "type": "Polygon",
        "coordinates": [
          [
            [
              72.8548518,
              19.0578208
            ],
            [
              72.8549864,
              19.057948
            ],
            [
              72.8551594,
              19.0577844
            ],
            [
              72.8550248,
              19.0576572
            ],
            [
              72.8548518,
              19.0578208
            ]
          ]
        ]
      }
    },
    {
      "type": "Feature",
      "properties": {
        "id": 353157022,
        "name": "BKC Office Block",
        "height": 50.0,
        "min_height": 0.0,
        "building": "yes"
      },
      "geometry": {
        "type": "Polygon",
        "coordinates": [
          [
            [
              72.8536823,
              19.0576596
            ],
            [
              72.8538332,
              19.0578022
            ],
            [
              72.8539114,
              19.0577283
            ],
            [
              72.8539895,
              19.0576544
            ],
            [
              72.8538386,
              19.0575118
            ],
            [
              72.8536823,
              19.0576596
            ]
          ]
        ]
      }
    },
    {
      "type": "Feature",
      "properties": {
        "id": 353157025,
        "name": "BKC Office Block",
        "height": 70.0,
        "min_height": 0.0,
        "building": "yes"
      },
      "geometry": {
        "type": "Polygon",
        "coordinates": [
          [
            [
              72.853947,
              19.0579126
            ],
            [
              72.8540924,
              19.0580501
            ],
            [
              72.8542515,
              19.0578997
            ],
            [
              72.854106,
              19.0577622
            ],
            [
              72.853947,
              19.0579126
            ]
          ]
        ]
      }
    },
    {
      "type": "Feature",
      "properties": {
        "id": 353157028,
        "name": "BKC Office Block",
        "height": 15.0,
        "min_height": 0.0,
        "building": "yes"
      },
      "geometry": {
        "type": "Polygon",
        "coordinates": [
          [
            [
              72.8528796,
              19.055619
            ],
            [
              72.8528516,
              19.0556641
            ],
            [
              72.8528537,
              19.055734
            ],
            [
              72.8529795,
              19.055833
            ],
            [
              72.8531841,
              19.0556087
            ],
            [
              72.8530373,
              19.0554699
            ],
            [
              72.8528796,
              19.055619
            ]
          ]
        ]
      }
    },
    {
      "type": "Feature",
      "properties": {
        "id": 353157033,
        "name": "BKC Office Block",
        "height": 25.0,
        "min_height": 0.0,
        "building": "yes"
      },
      "geometry": {
        "type": "Polygon",
        "coordinates": [
          [
            [
              72.8542404,
              19.056859
            ],
            [
              72.8543822,
              19.056993
            ],
            [
              72.8545413,
              19.0568427
            ],
            [
              72.8543995,
              19.0567086
            ],
            [
              72.8542404,
              19.056859
            ]
          ]
        ]
      }
    },
    {
      "type": "Feature",
      "properties": {
        "id": 353157044,
        "name": "BKC Office Block",
        "height": 50.0,
        "min_height": 0.0,
        "building": "yes"
      },
      "geometry": {
        "type": "Polygon",
        "coordinates": [
          [
            [
              72.8550764,
              19.058119
            ],
            [
              72.8552139,
              19.0582489
            ],
            [
              72.8553859,
              19.0580863
            ],
            [
              72.8552485,
              19.0579564
            ],
            [
              72.8550764,
              19.058119
            ]
          ]
        ]
      }
    },
    {
      "type": "Feature",
      "properties": {
        "id": 353157046,
        "name": "BKC Office Block",
        "height": 70.0,
        "min_height": 0.0,
        "building": "yes"
      },
      "geometry": {
        "type": "Polygon",
        "coordinates": [
          [
            [
              72.8519686,
              19.0562173
            ],
            [
              72.8521373,
              19.056043
            ],
            [
              72.8519753,
              19.0559029
            ],
            [
              72.8518066,
              19.0560771
            ],
            [
              72.8519686,
              19.0562173
            ]
          ]
        ]
      }
    },
    {
      "type": "Feature",
      "properties": {
        "id": 353157047,
        "name": "Vaibhav Chambers",
        "height": 50.0,
        "min_height": 0.0,
        "building": "yes"
      },
      "geometry": {
        "type": "Polygon",
        "coordinates": [
          [
            [
              72.85385,
              19.0590132
            ],
            [
              72.8540662,
              19.0592033
            ],
            [
              72.8542197,
              19.0590474
            ],
            [
              72.8540036,
              19.0588573
            ],
            [
              72.85385,
              19.0590132
            ]
          ]
        ]
      }
    },
    {
      "type": "Feature",
      "properties": {
        "id": 353157051,
        "name": "BKC Office Block",
        "height": 15.0,
        "min_height": 0.0,
        "building": "yes"
      },
      "geometry": {
        "type": "Polygon",
        "coordinates": [
          [
            [
              72.8533368,
              19.0552108
            ],
            [
              72.8535135,
              19.0553779
            ],
            [
              72.8536372,
              19.0552609
            ],
            [
              72.8534605,
              19.0550939
            ],
            [
              72.8533368,
              19.0552108
            ]
          ]
        ]
      }
    },
    {
      "type": "Feature",
      "properties": {
        "id": 353157053,
        "name": "BKC Office Block",
        "height": 70.0,
        "min_height": 0.0,
        "building": "yes"
      },
      "geometry": {
        "type": "Polygon",
        "coordinates": [
          [
            [
              72.8521596,
              19.0553524
            ],
            [
              72.8523255,
              19.0555092
            ],
            [
              72.8525008,
              19.0553434
            ],
            [
              72.852335,
              19.0551866
            ],
            [
              72.8521596,
              19.0553524
            ]
          ]
        ]
      }
    },
    {
      "type": "Feature",
      "properties": {
        "id": 353157056,
        "name": "BKC Office Block",
        "height": 25.0,
        "min_height": 0.0,
        "building": "yes"
      },
      "geometry": {
        "type": "Polygon",
        "coordinates": [
          [
            [
              72.8539496,
              19.0566247
            ],
            [
              72.854113,
              19.0567792
            ],
            [
              72.8542813,
              19.0566201
            ],
            [
              72.8541179,
              19.0564657
            ],
            [
              72.8539496,
              19.0566247
            ]
          ]
        ]
      }
    },
    {
      "type": "Feature",
      "properties": {
        "id": 353157066,
        "name": "BKC Office Block",
        "height": 25.0,
        "min_height": 0.0,
        "building": "yes"
      },
      "geometry": {
        "type": "Polygon",
        "coordinates": [
          [
            [
              72.8545051,
              19.0571265
            ],
            [
              72.8546647,
              19.0572773
            ],
            [
              72.8548301,
              19.057121
            ],
            [
              72.8546705,
              19.0569702
            ],
            [
              72.8545051,
              19.0571265
            ]
          ]
        ]
      }
    },
    {
      "type": "Feature",
      "properties": {
        "id": 353157068,
        "name": "Family Court",
        "height": 70.0,
        "min_height": 0.0,
        "building": "yes"
      },
      "geometry": {
        "type": "Polygon",
        "coordinates": [
          [
            [
              72.852733,
              19.0567306
            ],
            [
              72.8528912,
              19.0568675
            ],
            [
              72.8530582,
              19.0566952
            ],
            [
              72.8528999,
              19.0565583
            ],
            [
              72.852733,
              19.0567306
            ]
          ]
        ]
      }
    },
    {
      "type": "Feature",
      "properties": {
        "id": 353157069,
        "name": "BKC Office Block",
        "height": 25.0,
        "min_height": 0.0,
        "building": "hospital"
      },
      "geometry": {
        "type": "Polygon",
        "coordinates": [
          [
            [
              72.8523805,
              19.0598138
            ],
            [
              72.852617,
              19.0598429
            ],
            [
              72.852623,
              19.0597992
            ],
            [
              72.8526634,
              19.0595055
            ],
            [
              72.8526743,
              19.0594264
            ],
            [
              72.8525135,
              19.0594066
            ],
            [
              72.8524645,
              19.0597624
            ],
            [
              72.8523889,
              19.0597531
            ],
            [
              72.8523805,
              19.0598138
            ]
          ]
        ]
      }
    },
    {
      "type": "Feature",
      "properties": {
        "id": 353157071,
        "name": "HP Officers Apartments",
        "height": 50.0,
        "min_height": 0.0,
        "building": "apartments"
      },
      "geometry": {
        "type": "Polygon",
        "coordinates": [
          [
            [
              72.8576447,
              19.0660338
            ],
            [
              72.8579043,
              19.0659975
            ],
            [
              72.8578899,
              19.0659057
            ],
            [
              72.8578102,
              19.0659168
            ],
            [
              72.8577944,
              19.0658163
            ],
            [
              72.8577016,
              19.0658292
            ],
            [
              72.857717,
              19.0659275
            ],
            [
              72.85763,
              19.0659397
            ],
            [
              72.8576447,
              19.0660338
            ]
          ]
        ]
      }
    },
    {
      "type": "Feature",
      "properties": {
        "id": 353157072,
        "name": "The Metropolitian",
        "height": 31.5,
        "min_height": 0.0,
        "building": "yes"
      },
      "geometry": {
        "type": "Polygon",
        "coordinates": [
          [
            [
              72.8550028,
              19.0571796
            ],
            [
              72.8551537,
              19.0573069
            ],
            [
              72.855063,
              19.0574033
            ],
            [
              72.855229,
              19.0575578
            ],
            [
              72.855418,
              19.0573763
            ],
            [
              72.8552741,
              19.0572403
            ],
            [
              72.8553551,
              19.057152
            ],
            [
              72.8551896,
              19.056991
            ],
            [
              72.8550549,
              19.0571253
            ],
            [
              72.8550028,
              19.0571796
            ]
          ]
        ]
      }
    },
    {
      "type": "Feature",
      "properties": {
        "id": 353157073,
        "name": "HP Officers Apartments",
        "height": 25.0,
        "min_height": 0.0,
        "building": "apartments"
      },
      "geometry": {
        "type": "Polygon",
        "coordinates": [
          [
            [
              72.8580028,
              19.0660018
            ],
            [
              72.858263,
              19.0659719
            ],
            [
              72.8582486,
              19.0658801
            ],
            [
              72.8581689,
              19.0658913
            ],
            [
              72.8581531,
              19.0657907
            ],
            [
              72.8580603,
              19.0658037
            ],
            [
              72.8580757,
              19.0659019
            ],
            [
              72.8579887,
              19.0659141
            ],
            [
              72.8580028,
              19.0660018
            ]
          ]
        ]
      }
    },
    {
      "type": "Feature",
      "properties": {
        "id": 353159496,
        "name": "Raheja Tower",
        "height": 52.5,
        "min_height": 0.0,
        "building": "commercial"
      },
      "geometry": {
        "type": "Polygon",
        "coordinates": [
          [
            [
              72.862665,
              19.0609786
            ],
            [
              72.8627895,
              19.0610293
            ],
            [
              72.8629902,
              19.0610214
            ],
            [
              72.8630769,
              19.0609911
            ],
            [
              72.86315,
              19.0609521
            ],
            [
              72.8632144,
              19.0608994
            ],
            [
              72.863224,
              19.0608467
            ],
            [
              72.8630798,
              19.0608394
            ],
            [
              72.8630332,
              19.0608034
            ],
            [
              72.8626958,
              19.0607696
            ],
            [
              72.862665,
              19.0609786
            ]
          ]
        ]
      }
    },
    {
      "type": "Feature",
      "properties": {
        "id": 353159497,
        "name": "BKC Office Block",
        "height": 50.0,
        "min_height": 0.0,
        "building": "yes"
      },
      "geometry": {
        "type": "Polygon",
        "coordinates": [
          [
            [
              72.871092,
              19.0686773
            ],
            [
              72.8710222,
              19.0687764
            ],
            [
              72.8710899,
              19.0688191
            ],
            [
              72.8710973,
              19.0688086
            ],
            [
              72.8711421,
              19.0688367
            ],
            [
              72.8711218,
              19.0688655
            ],
            [
              72.8711974,
              19.0689131
            ],
            [
              72.8712214,
              19.068879
            ],
            [
              72.8712536,
              19.0688993
            ],
            [
              72.8712424,
              19.0689151
            ],
            [
              72.8713158,
              19.0689614
            ],
            [
              72.8713857,
              19.0688624
            ],
            [
              72.871092,
              19.0686773
            ]
          ]
        ]
      }
    },
    {
      "type": "Feature",
      "properties": {
        "id": 353159500,
        "name": "Trent House",
        "height": 70.0,
        "min_height": 0.0,
        "building": "commercial"
      },
      "geometry": {
        "type": "Polygon",
        "coordinates": [
          [
            [
              72.8677746,
              19.0683787
            ],
            [
              72.867986,
              19.0680681
            ],
            [
              72.8677823,
              19.0679443
            ],
            [
              72.867571,
              19.0682549
            ],
            [
              72.8677746,
              19.0683787
            ]
          ]
        ]
      }
    },
    {
      "type": "Feature",
      "properties": {
        "id": 353159507,
        "name": "BKC Office Block",
        "height": 70.0,
        "min_height": 0.0,
        "building": "yes"
      },
      "geometry": {
        "type": "Polygon",
        "coordinates": [
          [
            [
              72.875023,
              19.0719166
            ],
            [
              72.8752677,
              19.0718645
            ],
            [
              72.8752267,
              19.0716924
            ],
            [
              72.874982,
              19.0717444
            ],
            [
              72.875023,
              19.0719166
            ]
          ]
        ]
      }
    },
    {
      "type": "Feature",
      "properties": {
        "id": 353159508,
        "name": "IDFC First Bank",
        "height": 15.0,
        "min_height": 0.0,
        "building": "yes"
      },
      "geometry": {
        "type": "Polygon",
        "coordinates": [
          [
            [
              72.8673566,
              19.0680494
            ],
            [
              72.8677046,
              19.0675116
            ],
            [
              72.8675594,
              19.0674277
            ],
            [
              72.8672114,
              19.0679655
            ],
            [
              72.8673566,
              19.0680494
            ]
          ]
        ]
      }
    },
    {
      "type": "Feature",
      "properties": {
        "id": 353159512,
        "name": "BKC Office Block",
        "height": 50.0,
        "min_height": 0.0,
        "building": "commercial"
      },
      "geometry": {
        "type": "Polygon",
        "coordinates": [
          [
            [
              72.8758024,
              19.0718745
            ],
            [
              72.876105,
              19.0718385
            ],
            [
              72.8760262,
              19.0712461
            ],
            [
              72.8757236,
              19.0712821
            ],
            [
              72.8758024,
              19.0718745
            ]
          ]
        ]
      }
    },
    {
      "type": "Feature",
      "properties": {
        "id": 353159515,
        "name": "First International Financial Center",
        "height": 25.0,
        "min_height": 0.0,
        "building": "commercial"
      },
      "geometry": {
        "type": "Polygon",
        "coordinates": [
          [
            [
              72.8692787,
              19.0692936
            ],
            [
              72.8699751,
              19.0697461
            ],
            [
              72.8702087,
              19.0694251
            ],
            [
              72.8695122,
              19.0689725
            ],
            [
              72.8692787,
              19.0692936
            ]
          ]
        ]
      }
    },
    {
      "type": "Feature",
      "properties": {
        "id": 353159524,
        "name": "BKC Office Block",
        "height": 70.0,
        "min_height": 0.0,
        "building": "yes"
      },
      "geometry": {
        "type": "Polygon",
        "coordinates": [
          [
            [
              72.8696979,
              19.0525518
            ],
            [
              72.8696013,
              19.0525493
            ],
            [
              72.8695975,
              19.052681
            ],
            [
              72.8696941,
              19.0526836
            ],
            [
              72.8696979,
              19.0525518
            ]
          ]
        ]
      }
    },
    {
      "type": "Feature",
      "properties": {
        "id": 353159534,
        "name": "BKC Office Block",
        "height": 50.0,
        "min_height": 0.0,
        "building": "yes"
      },
      "geometry": {
        "type": "Polygon",
        "coordinates": [
          [
            [
              72.8713557,
              19.0705883
            ],
            [
              72.8715015,
              19.070535
            ],
            [
              72.8714132,
              19.0703191
            ],
            [
              72.8712674,
              19.0703724
            ],
            [
              72.8713557,
              19.0705883
            ]
          ]
        ]
      }
    },
    {
      "type": "Feature",
      "properties": {
        "id": 353159539,
        "name": "BKC Office Block",
        "height": 15.0,
        "min_height": 0.0,
        "building": "yes"
      },
      "geometry": {
        "type": "Polygon",
        "coordinates": [
          [
            [
              72.8693592,
              19.0521204
            ],
            [
              72.8694473,
              19.0521225
            ],
            [
              72.8694501,
              19.0520125
            ],
            [
              72.869362,
              19.0520104
            ],
            [
              72.8693592,
              19.0521204
            ]
          ]
        ]
      }
    },
    {
      "type": "Feature",
      "properties": {
        "id": 353159541,
        "name": "BKC Office Block",
        "height": 35.0,
        "min_height": 0.0,
        "building": "yes"
      },
      "geometry": {
        "type": "Polygon",
        "coordinates": [
          [
            [
              72.8775088,
              19.0721342
            ],
            [
              72.8777511,
              19.0720622
            ],
            [
              72.8777149,
              19.0719533
            ],
            [
              72.8774725,
              19.0720252
            ],
            [
              72.8775088,
              19.0721342
            ]
          ]
        ]
      }
    },
    {
      "type": "Feature",
      "properties": {
        "id": 353159543,
        "name": "BKC Office Block",
        "height": 35.0,
        "min_height": 0.0,
        "building": "yes"
      },
      "geometry": {
        "type": "Polygon",
        "coordinates": [
          [
            [
              72.8675156,
              19.0519064
            ],
            [
              72.8676155,
              19.0520218
            ],
            [
              72.8677246,
              19.0519373
            ],
            [
              72.8676247,
              19.0518219
            ],
            [
              72.8675156,
              19.0519064
            ]
          ]
        ]
      }
    },
    {
      "type": "Feature",
      "properties": {
        "id": 353159544,
        "name": "BKC Office Block",
        "height": 50.0,
        "min_height": 0.0,
        "building": "yes"
      },
      "geometry": {
        "type": "Polygon",
        "coordinates": [
          [
            [
              72.866861,
              19.0677218
            ],
            [
              72.8670618,
              19.0678368
            ],
            [
              72.8673255,
              19.0674257
            ],
            [
              72.8671247,
              19.0673106
            ],
            [
              72.866861,
              19.0677218
            ]
          ]
        ]
      }
    },
    {
      "type": "Feature",
      "properties": {
        "id": 353159549,
        "name": "BKC Office Block",
        "height": 70.0,
        "min_height": 0.0,
        "building": "yes"
      },
      "geometry": {
        "type": "Polygon",
        "coordinates": [
          [
            [
              72.8626867,
              19.0604886
            ],
            [
              72.8632077,
              19.0605086
            ],
            [
              72.8632153,
              19.0603321
            ],
            [
              72.8626942,
              19.0603121
            ],
            [
              72.8626867,
              19.0604886
            ]
          ]
        ]
      }
    },
    {
      "type": "Feature",
      "properties": {
        "id": 353159550,
        "name": "BKC Office Block",
        "height": 15.0,
        "min_height": 0.0,
        "building": "yes"
      },
      "geometry": {
        "type": "Polygon",
        "coordinates": [
          [
            [
              72.871027,
              19.0695929
            ],
            [
              72.8706817,
              19.0694015
            ],
            [
              72.8706097,
              19.0695174
            ],
            [
              72.8709551,
              19.0697088
            ],
            [
              72.871027,
              19.0695929
            ]
          ]
        ]
      }
    },
    {
      "type": "Feature",
      "properties": {
        "id": 353159552,
        "name": "BKC Office Block",
        "height": 25.0,
        "min_height": 0.0,
        "building": "commercial"
      },
      "geometry": {
        "type": "Polygon",
        "coordinates": [
          [
            [
              72.8757187,
              19.0710999
            ],
            [
              72.8763585,
              19.0709956
            ],
            [
              72.876307,
              19.0707133
            ],
            [
              72.8756671,
              19.0708177
            ],
            [
              72.8757187,
              19.0710999
            ]
          ]
        ]
      }
    },
    {
      "type": "Feature",
      "properties": {
        "id": 353159553,
        "name": "BKC Office Block",
        "height": 50.0,
        "min_height": 0.0,
        "building": "yes"
      },
      "geometry": {
        "type": "Polygon",
        "coordinates": [
          [
            [
              72.8693539,
              19.0524162
            ],
            [
              72.8694578,
              19.0524162
            ],
            [
              72.8694578,
              19.0523072
            ],
            [
              72.8693539,
              19.0523072
            ],
            [
              72.8693539,
              19.0524162
            ]
          ]
        ]
      }
    },
    {
      "type": "Feature",
      "properties": {
        "id": 353159554,
        "name": "BKC Office Block",
        "height": 25.0,
        "min_height": 0.0,
        "building": "yes"
      },
      "geometry": {
        "type": "Polygon",
        "coordinates": [
          [
            [
              72.8696789,
              19.0521558
            ],
            [
              72.8695836,
              19.0521591
            ],
            [
              72.8695945,
              19.0524444
            ],
            [
              72.8696897,
              19.0524411
            ],
            [
              72.8696789,
              19.0521558
            ]
          ]
        ]
      }
    },
    {
      "type": "Feature",
      "properties": {
        "id": 353159555,
        "name": "Enam Sambhav",
        "height": 50.0,
        "min_height": 0.0,
        "building": "yes"
      },
      "geometry": {
        "type": "Polygon",
        "coordinates": [
          [
            [
              72.865034,
              19.0581052
            ],
            [
              72.8655069,
              19.0581434
            ],
            [
              72.8655183,
              19.0580179
            ],
            [
              72.8650453,
              19.0579797
            ],
            [
              72.865034,
              19.0581052
            ]
          ]
        ]
      }
    },
    {
      "type": "Feature",
      "properties": {
        "id": 353159556,
        "name": "BKC Office Block",
        "height": 35.0,
        "min_height": 0.0,
        "building": "yes"
      },
      "geometry": {
        "type": "Polygon",
        "coordinates": [
          [
            [
              72.8690599,
              19.0690797
            ],
            [
              72.8690777,
              19.0690561
            ],
            [
              72.8691294,
              19.0690911
            ],
            [
              72.8691728,
              19.0690338
            ],
            [
              72.8691212,
              19.0689988
            ],
            [
              72.869228,
              19.0688577
            ],
            [
              72.8689977,
              19.0686998
            ],
            [
              72.8688737,
              19.0688632
            ],
            [
              72.8688911,
              19.0689761
            ],
            [
              72.8690599,
              19.0690797
            ]
          ]
        ]
      }
    },
    {
      "type": "Feature",
      "properties": {
        "id": 353159557,
        "name": "BKC Office Block",
        "height": 70.0,
        "min_height": 0.0,
        "building": "yes"
      },
      "geometry": {
        "type": "Polygon",
        "coordinates": [
          [
            [
              72.8667251,
              19.0665155
            ],
            [
              72.8669558,
              19.0666518
            ],
            [
              72.8670032,
              19.0665801
            ],
            [
              72.867016,
              19.0665877
            ],
            [
              72.8670545,
              19.0665295
            ],
            [
              72.866811,
              19.0663856
            ],
            [
              72.8667251,
              19.0665155
            ]
          ]
        ]
      }
    },
    {
      "type": "Feature",
      "properties": {
        "id": 353159558,
        "name": "BKC Office Block",
        "height": 70.0,
        "min_height": 0.0,
        "building": "commercial"
      },
      "geometry": {
        "type": "Polygon",
        "coordinates": [
          [
            [
              72.8762793,
              19.0720662
            ],
            [
              72.8769484,
              19.071979
            ],
            [
              72.8768677,
              19.0714262
            ],
            [
              72.8765682,
              19.0714653
            ],
            [
              72.8766035,
              19.0717078
            ],
            [
              72.876234,
              19.071756
            ],
            [
              72.8762793,
              19.0720662
            ]
          ]
        ]
      }
    },
    {
      "type": "Feature",
      "properties": {
        "id": 353159559,
        "name": "BKC Office Block",
        "height": 50.0,
        "min_height": 0.0,
        "building": "yes"
      },
      "geometry": {
        "type": "Polygon",
        "coordinates": [
          [
            [
              72.8773046,
              19.0709358
            ],
            [
              72.8770289,
              19.0710269
            ],
            [
              72.8770525,
              19.0710907
            ],
            [
              72.8770017,
              19.0711075
            ],
            [
              72.8772663,
              19.0718223
            ],
            [
              72.8775928,
              19.0717144
            ],
            [
              72.8773046,
              19.0709358
            ]
          ]
        ]
      }
    },
    {
      "type": "Feature",
      "properties": {
        "id": 353159560,
        "name": "BKC Office Block",
        "height": 25.0,
        "min_height": 0.0,
        "building": "yes"
      },
      "geometry": {
        "type": "Polygon",
        "coordinates": [
          [
            [
              72.8687623,
              19.0633176
            ],
            [
              72.8692198,
              19.0633597
            ],
            [
              72.8692439,
              19.0631262
            ],
            [
              72.8688314,
              19.0630882
            ],
            [
              72.8688251,
              19.0631492
            ],
            [
              72.8687801,
              19.0631451
            ],
            [
              72.8687623,
              19.0633176
            ]
          ]
        ]
      }
    },
    {
      "type": "Feature",
      "properties": {
        "id": 353159561,
        "name": "BKC Office Block",
        "height": 35.0,
        "min_height": 0.0,
        "building": "yes"
      },
      "geometry": {
        "type": "Polygon",
        "coordinates": [
          [
            [
              72.8690383,
              19.0638292
            ],
            [
              72.8691693,
              19.0638377
            ],
            [
              72.8691884,
              19.0635749
            ],
            [
              72.8694233,
              19.0635902
            ],
            [
              72.8694309,
              19.0634848
            ],
            [
              72.869065,
              19.0634611
            ],
            [
              72.8690383,
              19.0638292
            ]
          ]
        ]
      }
    },
    {
      "type": "Feature",
      "properties": {
        "id": 353159564,
        "name": "Naman Chambers",
        "height": 70.0,
        "min_height": 0.0,
        "building": "yes"
      },
      "geometry": {
        "type": "Polygon",
        "coordinates": [
          [
            [
              72.8627448,
              19.0599158
            ],
            [
              72.8627288,
              19.0601053
            ],
            [
              72.8628157,
              19.0601119
            ],
            [
              72.8628045,
              19.0602437
            ],
            [
              72.8630898,
              19.0602653
            ],
            [
              72.863101,
              19.0601335
            ],
            [
              72.8632325,
              19.0601434
            ],
            [
              72.8632486,
              19.059954
            ],
            [
              72.8627448,
              19.0599158
            ]
          ]
        ]
      }
    },
    {
      "type": "Feature",
      "properties": {
        "id": 353159567,
        "name": "Baroda Sun Tower",
        "height": 15.0,
        "min_height": 0.0,
        "building": "yes"
      },
      "geometry": {
        "type": "Polygon",
        "coordinates": [
          [
            [
              72.8636043,
              19.0608412
            ],
            [
              72.8638409,
              19.0607675
            ],
            [
              72.8639817,
              19.0607144
            ],
            [
              72.8640619,
              19.0606695
            ],
            [
              72.8641529,
              19.0606283
            ],
            [
              72.8641337,
              19.0604684
            ],
            [
              72.8639814,
              19.0604779
            ],
            [
              72.8636103,
              19.0606288
            ],
            [
              72.8636043,
              19.0608412
            ]
          ]
        ]
      }
    },
    {
      "type": "Feature",
      "properties": {
        "id": 353162169,
        "name": "BKC Office Block",
        "height": 25.0,
        "min_height": 0.0,
        "building": "yes"
      },
      "geometry": {
        "type": "Polygon",
        "coordinates": [
          [
            [
              72.8771508,
              19.0683867
            ],
            [
              72.8775261,
              19.0686167
            ],
            [
              72.8775829,
              19.0685339
            ],
            [
              72.8772077,
              19.0683039
            ],
            [
              72.8771508,
              19.0683867
            ]
          ]
        ]
      }
    },
    {
      "type": "Feature",
      "properties": {
        "id": 353169960,
        "name": "J P Naik Bhavan",
        "height": 35.0,
        "min_height": 0.0,
        "building": "yes"
      },
      "geometry": {
        "type": "Polygon",
        "coordinates": [
          [
            [
              72.8602,
              19.071736
            ],
            [
              72.8603903,
              19.0719288
            ],
            [
              72.8604495,
              19.0718695
            ],
            [
              72.8602787,
              19.0716746
            ],
            [
              72.8602,
              19.071736
            ]
          ]
        ]
      }
    },
    {
      "type": "Feature",
      "properties": {
        "id": 353169962,
        "name": "Maulana Azad Bhavan",
        "height": 25.0,
        "min_height": 0.0,
        "building": "yes"
      },
      "geometry": {
        "type": "Polygon",
        "coordinates": [
          [
            [
              72.8590782,
              19.0690609
            ],
            [
              72.8592813,
              19.0690702
            ],
            [
              72.8592995,
              19.0687132
            ],
            [
              72.8590964,
              19.0687039
            ],
            [
              72.8590782,
              19.0690609
            ]
          ]
        ]
      }
    },
    {
      "type": "Feature",
      "properties": {
        "id": 353169968,
        "name": "BKC Office Block",
        "height": 70.0,
        "min_height": 0.0,
        "building": "yes"
      },
      "geometry": {
        "type": "Polygon",
        "coordinates": [
          [
            [
              72.8605369,
              19.0710188
            ],
            [
              72.8607597,
              19.0712394
            ],
            [
              72.8608532,
              19.0711639
            ],
            [
              72.8606455,
              19.0709353
            ],
            [
              72.8605369,
              19.0710188
            ]
          ]
        ]
      }
    },
    {
      "type": "Feature",
      "properties": {
        "id": 353169977,
        "name": "IT Park Mumbai University",
        "height": 50.0,
        "min_height": 0.0,
        "building": "yes"
      },
      "geometry": {
        "type": "Polygon",
        "coordinates": [
          [
            [
              72.8600714,
              19.0687737
            ],
            [
              72.8604689,
              19.0684066
            ],
            [
              72.8601458,
              19.0680564
            ],
            [
              72.8600169,
              19.0681577
            ],
            [
              72.8602588,
              19.0683991
            ],
            [
              72.859958,
              19.0686488
            ],
            [
              72.8600714,
              19.0687737
            ]
          ]
        ]
      }
    },
    {
      "type": "Feature",
      "properties": {
        "id": 353169981,
        "name": "BKC Office Block",
        "height": 50.0,
        "min_height": 0.0,
        "building": "yes"
      },
      "geometry": {
        "type": "Polygon",
        "coordinates": [
          [
            [
              72.8622208,
              19.0716809
            ],
            [
              72.8623237,
              19.0716209
            ],
            [
              72.8623051,
              19.0715925
            ],
            [
              72.8623395,
              19.0715724
            ],
            [
              72.862318,
              19.0715395
            ],
            [
              72.8623703,
              19.071509
            ],
            [
              72.8623143,
              19.0714232
            ],
            [
              72.8621247,
              19.0715337
            ],
            [
              72.8622208,
              19.0716809
            ]
          ]
        ]
      }
    },
    {
      "type": "Feature",
      "properties": {
        "id": 353172634,
        "name": "BKC Office Block",
        "height": 35.0,
        "min_height": 0.0,
        "building": "yes"
      },
      "geometry": {
        "type": "Polygon",
        "coordinates": [
          [
            [
              72.8583845,
              19.0666717
            ],
            [
              72.8584023,
              19.0666899
            ],
            [
              72.858387,
              19.0667033
            ],
            [
              72.8584527,
              19.0667703
            ],
            [
              72.8585378,
              19.0666958
            ],
            [
              72.8585525,
              19.0667109
            ],
            [
              72.8586598,
              19.066617
            ],
            [
              72.858747,
              19.066706
            ],
            [
              72.8587752,
              19.0666812
            ],
            [
              72.8588437,
              19.066751
            ],
            [
              72.8589497,
              19.0666582
            ],
            [
              72.8588481,
              19.0665545
            ],
            [
              72.8588038,
              19.0665933
            ],
            [
              72.8586516,
              19.0664379
            ],
            [
              72.8583845,
              19.0666717
            ]
          ]
        ]
      }
    },
    {
      "type": "Feature",
      "properties": {
        "id": 353172637,
        "name": "ICICI Bank",
        "height": 25.0,
        "min_height": 0.0,
        "building": "yes"
      },
      "geometry": {
        "type": "Polygon",
        "coordinates": [
          [
            [
              72.8609284,
              19.063941
            ],
            [
              72.8609821,
              19.0639599
            ],
            [
              72.8611676,
              19.0640965
            ],
            [
              72.8613849,
              19.0641889
            ],
            [
              72.8614643,
              19.0643454
            ],
            [
              72.8615441,
              19.0643317
            ],
            [
              72.8615383,
              19.064302
            ],
            [
              72.8617326,
              19.0642685
            ],
            [
              72.8618014,
              19.0641462
            ],
            [
              72.8617731,
              19.063916
            ],
            [
              72.8612138,
              19.0634822
            ],
            [
              72.8609461,
              19.0635409
            ],
            [
              72.8608769,
              19.0635981
            ],
            [
              72.8608527,
              19.0636853
            ],
            [
              72.8609284,
              19.063941
            ]
          ]
        ]
      }
    },
    {
      "type": "Feature",
      "properties": {
        "id": 353172638,
        "name": "Rajiv Gandhi Institute",
        "height": 15.0,
        "min_height": 0.0,
        "building": "yes"
      },
      "geometry": {
        "type": "Polygon",
        "coordinates": [
          [
            [
              72.8596872,
              19.066555
            ],
            [
              72.8599058,
              19.0664869
            ],
            [
              72.8599285,
              19.0665519
            ],
            [
              72.8599513,
              19.0665448
            ],
            [
              72.8599596,
              19.0665688
            ],
            [
              72.8598975,
              19.0665882
            ],
            [
              72.8599226,
              19.0666604
            ],
            [
              72.8600534,
              19.0666196
            ],
            [
              72.8600126,
              19.0665027
            ],
            [
              72.8600749,
              19.066402
            ],
            [
              72.8600438,
              19.0663867
            ],
            [
              72.8600062,
              19.0663706
            ],
            [
              72.8599796,
              19.0662943
            ],
            [
              72.8598945,
              19.0663223
            ],
            [
              72.8598586,
              19.0663948
            ],
            [
              72.8598648,
              19.0664176
            ],
            [
              72.8597974,
              19.0664386
            ],
            [
              72.859778,
              19.0663827
            ],
            [
              72.8596419,
              19.0664251
            ],
            [
              72.8596872,
              19.066555
            ]
          ]
        ]
      }
    },
    {
      "type": "Feature",
      "properties": {
        "id": 353172639,
        "name": "BKC Office Block",
        "height": 70.0,
        "min_height": 0.0,
        "building": "yes"
      },
      "geometry": {
        "type": "Polygon",
        "coordinates": [
          [
            [
              72.8603449,
              19.06182
            ],
            [
              72.860317,
              19.0617426
            ],
            [
              72.8603557,
              19.0617185
            ],
            [
              72.8602429,
              19.0614667
            ],
            [
              72.8601464,
              19.0614294
            ],
            [
              72.8597766,
              19.0615887
            ],
            [
              72.8597137,
              19.0617466
            ],
            [
              72.8597967,
              19.0619136
            ],
            [
              72.8599438,
              19.0618689
            ],
            [
              72.8598986,
              19.0617639
            ],
            [
              72.8599217,
              19.0617075
            ],
            [
              72.8599813,
              19.0616894
            ],
            [
              72.8600236,
              19.0617552
            ],
            [
              72.8600848,
              19.0617347
            ],
            [
              72.8601256,
              19.0617404
            ],
            [
              72.8601645,
              19.0618188
            ],
            [
              72.8601582,
              19.0618624
            ],
            [
              72.8600399,
              19.0619106
            ],
            [
              72.860107,
              19.0620423
            ],
            [
              72.8602715,
              19.0619768
            ],
            [
              72.8603449,
              19.06182
            ]
          ]
        ]
      }
    },
    {
      "type": "Feature",
      "properties": {
        "id": 353172640,
        "name": "BKC Office Block",
        "height": 25.0,
        "min_height": 0.0,
        "building": "yes"
      },
      "geometry": {
        "type": "Polygon",
        "coordinates": [
          [
            [
              72.8604797,
              19.0634818
            ],
            [
              72.8610206,
              19.0632236
            ],
            [
              72.8606128,
              19.0624603
            ],
            [
              72.8600719,
              19.0627185
            ],
            [
              72.8604797,
              19.0634818
            ]
          ]
        ]
      }
    },
    {
      "type": "Feature",
      "properties": {
        "id": 353172641,
        "name": "BKC Office Block",
        "height": 25.0,
        "min_height": 0.0,
        "building": "yes"
      },
      "geometry": {
        "type": "Polygon",
        "coordinates": [
          [
            [
              72.8603579,
              19.0657007
            ],
            [
              72.8603063,
              19.0652677
            ],
            [
              72.8601128,
              19.0652883
            ],
            [
              72.8601645,
              19.0657213
            ],
            [
              72.8603579,
              19.0657007
            ]
          ]
        ]
      }
    },
    {
      "type": "Feature",
      "properties": {
        "id": 353172642,
        "name": "BKC Office Block",
        "height": 35.0,
        "min_height": 0.0,
        "building": "yes"
      },
      "geometry": {
        "type": "Polygon",
        "coordinates": [
          [
            [
              72.8587738,
              19.0722071
            ],
            [
              72.858919,
              19.0720882
            ],
            [
              72.8586988,
              19.0718479
            ],
            [
              72.8585535,
              19.0719668
            ],
            [
              72.8587738,
              19.0722071
            ]
          ]
        ]
      }
    },
    {
      "type": "Feature",
      "properties": {
        "id": 353172643,
        "name": "BKC Office Block",
        "height": 35.0,
        "min_height": 0.0,
        "building": "yes"
      },
      "geometry": {
        "type": "Polygon",
        "coordinates": [
          [
            [
              72.858809,
              19.0717636
            ],
            [
              72.8590012,
              19.0719908
            ],
            [
              72.8591604,
              19.0718704
            ],
            [
              72.8589682,
              19.0716433
            ],
            [
              72.858809,
              19.0717636
            ]
          ]
        ]
      }
    },
    {
      "type": "Feature",
      "properties": {
        "id": 353172644,
        "name": "Shaheed Bhagat Singh Shikshak Bhavan",
        "height": 70.0,
        "min_height": 0.0,
        "building": "yes"
      },
      "geometry": {
        "type": "Polygon",
        "coordinates": [
          [
            [
              72.8588421,
              19.0702449
            ],
            [
              72.85899,
              19.0703293
            ],
            [
              72.8590551,
              19.0702457
            ],
            [
              72.8589072,
              19.0701492
            ],
            [
              72.8588421,
              19.0702449
            ]
          ]
        ]
      }
    },
    {
      "type": "Feature",
      "properties": {
        "id": 353172645,
        "name": "BKC Office Block",
        "height": 15.0,
        "min_height": 0.0,
        "building": "yes"
      },
      "geometry": {
        "type": "Polygon",
        "coordinates": [
          [
            [
              72.8594028,
              19.0717997
            ],
            [
              72.8596181,
              19.0720377
            ],
            [
              72.8597306,
              19.0719468
            ],
            [
              72.8595153,
              19.0717088
            ],
            [
              72.8594028,
              19.0717997
            ]
          ]
        ]
      }
    },
    {
      "type": "Feature",
      "properties": {
        "id": 353172646,
        "name": "BKC Office Block",
        "height": 15.0,
        "min_height": 0.0,
        "building": "yes"
      },
      "geometry": {
        "type": "Polygon",
        "coordinates": [
          [
            [
              72.8605973,
              19.064811
            ],
            [
              72.8608205,
              19.0649331
            ],
            [
              72.8609262,
              19.0647605
            ],
            [
              72.8607031,
              19.0646384
            ],
            [
              72.8605973,
              19.064811
            ]
          ]
        ]
      }
    },
    {
      "type": "Feature",
      "properties": {
        "id": 353172650,
        "name": "BKC Office Block",
        "height": 25.0,
        "min_height": 0.0,
        "building": "yes"
      },
      "geometry": {
        "type": "Polygon",
        "coordinates": [
          [
            [
              72.8598766,
              19.064385
            ],
            [
              72.8599965,
              19.0644705
            ],
            [
              72.860085,
              19.0643596
            ],
            [
              72.859965,
              19.0642742
            ],
            [
              72.8598766,
              19.064385
            ]
          ]
        ]
      }
    },
    {
      "type": "Feature",
      "properties": {
        "id": 353172651,
        "name": "The Capital",
        "height": 35.0,
        "min_height": 0.0,
        "building": "commercial"
      },
      "geometry": {
        "type": "Polygon",
        "coordinates": [
          [
            [
              72.8624568,
              19.063535
            ],
            [
              72.8617095,
              19.0627483
            ],
            [
              72.8613352,
              19.0630657
            ],
            [
              72.8622245,
              19.0636921
            ],
            [
              72.8624568,
              19.063535
            ]
          ]
        ]
      }
    },
    {
      "type": "Feature",
      "properties": {
        "id": 353172652,
        "name": "BKC Office Block",
        "height": 35.0,
        "min_height": 0.0,
        "building": "yes"
      },
      "geometry": {
        "type": "Polygon",
        "coordinates": [
          [
            [
              72.8592393,
              19.0647766
            ],
            [
              72.8596718,
              19.0647276
            ],
            [
              72.8596283,
              19.0643844
            ],
            [
              72.8591957,
              19.0644335
            ],
            [
              72.8592393,
              19.0647766
            ]
          ]
        ]
      }
    },
    {
      "type": "Feature",
      "properties": {
        "id": 353172653,
        "name": "BKC Office Block",
        "height": 35.0,
        "min_height": 0.0,
        "building": "yes"
      },
      "geometry": {
        "type": "Polygon",
        "coordinates": [
          [
            [
              72.8601585,
              19.0646127
            ],
            [
              72.8604055,
              19.064765
            ],
            [
              72.8606112,
              19.064467
            ],
            [
              72.8605142,
              19.064412
            ],
            [
              72.8605056,
              19.0644259
            ],
            [
              72.8604557,
              19.0643944
            ],
            [
              72.8604673,
              19.0643784
            ],
            [
              72.8603642,
              19.0643147
            ],
            [
              72.8601585,
              19.0646127
            ]
          ]
        ]
      }
    },
    {
      "type": "Feature",
      "properties": {
        "id": 353172655,
        "name": "BKC Office Block",
        "height": 28.0,
        "min_height": 0.0,
        "building": "yes"
      },
      "geometry": {
        "type": "Polygon",
        "coordinates": [
          [
            [
              72.8554578,
              19.0684064
            ],
            [
              72.8555468,
              19.0683155
            ],
            [
              72.8552796,
              19.0680502
            ],
            [
              72.8550788,
              19.0680524
            ],
            [
              72.8550636,
              19.0682052
            ],
            [
              72.8552768,
              19.0682196
            ],
            [
              72.8554578,
              19.0684064
            ]
          ]
        ]
      }
    },
    {
      "type": "Feature",
      "properties": {
        "id": 353172656,
        "name": "BKC Office Block",
        "height": 25.0,
        "min_height": 0.0,
        "building": "yes"
      },
      "geometry": {
        "type": "Polygon",
        "coordinates": [
          [
            [
              72.8554809,
              19.0687454
            ],
            [
              72.8555231,
              19.0687883
            ],
            [
              72.8555589,
              19.0687568
            ],
            [
              72.8556184,
              19.0688172
            ],
            [
              72.8556717,
              19.0687703
            ],
            [
              72.8555699,
              19.068667
            ],
            [
              72.8554809,
              19.0687454
            ]
          ]
        ]
      }
    },
    {
      "type": "Feature",
      "properties": {
        "id": 353172657,
        "name": "BKC Office Block",
        "height": 50.0,
        "min_height": 0.0,
        "building": "yes"
      },
      "geometry": {
        "type": "Polygon",
        "coordinates": [
          [
            [
              72.8580772,
              19.0718699
            ],
            [
              72.8585406,
              19.0723659
            ],
            [
              72.8586924,
              19.0722392
            ],
            [
              72.8583811,
              19.071906
            ],
            [
              72.8583495,
              19.0719324
            ],
            [
              72.8581975,
              19.0717696
            ],
            [
              72.8580772,
              19.0718699
            ]
          ]
        ]
      }
    },
    {
      "type": "Feature",
      "properties": {
        "id": 353172658,
        "name": "BKC Office Block",
        "height": 28.0,
        "min_height": 0.0,
        "building": "yes"
      },
      "geometry": {
        "type": "Polygon",
        "coordinates": [
          [
            [
              72.8548698,
              19.0679604
            ],
            [
              72.8550208,
              19.0678296
            ],
            [
              72.8549079,
              19.0676957
            ],
            [
              72.8549024,
              19.067341
            ],
            [
              72.8546484,
              19.0673285
            ],
            [
              72.8546904,
              19.0677689
            ],
            [
              72.8548698,
              19.0679604
            ]
          ]
        ]
      }
    },
    {
      "type": "Feature",
      "properties": {
        "id": 353172659,
        "name": "BKC Office Block",
        "height": 25.0,
        "min_height": 0.0,
        "building": "yes"
      },
      "geometry": {
        "type": "Polygon",
        "coordinates": [
          [
            [
              72.8606954,
              19.0720747
            ],
            [
              72.8607586,
              19.0720145
            ],
            [
              72.8607194,
              19.0719297
            ],
            [
              72.8607377,
              19.0718883
            ],
            [
              72.8606553,
              19.0717864
            ],
            [
              72.8605767,
              19.0718477
            ],
            [
              72.8606449,
              19.0719448
            ],
            [
              72.8606055,
              19.0719769
            ],
            [
              72.8606954,
              19.0720747
            ]
          ]
        ]
      }
    },
    {
      "type": "Feature",
      "properties": {
        "id": 353172660,
        "name": "KBP Boys Hostel",
        "height": 25.0,
        "min_height": 0.0,
        "building": "yes"
      },
      "geometry": {
        "type": "Polygon",
        "coordinates": [
          [
            [
              72.8598594,
              19.0704871
            ],
            [
              72.860005,
              19.0703495
            ],
            [
              72.8597692,
              19.0700641
            ],
            [
              72.859832,
              19.0700177
            ],
            [
              72.8597465,
              19.069914
            ],
            [
              72.8595842,
              19.0700337
            ],
            [
              72.8598668,
              19.0703759
            ],
            [
              72.8598099,
              19.0704179
            ],
            [
              72.8598594,
              19.0704871
            ]
          ]
        ]
      }
    },
    {
      "type": "Feature",
      "properties": {
        "id": 353172661,
        "name": "BKC Office Block",
        "height": 50.0,
        "min_height": 0.0,
        "building": "yes"
      },
      "geometry": {
        "type": "Polygon",
        "coordinates": [
          [
            [
              72.8562143,
              19.0674316
            ],
            [
              72.8562545,
              19.0674808
            ],
            [
              72.856296,
              19.0674505
            ],
            [
              72.8563325,
              19.0674952
            ],
            [
              72.8563933,
              19.0674508
            ],
            [
              72.8563522,
              19.0674005
            ],
            [
              72.8563906,
              19.0673724
            ],
            [
              72.856355,
              19.0673288
            ],
            [
              72.8562143,
              19.0674316
            ]
          ]
        ]
      }
    },
    {
      "type": "Feature",
      "properties": {
        "id": 353172662,
        "name": "Bank of India",
        "height": 70.0,
        "min_height": 0.0,
        "building": "office"
      },
      "geometry": {
        "type": "Polygon",
        "coordinates": [
          [
            [
              72.8607284,
              19.0607999
            ],
            [
              72.8609445,
              19.06086
            ],
            [
              72.8611921,
              19.0608615
            ],
            [
              72.8614352,
              19.0608005
            ],
            [
              72.8616404,
              19.0606815
            ],
            [
              72.8615044,
              19.0606509
            ],
            [
              72.8612848,
              19.0606222
            ],
            [
              72.8611035,
              19.060645
            ],
            [
              72.8609278,
              19.060696
            ],
            [
              72.8607284,
              19.0607999
            ]
          ]
        ]
      }
    },
    {
      "type": "Feature",
      "properties": {
        "id": 353173927,
        "name": "BKC Office Block",
        "height": 15.0,
        "min_height": 0.0,
        "building": "yes"
      },
      "geometry": {
        "type": "Polygon",
        "coordinates": [
          [
            [
              72.8693001,
              19.0682431
            ],
            [
              72.8693513,
              19.068276
            ],
            [
              72.8693667,
              19.0682546
            ],
            [
              72.8695147,
              19.06835
            ],
            [
              72.8694993,
              19.0683714
            ],
            [
              72.8695394,
              19.0683973
            ],
            [
              72.8696146,
              19.068293
            ],
            [
              72.8695013,
              19.06822
            ],
            [
              72.8694925,
              19.0682322
            ],
            [
              72.8694608,
              19.0682117
            ],
            [
              72.8694696,
              19.0681996
            ],
            [
              72.8693754,
              19.0681388
            ],
            [
              72.8693001,
              19.0682431
            ]
          ]
        ]
      }
    },
    {
      "type": "Feature",
      "properties": {
        "id": 353173929,
        "name": "BKC Office Block",
        "height": 15.0,
        "min_height": 0.0,
        "building": "yes"
      },
      "geometry": {
        "type": "Polygon",
        "coordinates": [
          [
            [
              72.8681079,
              19.0655536
            ],
            [
              72.8681111,
              19.0654994
            ],
            [
              72.8679572,
              19.0654912
            ],
            [
              72.8679551,
              19.0655253
            ],
            [
              72.8678672,
              19.0655207
            ],
            [
              72.8678605,
              19.0656329
            ],
            [
              72.8679494,
              19.0656376
            ],
            [
              72.867946,
              19.0656951
            ],
            [
              72.867966,
              19.0656961
            ],
            [
              72.8679629,
              19.0657487
            ],
            [
              72.8679964,
              19.0657505
            ],
            [
              72.867999,
              19.0657075
            ],
            [
              72.8681171,
              19.0657137
            ],
            [
              72.8681186,
              19.0656892
            ],
            [
              72.8686056,
              19.065715
            ],
            [
              72.8686136,
              19.0655804
            ],
            [
              72.8681079,
              19.0655536
            ]
          ]
        ]
      }
    },
    {
      "type": "Feature",
      "properties": {
        "id": 353173931,
        "name": "BKC Office Block",
        "height": 70.0,
        "min_height": 0.0,
        "building": "yes"
      },
      "geometry": {
        "type": "Polygon",
        "coordinates": [
          [
            [
              72.8695237,
              19.0679971
            ],
            [
              72.8695806,
              19.0680342
            ],
            [
              72.869605,
              19.0680009
            ],
            [
              72.869621,
              19.0680113
            ],
            [
              72.8695938,
              19.0680487
            ],
            [
              72.8696471,
              19.0680834
            ],
            [
              72.8696623,
              19.0680626
            ],
            [
              72.8697205,
              19.0681005
            ],
            [
              72.8697741,
              19.0680271
            ],
            [
              72.8697355,
              19.0680019
            ],
            [
              72.8697713,
              19.0679529
            ],
            [
              72.8697974,
              19.0679699
            ],
            [
              72.8698383,
              19.0679139
            ],
            [
              72.869757,
              19.0678609
            ],
            [
              72.8696753,
              19.0679728
            ],
            [
              72.8695847,
              19.0679137
            ],
            [
              72.8695237,
              19.0679971
            ]
          ]
        ]
      }
    },
    {
      "type": "Feature",
      "properties": {
        "id": 353173936,
        "name": "Platina",
        "height": 15.0,
        "min_height": 0.0,
        "building": "commercial"
      },
      "geometry": {
        "type": "Polygon",
        "coordinates": [
          [
            [
              72.868033,
              19.0684301
            ],
            [
              72.868403,
              19.0686483
            ],
            [
              72.8686619,
              19.0683395
            ],
            [
              72.8682872,
              19.0680896
            ],
            [
              72.868033,
              19.0684301
            ]
          ]
        ]
      }
    },
    {
      "type": "Feature",
      "properties": {
        "id": 353173937,
        "name": "BKC Office Block",
        "height": 70.0,
        "min_height": 0.0,
        "building": "yes"
      },
      "geometry": {
        "type": "Polygon",
        "coordinates": [
          [
            [
              72.8709994,
              19.0549165
            ],
            [
              72.8707716,
              19.055074
            ],
            [
              72.8709408,
              19.0552926
            ],
            [
              72.8711686,
              19.055135
            ],
            [
              72.8709994,
              19.0549165
            ]
          ]
        ]
      }
    },
    {
      "type": "Feature",
      "properties": {
        "id": 353173938,
        "name": "Signature Island",
        "height": 70.0,
        "min_height": 0.0,
        "building": "apartments"
      },
      "geometry": {
        "type": "Polygon",
        "coordinates": [
          [
            [
              72.868862,
              19.0665629
            ],
            [
              72.8694334,
              19.0670851
            ],
            [
              72.8697058,
              19.0668009
            ],
            [
              72.8691197,
              19.0662689
            ],
            [
              72.868862,
              19.0665629
            ]
          ]
        ]
      }
    },
    {
      "type": "Feature",
      "properties": {
        "id": 353173939,
        "name": "BKC Office Block",
        "height": 15.0,
        "min_height": 0.0,
        "building": "yes"
      },
      "geometry": {
        "type": "Polygon",
        "coordinates": [
          [
            [
              72.8707368,
              19.0560985
            ],
            [
              72.8708582,
              19.0560202
            ],
            [
              72.8708338,
              19.0559876
            ],
            [
              72.870888,
              19.0559515
            ],
            [
              72.8709111,
              19.0559824
            ],
            [
              72.8709625,
              19.0559481
            ],
            [
              72.8707971,
              19.0557264
            ],
            [
              72.8705714,
              19.0558768
            ],
            [
              72.8706494,
              19.0559814
            ],
            [
              72.8706769,
              19.0559631
            ],
            [
              72.8707169,
              19.0560168
            ],
            [
              72.8706895,
              19.0560351
            ],
            [
              72.8707368,
              19.0560985
            ]
          ]
        ]
      }
    },
    {
      "type": "Feature",
      "properties": {
        "id": 353173940,
        "name": "BKC Office Block",
        "height": 70.0,
        "min_height": 0.0,
        "building": "yes"
      },
      "geometry": {
        "type": "Polygon",
        "coordinates": [
          [
            [
              72.8716759,
              19.0555048
            ],
            [
              72.8718023,
              19.0552686
            ],
            [
              72.8715413,
              19.0551437
            ],
            [
              72.8714148,
              19.0553798
            ],
            [
              72.8715072,
              19.0554241
            ],
            [
              72.871513,
              19.0554133
            ],
            [
              72.8715441,
              19.0554282
            ],
            [
              72.8715501,
              19.055417
            ],
            [
              72.8715946,
              19.0554383
            ],
            [
              72.8715886,
              19.0554495
            ],
            [
              72.8716123,
              19.0554608
            ],
            [
              72.8716065,
              19.0554716
            ],
            [
              72.8716759,
              19.0555048
            ]
          ]
        ]
      }
    },
    {
      "type": "Feature",
      "properties": {
        "id": 353173941,
        "name": "BKC Office Block",
        "height": 15.0,
        "min_height": 0.0,
        "building": "yes"
      },
      "geometry": {
        "type": "Polygon",
        "coordinates": [
          [
            [
              72.8711833,
              19.0558276
            ],
            [
              72.8714447,
              19.0559421
            ],
            [
              72.8715613,
              19.0557043
            ],
            [
              72.8712998,
              19.0555898
            ],
            [
              72.8711833,
              19.0558276
            ]
          ]
        ]
      }
    },
    {
      "type": "Feature",
      "properties": {
        "id": 353173944,
        "name": "BKC Office Block",
        "height": 15.0,
        "min_height": 0.0,
        "building": "yes"
      },
      "geometry": {
        "type": "Polygon",
        "coordinates": [
          [
            [
              72.8669343,
              19.0588878
            ],
            [
              72.8670487,
              19.0587715
            ],
            [
              72.8670065,
              19.0587344
            ],
            [
              72.8668921,
              19.0588507
            ],
            [
              72.8669343,
              19.0588878
            ]
          ]
        ]
      }
    },
    {
      "type": "Feature",
      "properties": {
        "id": 353173945,
        "name": "BKC Office Block",
        "height": 50.0,
        "min_height": 0.0,
        "building": "yes"
      },
      "geometry": {
        "type": "Polygon",
        "coordinates": [
          [
            [
              72.8713298,
              19.0548852
            ],
            [
              72.8715895,
              19.0550073
            ],
            [
              72.8716566,
              19.0548796
            ],
            [
              72.871397,
              19.0547575
            ],
            [
              72.8713298,
              19.0548852
            ]
          ]
        ]
      }
    },
    {
      "type": "Feature",
      "properties": {
        "id": 353173946,
        "name": "BKC Office Block",
        "height": 35.0,
        "min_height": 0.0,
        "building": "yes"
      },
      "geometry": {
        "type": "Polygon",
        "coordinates": [
          [
            [
              72.8681198,
              19.0654841
            ],
            [
              72.8686466,
              19.0655132
            ],
            [
              72.8686973,
              19.0646922
            ],
            [
              72.8685102,
              19.0646819
            ],
            [
              72.8685057,
              19.064755
            ],
            [
              72.8684496,
              19.0647519
            ],
            [
              72.8684542,
              19.0646788
            ],
            [
              72.8681705,
              19.0646631
            ],
            [
              72.8681198,
              19.0654841
            ]
          ]
        ]
      }
    },
    {
      "type": "Feature",
      "properties": {
        "id": 353173948,
        "name": "BKC Office Block",
        "height": 50.0,
        "min_height": 0.0,
        "building": "yes"
      },
      "geometry": {
        "type": "Polygon",
        "coordinates": [
          [
            [
              72.8667295,
              19.0592028
            ],
            [
              72.8670329,
              19.0596766
            ],
            [
              72.8671803,
              19.0600133
            ],
            [
              72.8676429,
              19.0597967
            ],
            [
              72.8673864,
              19.0593862
            ],
            [
              72.8671921,
              19.058958
            ],
            [
              72.8667295,
              19.0592028
            ]
          ]
        ]
      }
    },
    {
      "type": "Feature",
      "properties": {
        "id": 353173949,
        "name": "BKC Office Block",
        "height": 15.0,
        "min_height": 0.0,
        "building": "yes"
      },
      "geometry": {
        "type": "Polygon",
        "coordinates": [
          [
            [
              72.868691,
              19.0655069
            ],
            [
              72.8689852,
              19.0655305
            ],
            [
              72.8689875,
              19.0655049
            ],
            [
              72.8690454,
              19.0655096
            ],
            [
              72.8690562,
              19.0653898
            ],
            [
              72.8687604,
              19.0653661
            ],
            [
              72.868755,
              19.0654259
            ],
            [
              72.8686987,
              19.0654214
            ],
            [
              72.868691,
              19.0655069
            ]
          ]
        ]
      }
    },
    {
      "type": "Feature",
      "properties": {
        "id": 353181513,
        "name": "BKC Office Block",
        "height": 25.0,
        "min_height": 0.0,
        "building": "yes"
      },
      "geometry": {
        "type": "Polygon",
        "coordinates": [
          [
            [
              72.8522781,
              19.0542703
            ],
            [
              72.8526007,
              19.0545618
            ],
            [
              72.8526938,
              19.0544575
            ],
            [
              72.8523814,
              19.05417
            ],
            [
              72.8522781,
              19.0542703
            ]
          ]
        ]
      }
    },
    {
      "type": "Feature",
      "properties": {
        "id": 353181515,
        "name": "BKC Office Block",
        "height": 50.0,
        "min_height": 0.0,
        "building": "yes"
      },
      "geometry": {
        "type": "Polygon",
        "coordinates": [
          [
            [
              72.8530353,
              19.0603073
            ],
            [
              72.8528939,
              19.0600683
            ],
            [
              72.8527918,
              19.0601223
            ],
            [
              72.8528651,
              19.0602462
            ],
            [
              72.8528316,
              19.0602639
            ],
            [
              72.8528997,
              19.0603789
            ],
            [
              72.8529394,
              19.060358
            ],
            [
              72.8529293,
              19.0603409
            ],
            [
              72.8529833,
              19.0603124
            ],
            [
              72.8529934,
              19.0603294
            ],
            [
              72.8530353,
              19.0603073
            ]
          ]
        ]
      }
    },
    {
      "type": "Feature",
      "properties": {
        "id": 353181519,
        "name": "BKC Office Block",
        "height": 25.0,
        "min_height": 0.0,
        "building": "yes"
      },
      "geometry": {
        "type": "Polygon",
        "coordinates": [
          [
            [
              72.8536361,
              19.0586241
            ],
            [
              72.8536618,
              19.0586448
            ],
            [
              72.8535792,
              19.0587367
            ],
            [
              72.8536147,
              19.0587651
            ],
            [
              72.8536335,
              19.0587442
            ],
            [
              72.8537662,
              19.0588507
            ],
            [
              72.8538726,
              19.0587321
            ],
            [
              72.8538373,
              19.0587039
            ],
            [
              72.8538085,
              19.0587359
            ],
            [
              72.8537132,
              19.0586596
            ],
            [
              72.853742,
              19.0586275
            ],
            [
              72.8536786,
              19.0585767
            ],
            [
              72.8536361,
              19.0586241
            ]
          ]
        ]
      }
    },
    {
      "type": "Feature",
      "properties": {
        "id": 353181530,
        "name": "Securities and Exchange Board of India - SEBI",
        "height": 70.0,
        "min_height": 0.0,
        "building": "office"
      },
      "geometry": {
        "type": "Polygon",
        "coordinates": [
          [
            [
              72.8610983,
              19.0616831
            ],
            [
              72.8610407,
              19.0614201
            ],
            [
              72.8610278,
              19.0613633
            ],
            [
              72.8609968,
              19.0613639
            ],
            [
              72.8609516,
              19.0612749
            ],
            [
              72.8608984,
              19.0612553
            ],
            [
              72.8608162,
              19.0612537
            ],
            [
              72.8607941,
              19.0612161
            ],
            [
              72.8606469,
              19.0612501
            ],
            [
              72.8607268,
              19.0615828
            ],
            [
              72.8607547,
              19.0615841
            ],
            [
              72.8607602,
              19.0616172
            ],
            [
              72.8607867,
              19.0616475
            ],
            [
              72.8608375,
              19.0616515
            ],
            [
              72.8608685,
              19.061617
            ],
            [
              72.8609048,
              19.0616338
            ],
            [
              72.8609271,
              19.0616633
            ],
            [
              72.8609693,
              19.0616842
            ],
            [
              72.8609738,
              19.0617242
            ],
            [
              72.8609926,
              19.0617485
            ],
            [
              72.8610411,
              19.0617512
            ],
            [
              72.861082,
              19.0617135
            ],
            [
              72.8610762,
              19.0616872
            ],
            [
              72.8610983,
              19.0616831
            ]
          ]
        ]
      }
    },
    {
      "type": "Feature",
      "properties": {
        "id": 353181531,
        "name": "BKC Office Block",
        "height": 70.0,
        "min_height": 0.0,
        "building": "yes"
      },
      "geometry": {
        "type": "Polygon",
        "coordinates": [
          [
            [
              72.8595943,
              19.0613096
            ],
            [
              72.8596662,
              19.0613232
            ],
            [
              72.859658,
              19.0613618
            ],
            [
              72.8597137,
              19.0613723
            ],
            [
              72.8597216,
              19.0613346
            ],
            [
              72.8597893,
              19.0613473
            ],
            [
              72.8598101,
              19.0612485
            ],
            [
              72.8597633,
              19.0612397
            ],
            [
              72.8597813,
              19.0611548
            ],
            [
              72.8599031,
              19.0611777
            ],
            [
              72.8599006,
              19.0611895
            ],
            [
              72.8599795,
              19.0612044
            ],
            [
              72.8599689,
              19.0612547
            ],
            [
              72.8600216,
              19.0612646
            ],
            [
              72.8600312,
              19.0612191
            ],
            [
              72.8600845,
              19.0612292
            ],
            [
              72.860169,
              19.0608289
            ],
            [
              72.8601062,
              19.0608288
            ],
            [
              72.860105,
              19.060808
            ],
            [
              72.8600549,
              19.0608003
            ],
            [
              72.8600509,
              19.0608312
            ],
            [
              72.8600129,
              19.0608222
            ],
            [
              72.8599953,
              19.060869
            ],
            [
              72.8600391,
              19.0608704
            ],
            [
              72.8600178,
              19.0609712
            ],
            [
              72.8598113,
              19.0609323
            ],
            [
              72.8598202,
              19.06089
            ],
            [
              72.8597556,
              19.0608778
            ],
            [
              72.8597463,
              19.0609215
            ],
            [
              72.8596937,
              19.0609202
            ],
            [
              72.8595943,
              19.0613096
            ]
          ]
        ]
      }
    },
    {
      "type": "Feature",
      "properties": {
        "id": 353181533,
        "name": "BKC Office Block",
        "height": 50.0,
        "min_height": 0.0,
        "building": "yes"
      },
      "geometry": {
        "type": "Polygon",
        "coordinates": [
          [
            [
              72.8545851,
              19.0600113
            ],
            [
              72.8546826,
              19.0600687
            ],
            [
              72.8547744,
              19.059927
            ],
            [
              72.8546808,
              19.059865
            ],
            [
              72.8545851,
              19.0600113
            ]
          ]
        ]
      }
    },
    {
      "type": "Feature",
      "properties": {
        "id": 353181545,
        "name": "BKC Office Block",
        "height": 25.0,
        "min_height": 0.0,
        "building": "yes"
      },
      "geometry": {
        "type": "Polygon",
        "coordinates": [
          [
            [
              72.8619792,
              19.0604278
            ],
            [
              72.8623331,
              19.0604514
            ],
            [
              72.8623449,
              19.0602942
            ],
            [
              72.8619909,
              19.0602706
            ],
            [
              72.8619792,
              19.0604278
            ]
          ]
        ]
      }
    },
    {
      "type": "Feature",
      "properties": {
        "id": 353181548,
        "name": "BKC Office Block",
        "height": 70.0,
        "min_height": 0.0,
        "building": "yes"
      },
      "geometry": {
        "type": "Polygon",
        "coordinates": [
          [
            [
              72.8535954,
              19.0600108
            ],
            [
              72.8534322,
              19.0597436
            ],
            [
              72.8533403,
              19.0597937
            ],
            [
              72.8535035,
              19.0600609
            ],
            [
              72.8535954,
              19.0600108
            ]
          ]
        ]
      }
    },
    {
      "type": "Feature",
      "properties": {
        "id": 353181549,
        "name": "BKC Office Block",
        "height": 42.0,
        "min_height": 0.0,
        "building": "yes"
      },
      "geometry": {
        "type": "Polygon",
        "coordinates": [
          [
            [
              72.8519338,
              19.0660479
            ],
            [
              72.8520547,
              19.0661067
            ],
            [
              72.8524798,
              19.0653265
            ],
            [
              72.852359,
              19.0652677
            ],
            [
              72.8519338,
              19.0660479
            ]
          ]
        ]
      }
    },
    {
      "type": "Feature",
      "properties": {
        "id": 353181550,
        "name": "BKC Office Block",
        "height": 15.0,
        "min_height": 0.0,
        "building": "yes"
      },
      "geometry": {
        "type": "Polygon",
        "coordinates": [
          [
            [
              72.8526308,
              19.0603736
            ],
            [
              72.8527452,
              19.060314
            ],
            [
              72.8526203,
              19.0600996
            ],
            [
              72.8525058,
              19.0601591
            ],
            [
              72.8526308,
              19.0603736
            ]
          ]
        ]
      }
    },
    {
      "type": "Feature",
      "properties": {
        "id": 353181555,
        "name": "BKC Office Block",
        "height": 42.0,
        "min_height": 0.0,
        "building": "yes"
      },
      "geometry": {
        "type": "Polygon",
        "coordinates": [
          [
            [
              72.8521213,
              19.0661515
            ],
            [
              72.8522561,
              19.0662171
            ],
            [
              72.8526849,
              19.0654302
            ],
            [
              72.8525501,
              19.0653646
            ],
            [
              72.8521213,
              19.0661515
            ]
          ]
        ]
      }
    },
    {
      "type": "Feature",
      "properties": {
        "id": 353181556,
        "name": "BKC Office Block",
        "height": 70.0,
        "min_height": 0.0,
        "building": "yes"
      },
      "geometry": {
        "type": "Polygon",
        "coordinates": [
          [
            [
              72.8540964,
              19.0604927
            ],
            [
              72.8542521,
              19.0605756
            ],
            [
              72.8543187,
              19.0604638
            ],
            [
              72.854163,
              19.0603809
            ],
            [
              72.8540964,
              19.0604927
            ]
          ]
        ]
      }
    },
    {
      "type": "Feature",
      "properties": {
        "id": 353181557,
        "name": "BKC Office Block",
        "height": 28.0,
        "min_height": 0.0,
        "building": "yes"
      },
      "geometry": {
        "type": "Polygon",
        "coordinates": [
          [
            [
              72.861979,
              19.0607984
            ],
            [
              72.8623651,
              19.0608241
            ],
            [
              72.862379,
              19.0606379
            ],
            [
              72.8619929,
              19.0606122
            ],
            [
              72.861979,
              19.0607984
            ]
          ]
        ]
      }
    },
    {
      "type": "Feature",
      "properties": {
        "id": 353181565,
        "name": "Gaudiya Mission Radha Krishna Mandir",
        "height": 35.0,
        "min_height": 0.0,
        "building": "yes"
      },
      "geometry": {
        "type": "Polygon",
        "coordinates": [
          [
            [
              72.8533232,
              19.0590689
            ],
            [
              72.8534685,
              19.0591892
            ],
            [
              72.8536318,
              19.0590129
            ],
            [
              72.8534866,
              19.0588926
            ],
            [
              72.8533232,
              19.0590689
            ]
          ]
        ]
      }
    },
    {
      "type": "Feature",
      "properties": {
        "id": 353181566,
        "name": "BKC Office Block",
        "height": 70.0,
        "min_height": 0.0,
        "building": "yes"
      },
      "geometry": {
        "type": "Polygon",
        "coordinates": [
          [
            [
              72.8534897,
              19.0606444
            ],
            [
              72.8536993,
              19.060628
            ],
            [
              72.8536871,
              19.0604885
            ],
            [
              72.8534775,
              19.0605049
            ],
            [
              72.8534897,
              19.0606444
            ]
          ]
        ]
      }
    },
    {
      "type": "Feature",
      "properties": {
        "id": 353181575,
        "name": "BKC Office Block",
        "height": 25.0,
        "min_height": 0.0,
        "building": "yes"
      },
      "geometry": {
        "type": "Polygon",
        "coordinates": [
          [
            [
              72.8532247,
              19.0584858
            ],
            [
              72.8534199,
              19.0586493
            ],
            [
              72.8535375,
              19.0585239
            ],
            [
              72.8533218,
              19.0583431
            ],
            [
              72.8532989,
              19.0583675
            ],
            [
              72.8533195,
              19.0583848
            ],
            [
              72.8532247,
              19.0584858
            ]
          ]
        ]
      }
    },
    {
      "type": "Feature",
      "properties": {
        "id": 353181580,
        "name": "Mumbai Metropolitan Region Development Authority",
        "height": 50.0,
        "min_height": 0.0,
        "building": "yes"
      },
      "geometry": {
        "type": "Polygon",
        "coordinates": [
          [
            [
              72.8519676,
              19.0539209
            ],
            [
              72.8520965,
              19.0540473
            ],
            [
              72.8522547,
              19.0539098
            ],
            [
              72.8525006,
              19.0541253
            ],
            [
              72.8526364,
              19.0539772
            ],
            [
              72.8522746,
              19.0536594
            ],
            [
              72.8519676,
              19.0539209
            ]
          ]
        ]
      }
    },
    {
      "type": "Feature",
      "properties": {
        "id": 353181581,
        "name": "Securities Exchange Board of India",
        "height": 25.0,
        "min_height": 0.0,
        "building": "commercial"
      },
      "geometry": {
        "type": "Polygon",
        "coordinates": [
          [
            [
              72.8608499,
              19.0595132
            ],
            [
              72.8611932,
              19.0595438
            ],
            [
              72.8613379,
              19.0595149
            ],
            [
              72.8614969,
              19.0593774
            ],
            [
              72.861773,
              19.0593482
            ],
            [
              72.8618063,
              19.059053
            ],
            [
              72.8611918,
              19.0590075
            ],
            [
              72.8608765,
              19.059186
            ],
            [
              72.8608499,
              19.0595132
            ]
          ]
        ]
      }
    },
    {
      "type": "Feature",
      "properties": {
        "id": 353181585,
        "name": "BKC Office Block",
        "height": 50.0,
        "min_height": 0.0,
        "building": "yes"
      },
      "geometry": {
        "type": "Polygon",
        "coordinates": [
          [
            [
              72.8613975,
              19.0616612
            ],
            [
              72.8614995,
              19.0616511
            ],
            [
              72.861605,
              19.0616438
            ],
            [
              72.861604,
              19.0613286
            ],
            [
              72.8615975,
              19.0612962
            ],
            [
              72.86146,
              19.0612907
            ],
            [
              72.8614312,
              19.0613066
            ],
            [
              72.8614231,
              19.0613383
            ],
            [
              72.8613975,
              19.0616612
            ]
          ]
        ]
      }
    },
    {
      "type": "Feature",
      "properties": {
        "id": 353181586,
        "name": "BKC Office Block",
        "height": 25.0,
        "min_height": 0.0,
        "building": "yes"
      },
      "geometry": {
        "type": "Polygon",
        "coordinates": [
          [
            [
              72.8586428,
              19.0654646
            ],
            [
              72.8587191,
              19.0654566
            ],
            [
              72.8587288,
              19.065539
            ],
            [
              72.8592203,
              19.0654874
            ],
            [
              72.8592103,
              19.065402
            ],
            [
              72.8592786,
              19.0653949
            ],
            [
              72.8592512,
              19.0651616
            ],
            [
              72.858615,
              19.0652284
            ],
            [
              72.8586428,
              19.0654646
            ]
          ]
        ]
      }
    },
    {
      "type": "Feature",
      "properties": {
        "id": 353181589,
        "name": "BKC Office Block",
        "height": 35.0,
        "min_height": 0.0,
        "building": "yes"
      },
      "geometry": {
        "type": "Polygon",
        "coordinates": [
          [
            [
              72.8526419,
              19.0609405
            ],
            [
              72.8527705,
              19.0608945
            ],
            [
              72.852664,
              19.0606289
            ],
            [
              72.8527595,
              19.0605947
            ],
            [
              72.8526812,
              19.0603994
            ],
            [
              72.8525846,
              19.0604339
            ],
            [
              72.8524867,
              19.0601898
            ],
            [
              72.8523593,
              19.0602355
            ],
            [
              72.8526419,
              19.0609405
            ]
          ]
        ]
      }
    },
    {
      "type": "Feature",
      "properties": {
        "id": 353181871,
        "name": "BKC Office Block",
        "height": 25.0,
        "min_height": 0.0,
        "building": "yes"
      },
      "geometry": {
        "type": "Polygon",
        "coordinates": [
          [
            [
              72.8717306,
              19.0706647
            ],
            [
              72.8719104,
              19.0706008
            ],
            [
              72.871883,
              19.0705318
            ],
            [
              72.8719972,
              19.0704912
            ],
            [
              72.8720244,
              19.0705596
            ],
            [
              72.8722011,
              19.0704968
            ],
            [
              72.87214,
              19.0703431
            ],
            [
              72.8721124,
              19.0703529
            ],
            [
              72.8720915,
              19.0703002
            ],
            [
              72.8721327,
              19.0702856
            ],
            [
              72.8720695,
              19.0701267
            ],
            [
              72.8721191,
              19.070109
            ],
            [
              72.8720595,
              19.069959
            ],
            [
              72.871453,
              19.0701744
            ],
            [
              72.8715267,
              19.07036
            ],
            [
              72.8716587,
              19.0703131
            ],
            [
              72.8716749,
              19.0703538
            ],
            [
              72.8716127,
              19.0703759
            ],
            [
              72.8716446,
              19.0704563
            ],
            [
              72.871685,
              19.0704419
            ],
            [
              72.8717052,
              19.0704927
            ],
            [
              72.8716676,
              19.0705061
            ],
            [
              72.8717306,
              19.0706647
            ]
          ]
        ]
      }
    },
    {
      "type": "Feature",
      "properties": {
        "id": 353181885,
        "name": "BKC Office Block",
        "height": 25.0,
        "min_height": 0.0,
        "building": "yes"
      },
      "geometry": {
        "type": "Polygon",
        "coordinates": [
          [
            [
              72.8717849,
              19.069902
            ],
            [
              72.8720024,
              19.0698249
            ],
            [
              72.871969,
              19.0697407
            ],
            [
              72.8718208,
              19.0697932
            ],
            [
              72.8717773,
              19.0696836
            ],
            [
              72.871708,
              19.0697082
            ],
            [
              72.8717849,
              19.069902
            ]
          ]
        ]
      }
    },
    {
      "type": "Feature",
      "properties": {
        "id": 353184116,
        "name": "BKC Office Block",
        "height": 70.0,
        "min_height": 0.0,
        "building": "yes"
      },
      "geometry": {
        "type": "Polygon",
        "coordinates": [
          [
            [
              72.8683937,
              19.0715377
            ],
            [
              72.868514,
              19.0713599
            ],
            [
              72.8684772,
              19.0713377
            ],
            [
              72.8684844,
              19.0713271
            ],
            [
              72.8685212,
              19.0713493
            ],
            [
              72.8685678,
              19.0712805
            ],
            [
              72.8685186,
              19.0712508
            ],
            [
              72.8685013,
              19.0712764
            ],
            [
              72.8684891,
              19.071269
            ],
            [
              72.8685064,
              19.0712434
            ],
            [
              72.8684671,
              19.0712197
            ],
            [
              72.8684201,
              19.0712892
            ],
            [
              72.8684582,
              19.0713122
            ],
            [
              72.8684484,
              19.0713266
            ],
            [
              72.8684103,
              19.0713036
            ],
            [
              72.8682932,
              19.0714768
            ],
            [
              72.8683312,
              19.0714998
            ],
            [
              72.8683579,
              19.0714603
            ],
            [
              72.8683765,
              19.0714716
            ],
            [
              72.8683498,
              19.0715111
            ],
            [
              72.8683937,
              19.0715377
            ]
          ]
        ]
      }
    },
    {
      "type": "Feature",
      "properties": {
        "id": 353184118,
        "name": "BKC Office Block",
        "height": 15.0,
        "min_height": 0.0,
        "building": "yes"
      },
      "geometry": {
        "type": "Polygon",
        "coordinates": [
          [
            [
              72.8682536,
              19.0714458
            ],
            [
              72.8682837,
              19.0714013
            ],
            [
              72.8683138,
              19.0713569
            ],
            [
              72.8683739,
              19.071268
            ],
            [
              72.8683372,
              19.0712458
            ],
            [
              72.8683443,
              19.0712353
            ],
            [
              72.868381,
              19.0712574
            ],
            [
              72.8684043,
              19.071223
            ],
            [
              72.8684276,
              19.0711886
            ],
            [
              72.8683785,
              19.0711589
            ],
            [
              72.8683612,
              19.0711845
            ],
            [
              72.8683489,
              19.0711771
            ],
            [
              72.8683663,
              19.0711515
            ],
            [
              72.868327,
              19.0711278
            ],
            [
              72.8683035,
              19.0711625
            ],
            [
              72.86828,
              19.0711973
            ],
            [
              72.8683181,
              19.0712203
            ],
            [
              72.8683083,
              19.0712348
            ],
            [
              72.8682683,
              19.0712106
            ],
            [
              72.8682097,
              19.0712972
            ],
            [
              72.8681804,
              19.0713405
            ],
            [
              72.8681512,
              19.0713838
            ],
            [
              72.8681911,
              19.0714079
            ],
            [
              72.8682178,
              19.0713685
            ],
            [
              72.8682364,
              19.0713797
            ],
            [
              72.8682097,
              19.0714192
            ],
            [
              72.8682536,
              19.0714458
            ]
          ]
        ]
      }
    },
    {
      "type": "Feature",
      "properties": {
        "id": 353184121,
        "name": "BKC Office Block",
        "height": 35.0,
        "min_height": 0.0,
        "building": "yes"
      },
      "geometry": {
        "type": "Polygon",
        "coordinates": [
          [
            [
              72.8686681,
              19.0716607
            ],
            [
              72.8686901,
              19.0716299
            ],
            [
              72.868653,
              19.0716063
            ],
            [
              72.8686617,
              19.0715942
            ],
            [
              72.8686988,
              19.0716178
            ],
            [
              72.8687621,
              19.0715291
            ],
            [
              72.8687229,
              19.0715041
            ],
            [
              72.8687303,
              19.0714938
            ],
            [
              72.8687695,
              19.0715188
            ],
            [
              72.8688206,
              19.0714472
            ],
            [
              72.8687695,
              19.0714146
            ],
            [
              72.8687524,
              19.0714385
            ],
            [
              72.868738,
              19.0714293
            ],
            [
              72.868755,
              19.0714054
            ],
            [
              72.8687195,
              19.0713827
            ],
            [
              72.8686691,
              19.0714534
            ],
            [
              72.8687001,
              19.0714732
            ],
            [
              72.8686908,
              19.0714862
            ],
            [
              72.8686597,
              19.0714664
            ],
            [
              72.868636,
              19.0714995
            ],
            [
              72.8686697,
              19.071521
            ],
            [
              72.8686527,
              19.0715449
            ],
            [
              72.8687063,
              19.0715791
            ],
            [
              72.8687001,
              19.0715878
            ],
            [
              72.8686337,
              19.0715455
            ],
            [
              72.8686482,
              19.0715253
            ],
            [
              72.8686272,
              19.0715119
            ],
            [
              72.8685962,
              19.0715554
            ],
            [
              72.8686338,
              19.0715794
            ],
            [
              72.8686282,
              19.0715872
            ],
            [
              72.8685906,
              19.0715633
            ],
            [
              72.868567,
              19.0715963
            ],
            [
              72.8686681,
              19.0716607
            ]
          ]
        ]
      }
    },
    {
      "type": "Feature",
      "properties": {
        "id": 353184122,
        "name": "BKC Office Block",
        "height": 25.0,
        "min_height": 0.0,
        "building": "yes"
      },
      "geometry": {
        "type": "Polygon",
        "coordinates": [
          [
            [
              72.8685292,
              19.0716065
            ],
            [
              72.8686788,
              19.0713829
            ],
            [
              72.8686367,
              19.0713578
            ],
            [
              72.8686206,
              19.0713819
            ],
            [
              72.8685992,
              19.0713692
            ],
            [
              72.8686154,
              19.071345
            ],
            [
              72.8685754,
              19.0713212
            ],
            [
              72.8684259,
              19.0715448
            ],
            [
              72.8685292,
              19.0716065
            ]
          ]
        ]
      }
    },
    {
      "type": "Feature",
      "properties": {
        "id": 353192980,
        "name": "BKC Office Block",
        "height": 50.0,
        "min_height": 0.0,
        "building": "yes"
      },
      "geometry": {
        "type": "Polygon",
        "coordinates": [
          [
            [
              72.8684558,
              19.0719986
            ],
            [
              72.8684968,
              19.0720256
            ],
            [
              72.8685169,
              19.0719984
            ],
            [
              72.8685884,
              19.0720456
            ],
            [
              72.8687505,
              19.0718261
            ],
            [
              72.8687064,
              19.071797
            ],
            [
              72.8686893,
              19.0718202
            ],
            [
              72.8686674,
              19.0718058
            ],
            [
              72.8686842,
              19.0717831
            ],
            [
              72.8686376,
              19.0717523
            ],
            [
              72.8684558,
              19.0719986
            ]
          ]
        ]
      }
    },
    {
      "type": "Feature",
      "properties": {
        "id": 353192981,
        "name": "BKC Office Block",
        "height": 25.0,
        "min_height": 0.0,
        "building": "yes"
      },
      "geometry": {
        "type": "Polygon",
        "coordinates": [
          [
            [
              72.865286,
              19.0715728
            ],
            [
              72.8654593,
              19.0712183
            ],
            [
              72.8653965,
              19.0711908
            ],
            [
              72.8653667,
              19.0712518
            ],
            [
              72.8652738,
              19.0712113
            ],
            [
              72.8652555,
              19.0712486
            ],
            [
              72.8651876,
              19.071219
            ],
            [
              72.8651147,
              19.0713682
            ],
            [
              72.8651829,
              19.071398
            ],
            [
              72.8651527,
              19.0714598
            ],
            [
              72.8652408,
              19.0714982
            ],
            [
              72.8652187,
              19.0715434
            ],
            [
              72.865286,
              19.0715728
            ]
          ]
        ]
      }
    },
    {
      "type": "Feature",
      "properties": {
        "id": 353192982,
        "name": "BKC Office Block",
        "height": 15.0,
        "min_height": 0.0,
        "building": "yes"
      },
      "geometry": {
        "type": "Polygon",
        "coordinates": [
          [
            [
              72.8683513,
              19.0719267
            ],
            [
              72.8683853,
              19.0719503
            ],
            [
              72.8684068,
              19.0719227
            ],
            [
              72.8684291,
              19.0719383
            ],
            [
              72.8684076,
              19.0719658
            ],
            [
              72.8684482,
              19.0719941
            ],
            [
              72.8686385,
              19.07175
            ],
            [
              72.8686022,
              19.0717247
            ],
            [
              72.8685824,
              19.0717501
            ],
            [
              72.8685577,
              19.0717329
            ],
            [
              72.8685775,
              19.0717075
            ],
            [
              72.8685417,
              19.0716825
            ],
            [
              72.8683513,
              19.0719267
            ]
          ]
        ]
      }
    },
    {
      "type": "Feature",
      "properties": {
        "id": 353192983,
        "name": "BKC Office Block",
        "height": 35.0,
        "min_height": 0.0,
        "building": "yes"
      },
      "geometry": {
        "type": "Polygon",
        "coordinates": [
          [
            [
              72.8681797,
              19.0718808
            ],
            [
              72.8682158,
              19.0719059
            ],
            [
              72.8682375,
              19.0718779
            ],
            [
              72.868265,
              19.071897
            ],
            [
              72.8682432,
              19.071925
            ],
            [
              72.8682804,
              19.0719508
            ],
            [
              72.8684735,
              19.0717029
            ],
            [
              72.8684326,
              19.0716744
            ],
            [
              72.8684095,
              19.071704
            ],
            [
              72.8683925,
              19.0716921
            ],
            [
              72.8684145,
              19.0716638
            ],
            [
              72.8683718,
              19.0716341
            ],
            [
              72.8681797,
              19.0718808
            ]
          ]
        ]
      }
    },
    {
      "type": "Feature",
      "properties": {
        "id": 353192984,
        "name": "BKC Office Block",
        "height": 15.0,
        "min_height": 0.0,
        "building": "yes"
      },
      "geometry": {
        "type": "Polygon",
        "coordinates": [
          [
            [
              72.8639784,
              19.0711451
            ],
            [
              72.864223,
              19.0712464
            ],
            [
              72.8642572,
              19.071167
            ],
            [
              72.8643047,
              19.0711872
            ],
            [
              72.8643552,
              19.0711138
            ],
            [
              72.8643628,
              19.0710569
            ],
            [
              72.8643095,
              19.071032
            ],
            [
              72.864348,
              19.0709566
            ],
            [
              72.8641571,
              19.0708689
            ],
            [
              72.8641041,
              19.0709734
            ],
            [
              72.8640822,
              19.0709647
            ],
            [
              72.8640682,
              19.0709974
            ],
            [
              72.8640365,
              19.0709765
            ],
            [
              72.8638596,
              19.0710484
            ],
            [
              72.8639961,
              19.0711037
            ],
            [
              72.8639784,
              19.0711451
            ]
          ]
        ]
      }
    },
    {
      "type": "Feature",
      "properties": {
        "id": 353192988,
        "name": "BKC Office Block",
        "height": 50.0,
        "min_height": 0.0,
        "building": "yes"
      },
      "geometry": {
        "type": "Polygon",
        "coordinates": [
          [
            [
              72.8632959,
              19.0694575
            ],
            [
              72.8631512,
              19.0695631
            ],
            [
              72.8632135,
              19.0697912
            ],
            [
              72.8632953,
              19.0697765
            ],
            [
              72.8633008,
              19.0698305
            ],
            [
              72.8633715,
              19.0698266
            ],
            [
              72.8633674,
              19.0697727
            ],
            [
              72.8634041,
              19.0697688
            ],
            [
              72.8634095,
              19.0698189
            ],
            [
              72.8634802,
              19.0698164
            ],
            [
              72.8634734,
              19.0697611
            ],
            [
              72.8634911,
              19.0697611
            ],
            [
              72.8634978,
              19.0698038
            ],
            [
              72.8635604,
              19.0697919
            ],
            [
              72.8635586,
              19.0697538
            ],
            [
              72.8636019,
              19.0697457
            ],
            [
              72.8635412,
              19.0695107
            ],
            [
              72.8634847,
              19.0694336
            ],
            [
              72.863461,
              19.0693539
            ],
            [
              72.8632761,
              19.0694001
            ],
            [
              72.8632959,
              19.0694575
            ]
          ]
        ]
      }
    },
    {
      "type": "Feature",
      "properties": {
        "id": 353192990,
        "name": "BKC Office Block",
        "height": 70.0,
        "min_height": 0.0,
        "building": "yes"
      },
      "geometry": {
        "type": "Polygon",
        "coordinates": [
          [
            [
              72.8635408,
              19.0707956
            ],
            [
              72.8636549,
              19.070995
            ],
            [
              72.8637157,
              19.070964
            ],
            [
              72.8637331,
              19.0709945
            ],
            [
              72.8638519,
              19.0709338
            ],
            [
              72.8638344,
              19.0709033
            ],
            [
              72.8640723,
              19.0707817
            ],
            [
              72.8639582,
              19.0705823
            ],
            [
              72.8635408,
              19.0707956
            ]
          ]
        ]
      }
    },
    {
      "type": "Feature",
      "properties": {
        "id": 353192992,
        "name": "BKC Office Block",
        "height": 25.0,
        "min_height": 0.0,
        "building": "yes"
      },
      "geometry": {
        "type": "Polygon",
        "coordinates": [
          [
            [
              72.8678935,
              19.0717292
            ],
            [
              72.8681457,
              19.0718711
            ],
            [
              72.8683156,
              19.0716013
            ],
            [
              72.8680635,
              19.0714594
            ],
            [
              72.8678935,
              19.0717292
            ]
          ]
        ]
      }
    },
    {
      "type": "Feature",
      "properties": {
        "id": 353192993,
        "name": "BKC Office Block",
        "height": 50.0,
        "min_height": 0.0,
        "building": "yes"
      },
      "geometry": {
        "type": "Polygon",
        "coordinates": [
          [
            [
              72.8637604,
              19.0699279
            ],
            [
              72.8639449,
              19.0700278
            ],
            [
              72.8640424,
              19.0698671
            ],
            [
              72.8638578,
              19.0697671
            ],
            [
              72.8637604,
              19.0699279
            ]
          ]
        ]
      }
    },
    {
      "type": "Feature",
      "properties": {
        "id": 353192998,
        "name": "BKC Office Block",
        "height": 35.0,
        "min_height": 0.0,
        "building": "yes"
      },
      "geometry": {
        "type": "Polygon",
        "coordinates": [
          [
            [
              72.8688794,
              19.0720623
            ],
            [
              72.8689759,
              19.0719005
            ],
            [
              72.8688112,
              19.0718128
            ],
            [
              72.8687796,
              19.0718659
            ],
            [
              72.8688779,
              19.0719182
            ],
            [
              72.8688313,
              19.0719964
            ],
            [
              72.8688491,
              19.0720059
            ],
            [
              72.8688309,
              19.0720365
            ],
            [
              72.8688794,
              19.0720623
            ]
          ]
        ]
      }
    },
    {
      "type": "Feature",
      "properties": {
        "id": 353193003,
        "name": "BKC Office Block",
        "height": 70.0,
        "min_height": 0.0,
        "building": "yes"
      },
      "geometry": {
        "type": "Polygon",
        "coordinates": [
          [
            [
              72.8689564,
              19.0717908
            ],
            [
              72.8692064,
              19.071918
            ],
            [
              72.8693278,
              19.0717048
            ],
            [
              72.8690779,
              19.0715776
            ],
            [
              72.8689564,
              19.0717908
            ]
          ]
        ]
      }
    },
    {
      "type": "Feature",
      "properties": {
        "id": 353193004,
        "name": "BKC Office Block",
        "height": 70.0,
        "min_height": 0.0,
        "building": "yes"
      },
      "geometry": {
        "type": "Polygon",
        "coordinates": [
          [
            [
              72.8644806,
              19.0709968
            ],
            [
              72.8647933,
              19.0712024
            ],
            [
              72.8648768,
              19.0710889
            ],
            [
              72.8646044,
              19.0709098
            ],
            [
              72.8645805,
              19.0709422
            ],
            [
              72.8645402,
              19.0709157
            ],
            [
              72.8644806,
              19.0709968
            ]
          ]
        ]
      }
    },
    {
      "type": "Feature",
      "properties": {
        "id": 353193020,
        "name": "BKC Office Block",
        "height": 52.5,
        "min_height": 0.0,
        "building": "yes"
      },
      "geometry": {
        "type": "Polygon",
        "coordinates": [
          [
            [
              72.8633323,
              19.0704994
            ],
            [
              72.863583,
              19.0704539
            ],
            [
              72.863485,
              19.0699706
            ],
            [
              72.8632342,
              19.070016
            ],
            [
              72.8633323,
              19.0704994
            ]
          ]
        ]
      }
    },
    {
      "type": "Feature",
      "properties": {
        "id": 353193022,
        "name": "BKC Office Block",
        "height": 35.0,
        "min_height": 0.0,
        "building": "yes"
      },
      "geometry": {
        "type": "Polygon",
        "coordinates": [
          [
            [
              72.8642577,
              19.0713113
            ],
            [
              72.8644334,
              19.0713988
            ],
            [
              72.8644374,
              19.0713378
            ],
            [
              72.8644228,
              19.0712756
            ],
            [
              72.8643989,
              19.0712417
            ],
            [
              72.8642577,
              19.0713113
            ]
          ]
        ]
      }
    },
    {
      "type": "Feature",
      "properties": {
        "id": 353193024,
        "name": "BKC Office Block",
        "height": 50.0,
        "min_height": 0.0,
        "building": "yes"
      },
      "geometry": {
        "type": "Polygon",
        "coordinates": [
          [
            [
              72.8639883,
              19.0704497
            ],
            [
              72.8643806,
              19.0706308
            ],
            [
              72.8643498,
              19.0706904
            ],
            [
              72.8645979,
              19.070805
            ],
            [
              72.8646246,
              19.0707713
            ],
            [
              72.8646362,
              19.0707308
            ],
            [
              72.8646755,
              19.070746
            ],
            [
              72.8647085,
              19.0707642
            ],
            [
              72.8647832,
              19.0706195
            ],
            [
              72.8647039,
              19.0705829
            ],
            [
              72.864779,
              19.0704377
            ],
            [
              72.8640931,
              19.0701212
            ],
            [
              72.8640535,
              19.070198
            ],
            [
              72.8641058,
              19.0702221
            ],
            [
              72.8639883,
              19.0704497
            ]
          ]
        ]
      }
    },
    {
      "type": "Feature",
      "properties": {
        "id": 353193029,
        "name": "BKC Office Block",
        "height": 70.0,
        "min_height": 0.0,
        "building": "yes"
      },
      "geometry": {
        "type": "Polygon",
        "coordinates": [
          [
            [
              72.8689316,
              19.0722354
            ],
            [
              72.8691002,
              19.0719617
            ],
            [
              72.8689962,
              19.0719045
            ],
            [
              72.8688277,
              19.0721782
            ],
            [
              72.8688649,
              19.0721987
            ],
            [
              72.8688817,
              19.0721715
            ],
            [
              72.8689088,
              19.0721864
            ],
            [
              72.868892,
              19.0722136
            ],
            [
              72.8689316,
              19.0722354
            ]
          ]
        ]
      }
    },
    {
      "type": "Feature",
      "properties": {
        "id": 353193231,
        "name": "Yashashree CHS",
        "height": 35.0,
        "min_height": 0.0,
        "building": "apartments"
      },
      "geometry": {
        "type": "Polygon",
        "coordinates": [
          [
            [
              72.853466,
              19.0617113
            ],
            [
              72.8537311,
              19.06185
            ],
            [
              72.8537845,
              19.0617589
            ],
            [
              72.8535194,
              19.0616201
            ],
            [
              72.853466,
              19.0617113
            ]
          ]
        ]
      }
    },
    {
      "type": "Feature",
      "properties": {
        "id": 353193234,
        "name": "BKC Office Block",
        "height": 50.0,
        "min_height": 0.0,
        "building": "yes"
      },
      "geometry": {
        "type": "Polygon",
        "coordinates": [
          [
            [
              72.8534466,
              19.0619786
            ],
            [
              72.8536087,
              19.0620486
            ],
            [
              72.8536658,
              19.0619304
            ],
            [
              72.8535037,
              19.0618604
            ],
            [
              72.8534466,
              19.0619786
            ]
          ]
        ]
      }
    },
    {
      "type": "Feature",
      "properties": {
        "id": 353198417,
        "name": "BKC Office Block",
        "height": 15.0,
        "min_height": 0.0,
        "building": "yes"
      },
      "geometry": {
        "type": "Polygon",
        "coordinates": [
          [
            [
              72.8596659,
              19.0657105
            ],
            [
              72.8597828,
              19.0657908
            ],
            [
              72.859872,
              19.0656754
            ],
            [
              72.85984,
              19.0656438
            ],
            [
              72.8599542,
              19.065496
            ],
            [
              72.8598992,
              19.0654531
            ],
            [
              72.8598837,
              19.0653035
            ],
            [
              72.8599193,
              19.0652583
            ],
            [
              72.8596801,
              19.0650606
            ],
            [
              72.8595316,
              19.0652628
            ],
            [
              72.8595361,
              19.0653294
            ],
            [
              72.8595783,
              19.0653624
            ],
            [
              72.8596483,
              19.0653592
            ],
            [
              72.8596694,
              19.0654864
            ],
            [
              72.859594,
              19.0655005
            ],
            [
              72.8595634,
              19.0655359
            ],
            [
              72.8595742,
              19.0656072
            ],
            [
              72.8596653,
              19.0656746
            ],
            [
              72.8596659,
              19.0657105
            ]
          ]
        ]
      }
    },
    {
      "type": "Feature",
      "properties": {
        "id": 353198431,
        "name": "MTNL Quarters",
        "height": 25.0,
        "min_height": 0.0,
        "building": "apartments"
      },
      "geometry": {
        "type": "Polygon",
        "coordinates": [
          [
            [
              72.8564145,
              19.0663019
            ],
            [
              72.8565776,
              19.0662207
            ],
            [
              72.8564863,
              19.066057
            ],
            [
              72.8565836,
              19.0660085
            ],
            [
              72.8564807,
              19.065824
            ],
            [
              72.8563155,
              19.0659063
            ],
            [
              72.8564358,
              19.0661222
            ],
            [
              72.8563407,
              19.0661695
            ],
            [
              72.8564145,
              19.0663019
            ]
          ]
        ]
      }
    },
    {
      "type": "Feature",
      "properties": {
        "id": 353198432,
        "name": "BKC Office Block",
        "height": 70.0,
        "min_height": 0.0,
        "building": "yes"
      },
      "geometry": {
        "type": "Polygon",
        "coordinates": [
          [
            [
              72.8616571,
              19.0689065
            ],
            [
              72.8617548,
              19.068911
            ],
            [
              72.8617544,
              19.0689553
            ],
            [
              72.8619003,
              19.0689598
            ],
            [
              72.8619449,
              19.0688738
            ],
            [
              72.8619054,
              19.0686495
            ],
            [
              72.8617869,
              19.0685651
            ],
            [
              72.861665,
              19.0688191
            ],
            [
              72.8616571,
              19.0689065
            ]
          ]
        ]
      }
    },
    {
      "type": "Feature",
      "properties": {
        "id": 353200877,
        "name": "BKC Office Block",
        "height": 50.0,
        "min_height": 0.0,
        "building": "apartments"
      },
      "geometry": {
        "type": "Polygon",
        "coordinates": [
          [
            [
              72.8682681,
              19.0522814
            ],
            [
              72.8683957,
              19.0523905
            ],
            [
              72.8684322,
              19.0523487
            ],
            [
              72.8684145,
              19.0523348
            ],
            [
              72.8684291,
              19.0523182
            ],
            [
              72.8684086,
              19.0523021
            ],
            [
              72.8684212,
              19.0522876
            ],
            [
              72.8684002,
              19.0522712
            ],
            [
              72.8684196,
              19.0522491
            ],
            [
              72.8684109,
              19.0522406
            ],
            [
              72.8684196,
              19.0522312
            ],
            [
              72.8684064,
              19.0522214
            ],
            [
              72.8684341,
              19.0521882
            ],
            [
              72.8684008,
              19.0521634
            ],
            [
              72.8683636,
              19.0522079
            ],
            [
              72.8683444,
              19.0521935
            ],
            [
              72.8682681,
              19.0522814
            ]
          ]
        ]
      }
    },
    {
      "type": "Feature",
      "properties": {
        "id": 353200879,
        "name": "BKC Office Block",
        "height": 70.0,
        "min_height": 0.0,
        "building": "apartments"
      },
      "geometry": {
        "type": "Polygon",
        "coordinates": [
          [
            [
              72.8684243,
              19.0525262
            ],
            [
              72.8684183,
              19.0525481
            ],
            [
              72.8683791,
              19.0525387
            ],
            [
              72.868374,
              19.0525577
            ],
            [
              72.8683503,
              19.052552
            ],
            [
              72.8683442,
              19.0525746
            ],
            [
              72.8683236,
              19.0525696
            ],
            [
              72.8683173,
              19.0525929
            ],
            [
              72.8682858,
              19.0525853
            ],
            [
              72.868282,
              19.0525995
            ],
            [
              72.8682684,
              19.0525929
            ],
            [
              72.8682647,
              19.0526067
            ],
            [
              72.8682169,
              19.052595
            ],
            [
              72.8682019,
              19.0526497
            ],
            [
              72.8683914,
              19.052696
            ],
            [
              72.8684205,
              19.0525895
            ],
            [
              72.8684529,
              19.0525974
            ],
            [
              72.8684641,
              19.0525563
            ],
            [
              72.8684376,
              19.0525498
            ],
            [
              72.8684428,
              19.0525306
            ],
            [
              72.8684243,
              19.0525262
            ]
          ]
        ]
      }
    },
    {
      "type": "Feature",
      "properties": {
        "id": 353200880,
        "name": "BKC Office Block",
        "height": 15.0,
        "min_height": 0.0,
        "building": "apartments"
      },
      "geometry": {
        "type": "Polygon",
        "coordinates": [
          [
            [
              72.8679096,
              19.0525852
            ],
            [
              72.8678701,
              19.052477
            ],
            [
              72.86828,
              19.0523433
            ],
            [
              72.8683195,
              19.0524515
            ],
            [
              72.8679096,
              19.0525852
            ]
          ]
        ]
      }
    },
    {
      "type": "Feature",
      "properties": {
        "id": 353200882,
        "name": "BKC Office Block",
        "height": 50.0,
        "min_height": 0.0,
        "building": "apartments"
      },
      "geometry": {
        "type": "Polygon",
        "coordinates": [
          [
            [
              72.8693693,
              19.0522564
            ],
            [
              72.8693675,
              19.0521435
            ],
            [
              72.8694493,
              19.0521423
            ],
            [
              72.8694511,
              19.0522552
            ],
            [
              72.8693693,
              19.0522564
            ]
          ]
        ]
      }
    },
    {
      "type": "Feature",
      "properties": {
        "id": 353200883,
        "name": "BKC Office Block",
        "height": 25.0,
        "min_height": 0.0,
        "building": "apartments"
      },
      "geometry": {
        "type": "Polygon",
        "coordinates": [
          [
            [
              72.8693345,
              19.0526644
            ],
            [
              72.8693232,
              19.0524765
            ],
            [
              72.8694648,
              19.0524689
            ],
            [
              72.8694761,
              19.0526569
            ],
            [
              72.8693345,
              19.0526644
            ]
          ]
        ]
      }
    },
    {
      "type": "Feature",
      "properties": {
        "id": 353200884,
        "name": "BKC Office Block",
        "height": 15.0,
        "min_height": 0.0,
        "building": "apartments"
      },
      "geometry": {
        "type": "Polygon",
        "coordinates": [
          [
            [
              72.8703718,
              19.0528967
            ],
            [
              72.8703649,
              19.0528729
            ],
            [
              72.8703406,
              19.0528791
            ],
            [
              72.8703094,
              19.0527698
            ],
            [
              72.8704926,
              19.052723
            ],
            [
              72.8705202,
              19.0528196
            ],
            [
              72.8704951,
              19.052826
            ],
            [
              72.8705055,
              19.0528626
            ],
            [
              72.8703718,
              19.0528967
            ]
          ]
        ]
      }
    },
    {
      "type": "Feature",
      "properties": {
        "id": 353200885,
        "name": "BKC Office Block",
        "height": 70.0,
        "min_height": 0.0,
        "building": "apartments"
      },
      "geometry": {
        "type": "Polygon",
        "coordinates": [
          [
            [
              72.8700485,
              19.0533251
            ],
            [
              72.8702132,
              19.0532787
            ],
            [
              72.8702318,
              19.0533377
            ],
            [
              72.8704012,
              19.0532899
            ],
            [
              72.8703697,
              19.0531899
            ],
            [
              72.8702075,
              19.0532375
            ],
            [
              72.8701806,
              19.0531933
            ],
            [
              72.8701289,
              19.0531962
            ],
            [
              72.8700337,
              19.0532786
            ],
            [
              72.8700485,
              19.0533251
            ]
          ]
        ]
      }
    },
    {
      "type": "Feature",
      "properties": {
        "id": 353204295,
        "name": "BKC Office Block",
        "height": 70.0,
        "min_height": 0.0,
        "building": "yes"
      },
      "geometry": {
        "type": "Polygon",
        "coordinates": [
          [
            [
              72.8749388,
              19.0567933
            ],
            [
              72.8749694,
              19.056804
            ],
            [
              72.874981,
              19.0567743
            ],
            [
              72.875033,
              19.0567926
            ],
            [
              72.8750214,
              19.0568222
            ],
            [
              72.875052,
              19.0568329
            ],
            [
              72.8750829,
              19.056754
            ],
            [
              72.8750947,
              19.0567582
            ],
            [
              72.8751269,
              19.056676
            ],
            [
              72.8751001,
              19.0566667
            ],
            [
              72.8750899,
              19.0566927
            ],
            [
              72.8750216,
              19.0566688
            ],
            [
              72.8750264,
              19.0566566
            ],
            [
              72.8749965,
              19.0566461
            ],
            [
              72.8749388,
              19.0567933
            ]
          ]
        ]
      }
    },
    {
      "type": "Feature",
      "properties": {
        "id": 353204309,
        "name": "BKC Office Block",
        "height": 50.0,
        "min_height": 0.0,
        "building": "yes"
      },
      "geometry": {
        "type": "Polygon",
        "coordinates": [
          [
            [
              72.8737916,
              19.0550462
            ],
            [
              72.8740267,
              19.0550906
            ],
            [
              72.874043,
              19.0550133
            ],
            [
              72.8737865,
              19.0549648
            ],
            [
              72.8736434,
              19.0547751
            ],
            [
              72.8735712,
              19.0548272
            ],
            [
              72.8737171,
              19.0550077
            ],
            [
              72.8736066,
              19.0551793
            ],
            [
              72.8736791,
              19.055221
            ],
            [
              72.8737916,
              19.0550462
            ]
          ]
        ]
      }
    },
    {
      "type": "Feature",
      "properties": {
        "id": 353204310,
        "name": "BKC Office Block",
        "height": 25.0,
        "min_height": 0.0,
        "building": "yes"
      },
      "geometry": {
        "type": "Polygon",
        "coordinates": [
          [
            [
              72.8707869,
              19.0679754
            ],
            [
              72.870984,
              19.067703
            ],
            [
              72.870442,
              19.0673526
            ],
            [
              72.8704094,
              19.0676237
            ],
            [
              72.8704389,
              19.0676233
            ],
            [
              72.8704362,
              19.0676747
            ],
            [
              72.8704593,
              19.0676888
            ],
            [
              72.8704552,
              19.0677441
            ],
            [
              72.8704729,
              19.0677479
            ],
            [
              72.8704688,
              19.0677801
            ],
            [
              72.8707869,
              19.0679754
            ]
          ]
        ]
      }
    },
    {
      "type": "Feature",
      "properties": {
        "id": 353204313,
        "name": "BKC Office Block",
        "height": 25.0,
        "min_height": 0.0,
        "building": "yes"
      },
      "geometry": {
        "type": "Polygon",
        "coordinates": [
          [
            [
              72.8637179,
              19.0613849
            ],
            [
              72.8638009,
              19.0615557
            ],
            [
              72.8639298,
              19.0616429
            ],
            [
              72.8640557,
              19.061646
            ],
            [
              72.8643121,
              19.0615758
            ],
            [
              72.8641929,
              19.061236
            ],
            [
              72.8641391,
              19.0612288
            ],
            [
              72.8640757,
              19.0612487
            ],
            [
              72.8641047,
              19.0613012
            ],
            [
              72.8640172,
              19.0612858
            ],
            [
              72.8639634,
              19.0613049
            ],
            [
              72.8639046,
              19.0611934
            ],
            [
              72.8638404,
              19.0610995
            ],
            [
              72.8636346,
              19.0611795
            ],
            [
              72.8637179,
              19.0613849
            ]
          ]
        ]
      }
    },
    {
      "type": "Feature",
      "properties": {
        "id": 353204327,
        "name": "BKC Office Block",
        "height": 50.0,
        "min_height": 0.0,
        "building": "yes"
      },
      "geometry": {
        "type": "Polygon",
        "coordinates": [
          [
            [
              72.8747225,
              19.0567692
            ],
            [
              72.8747891,
              19.0567948
            ],
            [
              72.8747947,
              19.0567819
            ],
            [
              72.8748195,
              19.0567915
            ],
            [
              72.8748362,
              19.0567527
            ],
            [
              72.8748573,
              19.0567608
            ],
            [
              72.8748956,
              19.0566719
            ],
            [
              72.8748746,
              19.0566638
            ],
            [
              72.8748909,
              19.056626
            ],
            [
              72.8748552,
              19.0566122
            ],
            [
              72.8748672,
              19.0565845
            ],
            [
              72.8749191,
              19.0566045
            ],
            [
              72.8749354,
              19.0565667
            ],
            [
              72.8749098,
              19.0565568
            ],
            [
              72.8749255,
              19.0565206
            ],
            [
              72.8749511,
              19.0565304
            ],
            [
              72.8749844,
              19.056453
            ],
            [
              72.874956,
              19.0564421
            ],
            [
              72.8749671,
              19.0564164
            ],
            [
              72.8748879,
              19.0563857
            ],
            [
              72.8748482,
              19.0564778
            ],
            [
              72.874863,
              19.0564835
            ],
            [
              72.8748409,
              19.0565348
            ],
            [
              72.874826,
              19.0565291
            ],
            [
              72.8748128,
              19.0565598
            ],
            [
              72.8748328,
              19.0565675
            ],
            [
              72.8748136,
              19.0566121
            ],
            [
              72.8747936,
              19.0566044
            ],
            [
              72.874768,
              19.0566637
            ],
            [
              72.8747823,
              19.0566692
            ],
            [
              72.8747643,
              19.0567111
            ],
            [
              72.8747499,
              19.0567056
            ],
            [
              72.8747225,
              19.0567692
            ]
          ]
        ]
      }
    },
    {
      "type": "Feature",
      "properties": {
        "id": 353204349,
        "name": "BKC Office Block",
        "height": 35.0,
        "min_height": 0.0,
        "building": "yes"
      },
      "geometry": {
        "type": "Polygon",
        "coordinates": [
          [
            [
              72.8751214,
              19.0563324
            ],
            [
              72.8752093,
              19.0563621
            ],
            [
              72.8752909,
              19.0561463
            ],
            [
              72.875203,
              19.0561166
            ],
            [
              72.8751214,
              19.0563324
            ]
          ]
        ]
      }
    },
    {
      "type": "Feature",
      "properties": {
        "id": 353204357,
        "name": "BKC Office Block",
        "height": 25.0,
        "min_height": 0.0,
        "building": "yes"
      },
      "geometry": {
        "type": "Polygon",
        "coordinates": [
          [
            [
              72.8745969,
              19.0569291
            ],
            [
              72.8748167,
              19.0570349
            ],
            [
              72.8748647,
              19.0569458
            ],
            [
              72.8747214,
              19.0568768
            ],
            [
              72.8747305,
              19.05686
            ],
            [
              72.874654,
              19.0568231
            ],
            [
              72.8745969,
              19.0569291
            ]
          ]
        ]
      }
    },
    {
      "type": "Feature",
      "properties": {
        "id": 353204375,
        "name": "BKC Office Block",
        "height": 15.0,
        "min_height": 0.0,
        "building": "yes"
      },
      "geometry": {
        "type": "Polygon",
        "coordinates": [
          [
            [
              72.8735059,
              19.057084
            ],
            [
              72.8737106,
              19.0570095
            ],
            [
              72.8736763,
              19.0569253
            ],
            [
              72.8734716,
              19.0569998
            ],
            [
              72.8735059,
              19.057084
            ]
          ]
        ]
      }
    },
    {
      "type": "Feature",
      "properties": {
        "id": 353204384,
        "name": "BKC Office Block",
        "height": 50.0,
        "min_height": 0.0,
        "building": "yes"
      },
      "geometry": {
        "type": "Polygon",
        "coordinates": [
          [
            [
              72.8732303,
              19.0565443
            ],
            [
              72.8733016,
              19.0565155
            ],
            [
              72.8732219,
              19.0563392
            ],
            [
              72.8731505,
              19.056368
            ],
            [
              72.8732303,
              19.0565443
            ]
          ]
        ]
      }
    },
    {
      "type": "Feature",
      "properties": {
        "id": 353204387,
        "name": "BKC Office Block",
        "height": 25.0,
        "min_height": 0.0,
        "building": "yes"
      },
      "geometry": {
        "type": "Polygon",
        "coordinates": [
          [
            [
              72.8743498,
              19.0561296
            ],
            [
              72.8743257,
              19.0563859
            ],
            [
              72.8744342,
              19.056395
            ],
            [
              72.8744582,
              19.0561387
            ],
            [
              72.8743498,
              19.0561296
            ]
          ]
        ]
      }
    },
    {
      "type": "Feature",
      "properties": {
        "id": 353204389,
        "name": "BKC Office Block",
        "height": 50.0,
        "min_height": 0.0,
        "building": "yes"
      },
      "geometry": {
        "type": "Polygon",
        "coordinates": [
          [
            [
              72.8764702,
              19.0560395
            ],
            [
              72.8769604,
              19.0558323
            ],
            [
              72.8768605,
              19.055621
            ],
            [
              72.8763702,
              19.0558281
            ],
            [
              72.8764702,
              19.0560395
            ]
          ]
        ]
      }
    },
    {
      "type": "Feature",
      "properties": {
        "id": 353204391,
        "name": "BKC Office Block",
        "height": 70.0,
        "min_height": 0.0,
        "building": "yes"
      },
      "geometry": {
        "type": "Polygon",
        "coordinates": [
          [
            [
              72.8752918,
              19.056391
            ],
            [
              72.8753702,
              19.0564193
            ],
            [
              72.8753825,
              19.0563891
            ],
            [
              72.875401,
              19.0563958
            ],
            [
              72.8754139,
              19.056364
            ],
            [
              72.8753953,
              19.0563573
            ],
            [
              72.8754202,
              19.0563035
            ],
            [
              72.8754381,
              19.0562512
            ],
            [
              72.8754593,
              19.0562589
            ],
            [
              72.8754699,
              19.0562325
            ],
            [
              72.8754487,
              19.0562249
            ],
            [
              72.87546,
              19.056197
            ],
            [
              72.8753815,
              19.0561687
            ],
            [
              72.8753686,
              19.0562008
            ],
            [
              72.8753792,
              19.0562047
            ],
            [
              72.8753524,
              19.0562713
            ],
            [
              72.8753417,
              19.0562674
            ],
            [
              72.8753312,
              19.0562935
            ],
            [
              72.8753411,
              19.0562971
            ],
            [
              72.8753164,
              19.0563582
            ],
            [
              72.8753065,
              19.0563546
            ],
            [
              72.8752918,
              19.056391
            ]
          ]
        ]
      }
    },
    {
      "type": "Feature",
      "properties": {
        "id": 353204393,
        "name": "BKC Office Block",
        "height": 15.0,
        "min_height": 0.0,
        "building": "yes"
      },
      "geometry": {
        "type": "Polygon",
        "coordinates": [
          [
            [
              72.8746041,
              19.0572767
            ],
            [
              72.8746109,
              19.0575693
            ],
            [
              72.8746896,
              19.0575677
            ],
            [
              72.8746828,
              19.0572751
            ],
            [
              72.8746041,
              19.0572767
            ]
          ]
        ]
      }
    },
    {
      "type": "Feature",
      "properties": {
        "id": 353204413,
        "name": "BKC Office Block",
        "height": 25.0,
        "min_height": 0.0,
        "building": "yes"
      },
      "geometry": {
        "type": "Polygon",
        "coordinates": [
          [
            [
              72.8794161,
              19.0597249
            ],
            [
              72.8796008,
              19.0592081
            ],
            [
              72.8793878,
              19.0591401
            ],
            [
              72.879203,
              19.0596568
            ],
            [
              72.8794161,
              19.0597249
            ]
          ]
        ]
      }
    },
    {
      "type": "Feature",
      "properties": {
        "id": 353204417,
        "name": "BKC Office Block",
        "height": 35.0,
        "min_height": 0.0,
        "building": "yes"
      },
      "geometry": {
        "type": "Polygon",
        "coordinates": [
          [
            [
              72.8735447,
              19.0568151
            ],
            [
              72.8736033,
              19.0569305
            ],
            [
              72.8736788,
              19.0568963
            ],
            [
              72.8736201,
              19.0567809
            ],
            [
              72.8735447,
              19.0568151
            ]
          ]
        ]
      }
    },
    {
      "type": "Feature",
      "properties": {
        "id": 353204419,
        "name": "BKC Office Block",
        "height": 15.0,
        "min_height": 0.0,
        "building": "yes"
      },
      "geometry": {
        "type": "Polygon",
        "coordinates": [
          [
            [
              72.8731294,
              19.0563571
            ],
            [
              72.8732198,
              19.0563146
            ],
            [
              72.8731256,
              19.0561356
            ],
            [
              72.8730352,
              19.0561781
            ],
            [
              72.8731294,
              19.0563571
            ]
          ]
        ]
      }
    },
    {
      "type": "Feature",
      "properties": {
        "id": 353204421,
        "name": "BKC Office Block",
        "height": 50.0,
        "min_height": 0.0,
        "building": "yes"
      },
      "geometry": {
        "type": "Polygon",
        "coordinates": [
          [
            [
              72.8744918,
              19.0572485
            ],
            [
              72.8745053,
              19.0575719
            ],
            [
              72.8746047,
              19.0575682
            ],
            [
              72.8745913,
              19.0572448
            ],
            [
              72.8744918,
              19.0572485
            ]
          ]
        ]
      }
    },
    {
      "type": "Feature",
      "properties": {
        "id": 353204432,
        "name": "BKC Office Block",
        "height": 70.0,
        "min_height": 0.0,
        "building": "yes"
      },
      "geometry": {
        "type": "Polygon",
        "coordinates": [
          [
            [
              72.8789033,
              19.0582022
            ],
            [
              72.8789966,
              19.058227
            ],
            [
              72.8790924,
              19.0579041
            ],
            [
              72.878999,
              19.0578794
            ],
            [
              72.8789033,
              19.0582022
            ]
          ]
        ]
      }
    },
    {
      "type": "Feature",
      "properties": {
        "id": 353204439,
        "name": "BKC Office Block",
        "height": 35.0,
        "min_height": 0.0,
        "building": "yes"
      },
      "geometry": {
        "type": "Polygon",
        "coordinates": [
          [
            [
              72.8709657,
              19.0675833
            ],
            [
              72.8710542,
              19.0676395
            ],
            [
              72.8711684,
              19.0674789
            ],
            [
              72.8710799,
              19.0674227
            ],
            [
              72.8709657,
              19.0675833
            ]
          ]
        ]
      }
    },
    {
      "type": "Feature",
      "properties": {
        "id": 353204442,
        "name": "BKC Office Block",
        "height": 50.0,
        "min_height": 0.0,
        "building": "yes"
      },
      "geometry": {
        "type": "Polygon",
        "coordinates": [
          [
            [
              72.8746991,
              19.057293
            ],
            [
              72.8747029,
              19.0575574
            ],
            [
              72.8747859,
              19.0575564
            ],
            [
              72.874782,
              19.0572919
            ],
            [
              72.8746991,
              19.057293
            ]
          ]
        ]
      }
    },
    {
      "type": "Feature",
      "properties": {
        "id": 353204447,
        "name": "BKC Office Block",
        "height": 50.0,
        "min_height": 0.0,
        "building": "yes"
      },
      "geometry": {
        "type": "Polygon",
        "coordinates": [
          [
            [
              72.8788219,
              19.0593787
            ],
            [
              72.8787669,
              19.0595321
            ],
            [
              72.8789559,
              19.0595926
            ],
            [
              72.8790167,
              19.059423
            ],
            [
              72.8791634,
              19.0594699
            ],
            [
              72.8792845,
              19.0591316
            ],
            [
              72.8791259,
              19.0590809
            ],
            [
              72.8789999,
              19.0594329
            ],
            [
              72.8788409,
              19.059382
            ],
            [
              72.8789675,
              19.0590287
            ],
            [
              72.8787794,
              19.0589685
            ],
            [
              72.8786519,
              19.0593243
            ],
            [
              72.8788219,
              19.0593787
            ]
          ]
        ]
      }
    },
    {
      "type": "Feature",
      "properties": {
        "id": 353204451,
        "name": "BKC Office Block",
        "height": 70.0,
        "min_height": 0.0,
        "building": "yes"
      },
      "geometry": {
        "type": "Polygon",
        "coordinates": [
          [
            [
              72.8739293,
              19.054792
            ],
            [
              72.8740047,
              19.0546699
            ],
            [
              72.8739114,
              19.0546184
            ],
            [
              72.873836,
              19.0547405
            ],
            [
              72.8739293,
              19.054792
            ]
          ]
        ]
      }
    },
    {
      "type": "Feature",
      "properties": {
        "id": 353204455,
        "name": "BKC Office Block",
        "height": 35.0,
        "min_height": 0.0,
        "building": "yes"
      },
      "geometry": {
        "type": "Polygon",
        "coordinates": [
          [
            [
              72.8773168,
              19.0576561
            ],
            [
              72.8777858,
              19.0574711
            ],
            [
              72.8777034,
              19.0572844
            ],
            [
              72.8772343,
              19.0574695
            ],
            [
              72.8773168,
              19.0576561
            ]
          ]
        ]
      }
    },
    {
      "type": "Feature",
      "properties": {
        "id": 353204458,
        "name": "BKC Office Block",
        "height": 70.0,
        "min_height": 0.0,
        "building": "yes"
      },
      "geometry": {
        "type": "Polygon",
        "coordinates": [
          [
            [
              72.873189,
              19.0562099
            ],
            [
              72.8732523,
              19.0563452
            ],
            [
              72.8733936,
              19.0562861
            ],
            [
              72.8733303,
              19.0561509
            ],
            [
              72.873189,
              19.0562099
            ]
          ]
        ]
      }
    },
    {
      "type": "Feature",
      "properties": {
        "id": 353204463,
        "name": "BKC Office Block",
        "height": 70.0,
        "min_height": 0.0,
        "building": "yes"
      },
      "geometry": {
        "type": "Polygon",
        "coordinates": [
          [
            [
              72.8749345,
              19.0562808
            ],
            [
              72.8750203,
              19.0563103
            ],
            [
              72.8751073,
              19.0560842
            ],
            [
              72.8750215,
              19.0560547
            ],
            [
              72.8749345,
              19.0562808
            ]
          ]
        ]
      }
    },
    {
      "type": "Feature",
      "properties": {
        "id": 353204467,
        "name": "BKC Office Block",
        "height": 50.0,
        "min_height": 0.0,
        "building": "yes"
      },
      "geometry": {
        "type": "Polygon",
        "coordinates": [
          [
            [
              72.8794856,
              19.0614001
            ],
            [
              72.8795683,
              19.0610693
            ],
            [
              72.8794956,
              19.0610531
            ],
            [
              72.8794129,
              19.0613838
            ],
            [
              72.8794856,
              19.0614001
            ]
          ]
        ]
      }
    },
    {
      "type": "Feature",
      "properties": {
        "id": 353204513,
        "name": "BKC Office Block",
        "height": 50.0,
        "min_height": 0.0,
        "building": "yes"
      },
      "geometry": {
        "type": "Polygon",
        "coordinates": [
          [
            [
              72.8786195,
              19.0583933
            ],
            [
              72.8787107,
              19.0587791
            ],
            [
              72.8790317,
              19.0588627
            ],
            [
              72.879129,
              19.0585242
            ],
            [
              72.8786195,
              19.0583933
            ]
          ]
        ]
      }
    },
    {
      "type": "Feature",
      "properties": {
        "id": 353204519,
        "name": "BKC Office Block",
        "height": 25.0,
        "min_height": 0.0,
        "building": "yes"
      },
      "geometry": {
        "type": "Polygon",
        "coordinates": [
          [
            [
              72.8751737,
              19.0557367
            ],
            [
              72.8752149,
              19.0557465
            ],
            [
              72.8752216,
              19.055721
            ],
            [
              72.8753254,
              19.0557456
            ],
            [
              72.8753335,
              19.0557151
            ],
            [
              72.8753033,
              19.055708
            ],
            [
              72.8753218,
              19.0556382
            ],
            [
              72.8753527,
              19.0556455
            ],
            [
              72.8753614,
              19.0556128
            ],
            [
              72.8752552,
              19.0555875
            ],
            [
              72.8752621,
              19.0555616
            ],
            [
              72.8752227,
              19.0555523
            ],
            [
              72.8751737,
              19.0557367
            ]
          ]
        ]
      }
    },
    {
      "type": "Feature",
      "properties": {
        "id": 353204522,
        "name": "BKC Office Block",
        "height": 35.0,
        "min_height": 0.0,
        "building": "yes"
      },
      "geometry": {
        "type": "Polygon",
        "coordinates": [
          [
            [
              72.8748043,
              19.0572971
            ],
            [
              72.8748005,
              19.0575343
            ],
            [
              72.874846,
              19.0575349
            ],
            [
              72.8748498,
              19.0572978
            ],
            [
              72.8748043,
              19.0572971
            ]
          ]
        ]
      }
    },
    {
      "type": "Feature",
      "properties": {
        "id": 353204529,
        "name": "BKC Office Block",
        "height": 15.0,
        "min_height": 0.0,
        "building": "yes"
      },
      "geometry": {
        "type": "Polygon",
        "coordinates": [
          [
            [
              72.8639277,
              19.0621599
            ],
            [
              72.8645381,
              19.0623026
            ],
            [
              72.8642825,
              19.061671
            ],
            [
              72.8640402,
              19.0618407
            ],
            [
              72.8638902,
              19.0618805
            ],
            [
              72.8638584,
              19.0619967
            ],
            [
              72.8639277,
              19.0621599
            ]
          ]
        ]
      }
    },
    {
      "type": "Feature",
      "properties": {
        "id": 353204539,
        "name": "BKC Office Block",
        "height": 25.0,
        "min_height": 0.0,
        "building": "yes"
      },
      "geometry": {
        "type": "Polygon",
        "coordinates": [
          [
            [
              72.8769954,
              19.0565026
            ],
            [
              72.8772523,
              19.0564055
            ],
            [
              72.8772866,
              19.0564865
            ],
            [
              72.877371,
              19.0564546
            ],
            [
              72.8771835,
              19.0560114
            ],
            [
              72.8768422,
              19.0561404
            ],
            [
              72.8769954,
              19.0565026
            ]
          ]
        ]
      }
    },
    {
      "type": "Feature",
      "properties": {
        "id": 353204546,
        "name": "Gujarat Clay Mills Estate",
        "height": 7.0,
        "min_height": 0.0,
        "building": "industrial"
      },
      "geometry": {
        "type": "Polygon",
        "coordinates": [
          [
            [
              72.8796477,
              19.059052
            ],
            [
              72.8797612,
              19.0587117
            ],
            [
              72.8796982,
              19.058693
            ],
            [
              72.8797077,
              19.0586645
            ],
            [
              72.8795372,
              19.0586138
            ],
            [
              72.8795277,
              19.0586424
            ],
            [
              72.8794038,
              19.0586056
            ],
            [
              72.8793747,
              19.0586831
            ],
            [
              72.8792671,
              19.0586493
            ],
            [
              72.879199,
              19.0588206
            ],
            [
              72.8793045,
              19.0588615
            ],
            [
              72.8792919,
              19.0588976
            ],
            [
              72.8794372,
              19.0589462
            ],
            [
              72.879425,
              19.0589796
            ],
            [
              72.8796477,
              19.059052
            ]
          ]
        ]
      }
    },
    {
      "type": "Feature",
      "properties": {
        "id": 353204548,
        "name": "BKC Office Block",
        "height": 25.0,
        "min_height": 0.0,
        "building": "yes"
      },
      "geometry": {
        "type": "Polygon",
        "coordinates": [
          [
            [
              72.8708747,
              19.06804
            ],
            [
              72.8710091,
              19.0681297
            ],
            [
              72.8710564,
              19.0680664
            ],
            [
              72.8710093,
              19.0680349
            ],
            [
              72.8711229,
              19.0678827
            ],
            [
              72.8711818,
              19.067922
            ],
            [
              72.8712272,
              19.0678612
            ],
            [
              72.8710811,
              19.0677637
            ],
            [
              72.8708747,
              19.06804
            ]
          ]
        ]
      }
    },
    {
      "type": "Feature",
      "properties": {
        "id": 353204550,
        "name": "BKC Office Block",
        "height": 50.0,
        "min_height": 0.0,
        "building": "yes"
      },
      "geometry": {
        "type": "Polygon",
        "coordinates": [
          [
            [
              72.8797218,
              19.0612432
            ],
            [
              72.879876,
              19.0613143
            ],
            [
              72.8799589,
              19.0611537
            ],
            [
              72.8798048,
              19.0610826
            ],
            [
              72.8797218,
              19.0612432
            ]
          ]
        ]
      }
    },
    {
      "type": "Feature",
      "properties": {
        "id": 353207891,
        "name": "Om Dnyaneshwar Cooperative Housing Society",
        "height": 25.0,
        "min_height": 0.0,
        "building": "yes"
      },
      "geometry": {
        "type": "Polygon",
        "coordinates": [
          [
            [
              72.8794339,
              19.0719554
            ],
            [
              72.8794751,
              19.0719533
            ],
            [
              72.879476,
              19.0719678
            ],
            [
              72.8796852,
              19.0719569
            ],
            [
              72.8796788,
              19.071846
            ],
            [
              72.8794283,
              19.071859
            ],
            [
              72.8794339,
              19.0719554
            ]
          ]
        ]
      }
    },
    {
      "type": "Feature",
      "properties": {
        "id": 353207894,
        "name": "Swan Mill Kamgar Vasahat",
        "height": 70.0,
        "min_height": 0.0,
        "building": "yes"
      },
      "geometry": {
        "type": "Polygon",
        "coordinates": [
          [
            [
              72.8780262,
              19.0719505
            ],
            [
              72.8780567,
              19.0720277
            ],
            [
              72.877968,
              19.072059
            ],
            [
              72.8780173,
              19.072184
            ],
            [
              72.8781111,
              19.072151
            ],
            [
              72.878183,
              19.0723334
            ],
            [
              72.8780901,
              19.0723662
            ],
            [
              72.8781355,
              19.0724815
            ],
            [
              72.8782307,
              19.072448
            ],
            [
              72.8782701,
              19.0725479
            ],
            [
              72.878391,
              19.0725053
            ],
            [
              72.87834,
              19.0723759
            ],
            [
              72.8782863,
              19.0723948
            ],
            [
              72.8782542,
              19.0723132
            ],
            [
              72.8783062,
              19.0722949
            ],
            [
              72.8781528,
              19.071906
            ],
            [
              72.8780262,
              19.0719505
            ]
          ]
        ]
      }
    },
    {
      "type": "Feature",
      "properties": {
        "id": 353207899,
        "name": "Pinky Apartment Cooperative Housing Society Limited",
        "height": 25.0,
        "min_height": 0.0,
        "building": "yes"
      },
      "geometry": {
        "type": "Polygon",
        "coordinates": [
          [
            [
              72.8799992,
              19.0715454
            ],
            [
              72.8800543,
              19.0716811
            ],
            [
              72.8801412,
              19.0716496
            ],
            [
              72.8800862,
              19.0715139
            ],
            [
              72.8799992,
              19.0715454
            ]
          ]
        ]
      }
    },
    {
      "type": "Feature",
      "properties": {
        "id": 353207907,
        "name": "BKC Office Block",
        "height": 50.0,
        "min_height": 0.0,
        "building": "yes"
      },
      "geometry": {
        "type": "Polygon",
        "coordinates": [
          [
            [
              72.8777161,
              19.0687728
            ],
            [
              72.8778708,
              19.0687773
            ],
            [
              72.8778746,
              19.068662
            ],
            [
              72.8777199,
              19.0686575
            ],
            [
              72.8777161,
              19.0687728
            ]
          ]
        ]
      }
    },
    {
      "type": "Feature",
      "properties": {
        "id": 353207909,
        "name": "Swan Girni Kamgar Vasahat",
        "height": 35.0,
        "min_height": 0.0,
        "building": "yes"
      },
      "geometry": {
        "type": "Polygon",
        "coordinates": [
          [
            [
              72.8779457,
              19.0718933
            ],
            [
              72.8781716,
              19.0718151
            ],
            [
              72.8781238,
              19.0716917
            ],
            [
              72.8780311,
              19.0717237
            ],
            [
              72.8780406,
              19.0717481
            ],
            [
              72.8780043,
              19.0717607
            ],
            [
              72.8779914,
              19.0717273
            ],
            [
              72.8778944,
              19.0717608
            ],
            [
              72.8779457,
              19.0718933
            ]
          ]
        ]
      }
    },
    {
      "type": "Feature",
      "properties": {
        "id": 353340886,
        "name": "BKC Office Block",
        "height": 35.0,
        "min_height": 0.0,
        "building": "yes"
      },
      "geometry": {
        "type": "Polygon",
        "coordinates": [
          [
            [
              72.8796285,
              19.0621681
            ],
            [
              72.8797549,
              19.0621266
            ],
            [
              72.8797123,
              19.0620106
            ],
            [
              72.8795929,
              19.0620436
            ],
            [
              72.8794866,
              19.0619839
            ],
            [
              72.8794623,
              19.0620221
            ],
            [
              72.8794273,
              19.062003
            ],
            [
              72.8793865,
              19.0620701
            ],
            [
              72.8795167,
              19.0621409
            ],
            [
              72.8794748,
              19.0622654
            ],
            [
              72.8795847,
              19.0622984
            ],
            [
              72.8796285,
              19.0621681
            ]
          ]
        ]
      }
    },
    {
      "type": "Feature",
      "properties": {
        "id": 353340893,
        "name": "BKC Office Block",
        "height": 50.0,
        "min_height": 0.0,
        "building": "yes"
      },
      "geometry": {
        "type": "Polygon",
        "coordinates": [
          [
            [
              72.8798073,
              19.0628204
            ],
            [
              72.8798604,
              19.0627754
            ],
            [
              72.8798426,
              19.0627587
            ],
            [
              72.8799983,
              19.0626369
            ],
            [
              72.8799043,
              19.0625477
            ],
            [
              72.8798554,
              19.0625825
            ],
            [
              72.879832,
              19.0625599
            ],
            [
              72.8796725,
              19.0626769
            ],
            [
              72.8798073,
              19.0628204
            ]
          ]
        ]
      }
    },
    {
      "type": "Feature",
      "properties": {
        "id": 353340897,
        "name": "BKC Office Block",
        "height": 35.0,
        "min_height": 0.0,
        "building": "yes"
      },
      "geometry": {
        "type": "Polygon",
        "coordinates": [
          [
            [
              72.8799374,
              19.0629391
            ],
            [
              72.8800623,
              19.0629564
            ],
            [
              72.8800605,
              19.0629676
            ],
            [
              72.8801097,
              19.0629744
            ],
            [
              72.8801124,
              19.062957
            ],
            [
              72.8801284,
              19.0629592
            ],
            [
              72.8801257,
              19.0629766
            ],
            [
              72.880168,
              19.0629825
            ],
            [
              72.8801697,
              19.0629713
            ],
            [
              72.88028,
              19.0629866
            ],
            [
              72.8802892,
              19.0629276
            ],
            [
              72.8802697,
              19.0629249
            ],
            [
              72.8802729,
              19.0629049
            ],
            [
              72.8799719,
              19.0628631
            ],
            [
              72.8799678,
              19.0628899
            ],
            [
              72.8799455,
              19.0628868
            ],
            [
              72.8799374,
              19.0629391
            ]
          ]
        ]
      }
    },
    {
      "type": "Feature",
      "properties": {
        "id": 353355216,
        "name": "BKC Office Block",
        "height": 70.0,
        "min_height": 0.0,
        "building": "yes"
      },
      "geometry": {
        "type": "Polygon",
        "coordinates": [
          [
            [
              72.8637659,
              19.0602315
            ],
            [
              72.8641058,
              19.0602367
            ],
            [
              72.8641534,
              19.0602251
            ],
            [
              72.864184,
              19.0601718
            ],
            [
              72.8641649,
              19.0601178
            ],
            [
              72.8641082,
              19.0600951
            ],
            [
              72.8637683,
              19.06009
            ],
            [
              72.863734,
              19.0601268
            ],
            [
              72.8637129,
              19.0601609
            ],
            [
              72.8637211,
              19.0602155
            ],
            [
              72.8637659,
              19.0602315
            ]
          ]
        ]
      }
    },
    {
      "type": "Feature",
      "properties": {
        "id": 353355239,
        "name": "BKC Office Block",
        "height": 70.0,
        "min_height": 0.0,
        "building": "yes"
      },
      "geometry": {
        "type": "Polygon",
        "coordinates": [
          [
            [
              72.8668372,
              19.072146
            ],
            [
              72.8670872,
              19.0716772
            ],
            [
              72.8668936,
              19.071585
            ],
            [
              72.8668061,
              19.0717576
            ],
            [
              72.8666848,
              19.071878
            ],
            [
              72.8666146,
              19.0719516
            ],
            [
              72.8665319,
              19.0721215
            ],
            [
              72.8666043,
              19.0721258
            ],
            [
              72.8666162,
              19.0720979
            ],
            [
              72.8666536,
              19.0721069
            ],
            [
              72.8666461,
              19.0721262
            ],
            [
              72.8666747,
              19.07213
            ],
            [
              72.866725,
              19.0720227
            ],
            [
              72.8667528,
              19.0720337
            ],
            [
              72.8667202,
              19.0721056
            ],
            [
              72.8667607,
              19.0721178
            ],
            [
              72.8668372,
              19.072146
            ]
          ]
        ]
      }
    },
    {
      "type": "Feature",
      "properties": {
        "id": 353355243,
        "name": "BKC Office Block",
        "height": 70.0,
        "min_height": 0.0,
        "building": "yes"
      },
      "geometry": {
        "type": "Polygon",
        "coordinates": [
          [
            [
              72.8633611,
              19.0719918
            ],
            [
              72.8633875,
              19.0718853
            ],
            [
              72.8633059,
              19.0718672
            ],
            [
              72.8632692,
              19.0720455
            ],
            [
              72.8633677,
              19.0720673
            ],
            [
              72.8633591,
              19.0721018
            ],
            [
              72.8637766,
              19.0721943
            ],
            [
              72.863789,
              19.0721443
            ],
            [
              72.863897,
              19.0721682
            ],
            [
              72.8639257,
              19.0720527
            ],
            [
              72.8638954,
              19.0720459
            ],
            [
              72.863916,
              19.0719628
            ],
            [
              72.8638166,
              19.0719408
            ],
            [
              72.8637752,
              19.0721077
            ],
            [
              72.8634116,
              19.0720271
            ],
            [
              72.8634173,
              19.0720042
            ],
            [
              72.8633611,
              19.0719918
            ]
          ]
        ]
      }
    },
    {
      "type": "Feature",
      "properties": {
        "id": 353355255,
        "name": "BKC Office Block",
        "height": 35.0,
        "min_height": 0.0,
        "building": "yes"
      },
      "geometry": {
        "type": "Polygon",
        "coordinates": [
          [
            [
              72.8640764,
              19.0597289
            ],
            [
              72.8641982,
              19.0597423
            ],
            [
              72.8642779,
              19.0597132
            ],
            [
              72.8643058,
              19.0593071
            ],
            [
              72.8641734,
              19.0592049
            ],
            [
              72.8640761,
              19.0590369
            ],
            [
              72.8636452,
              19.0590006
            ],
            [
              72.8636411,
              19.0590449
            ],
            [
              72.8637756,
              19.0590562
            ],
            [
              72.8638096,
              19.059204
            ],
            [
              72.863781,
              19.0592515
            ],
            [
              72.8637715,
              19.0593714
            ],
            [
              72.8638379,
              19.0593761
            ],
            [
              72.86384,
              19.0593486
            ],
            [
              72.8639755,
              19.0593582
            ],
            [
              72.8639877,
              19.0594237
            ],
            [
              72.864019,
              19.0594751
            ],
            [
              72.8640722,
              19.0595196
            ],
            [
              72.8641068,
              19.0594827
            ],
            [
              72.8640764,
              19.0597289
            ]
          ]
        ]
      }
    },
    {
      "type": "Feature",
      "properties": {
        "id": 353355265,
        "name": "BKC Office Block",
        "height": 50.0,
        "min_height": 0.0,
        "building": "yes"
      },
      "geometry": {
        "type": "Polygon",
        "coordinates": [
          [
            [
              72.8640044,
              19.0719978
            ],
            [
              72.8641764,
              19.0719849
            ],
            [
              72.8641732,
              19.0719462
            ],
            [
              72.8641492,
              19.071948
            ],
            [
              72.8641448,
              19.0718963
            ],
            [
              72.8641689,
              19.0718945
            ],
            [
              72.8641645,
              19.0718428
            ],
            [
              72.8641268,
              19.0718456
            ],
            [
              72.864128,
              19.0718592
            ],
            [
              72.8641071,
              19.0718607
            ],
            [
              72.8641084,
              19.0718751
            ],
            [
              72.8640478,
              19.0718797
            ],
            [
              72.8640466,
              19.0718652
            ],
            [
              72.8640197,
              19.0718672
            ],
            [
              72.8640186,
              19.0718534
            ],
            [
              72.8639926,
              19.0718553
            ],
            [
              72.8639967,
              19.0719043
            ],
            [
              72.8640166,
              19.0719028
            ],
            [
              72.8640218,
              19.0719655
            ],
            [
              72.8640019,
              19.071967
            ],
            [
              72.8640044,
              19.0719978
            ]
          ]
        ]
      }
    },
    {
      "type": "Feature",
      "properties": {
        "id": 353355273,
        "name": "BKC Office Block",
        "height": 25.0,
        "min_height": 0.0,
        "building": "yes"
      },
      "geometry": {
        "type": "Polygon",
        "coordinates": [
          [
            [
              72.8647557,
              19.0708273
            ],
            [
              72.8649517,
              19.0709167
            ],
            [
              72.8651023,
              19.0706215
            ],
            [
              72.8649063,
              19.0705321
            ],
            [
              72.8647557,
              19.0708273
            ]
          ]
        ]
      }
    },
    {
      "type": "Feature",
      "properties": {
        "id": 353355276,
        "name": "BKC Office Block",
        "height": 25.0,
        "min_height": 0.0,
        "building": "yes"
      },
      "geometry": {
        "type": "Polygon",
        "coordinates": [
          [
            [
              72.8657067,
              19.0718418
            ],
            [
              72.8659718,
              19.0719639
            ],
            [
              72.8660199,
              19.0718705
            ],
            [
              72.8657548,
              19.0717484
            ],
            [
              72.8657067,
              19.0718418
            ]
          ]
        ]
      }
    },
    {
      "type": "Feature",
      "properties": {
        "id": 353355288,
        "name": "BKC Office Block",
        "height": 25.0,
        "min_height": 0.0,
        "building": "yes"
      },
      "geometry": {
        "type": "Polygon",
        "coordinates": [
          [
            [
              72.8695464,
              19.0572165
            ],
            [
              72.8698007,
              19.057079
            ],
            [
              72.8697328,
              19.0569669
            ],
            [
              72.8694786,
              19.0571044
            ],
            [
              72.8695464,
              19.0572165
            ]
          ]
        ]
      }
    },
    {
      "type": "Feature",
      "properties": {
        "id": 353355300,
        "name": "BKC Office Block",
        "height": 15.0,
        "min_height": 0.0,
        "building": "yes"
      },
      "geometry": {
        "type": "Polygon",
        "coordinates": [
          [
            [
              72.8649743,
              19.0604066
            ],
            [
              72.8649988,
              19.0600519
            ],
            [
              72.8649142,
              19.0600467
            ],
            [
              72.8648897,
              19.0604014
            ],
            [
              72.8649743,
              19.0604066
            ]
          ]
        ]
      }
    },
    {
      "type": "Feature",
      "properties": {
        "id": 353355303,
        "name": "BKC Office Block",
        "height": 25.0,
        "min_height": 0.0,
        "building": "yes"
      },
      "geometry": {
        "type": "Polygon",
        "coordinates": [
          [
            [
              72.8671601,
              19.0719906
            ],
            [
              72.8673466,
              19.0719978
            ],
            [
              72.867352,
              19.071874
            ],
            [
              72.8671655,
              19.0718667
            ],
            [
              72.8671601,
              19.0719906
            ]
          ]
        ]
      }
    },
    {
      "type": "Feature",
      "properties": {
        "id": 353355309,
        "name": "BKC Office Block",
        "height": 35.0,
        "min_height": 0.0,
        "building": "yes"
      },
      "geometry": {
        "type": "Polygon",
        "coordinates": [
          [
            [
              72.8702523,
              19.0574525
            ],
            [
              72.8703257,
              19.057412
            ],
            [
              72.870289,
              19.0573525
            ],
            [
              72.8702156,
              19.0573929
            ],
            [
              72.8702523,
              19.0574525
            ]
          ]
        ]
      }
    },
    {
      "type": "Feature",
      "properties": {
        "id": 353355311,
        "name": "BKC Office Block",
        "height": 15.0,
        "min_height": 0.0,
        "building": "yes"
      },
      "geometry": {
        "type": "Polygon",
        "coordinates": [
          [
            [
              72.8635243,
              19.0692853
            ],
            [
              72.8636531,
              19.0697086
            ],
            [
              72.8637273,
              19.0696885
            ],
            [
              72.8635985,
              19.0692651
            ],
            [
              72.8635243,
              19.0692853
            ]
          ]
        ]
      }
    },
    {
      "type": "Feature",
      "properties": {
        "id": 353355313,
        "name": "BKC Office Block",
        "height": 15.0,
        "min_height": 0.0,
        "building": "yes"
      },
      "geometry": {
        "type": "Polygon",
        "coordinates": [
          [
            [
              72.8689062,
              19.0557632
            ],
            [
              72.8690802,
              19.0556719
            ],
            [
              72.8690362,
              19.0555971
            ],
            [
              72.8688622,
              19.0556883
            ],
            [
              72.8689062,
              19.0557632
            ]
          ]
        ]
      }
    },
    {
      "type": "Feature",
      "properties": {
        "id": 353355319,
        "name": "BKC Office Block",
        "height": 50.0,
        "min_height": 0.0,
        "building": "yes"
      },
      "geometry": {
        "type": "Polygon",
        "coordinates": [
          [
            [
              72.8630657,
              19.071334
            ],
            [
              72.8630491,
              19.0714702
            ],
            [
              72.8632163,
              19.0714884
            ],
            [
              72.8632329,
              19.0713521
            ],
            [
              72.8630657,
              19.071334
            ]
          ]
        ]
      }
    },
    {
      "type": "Feature",
      "properties": {
        "id": 353355323,
        "name": "BKC Office Block",
        "height": 70.0,
        "min_height": 0.0,
        "building": "yes"
      },
      "geometry": {
        "type": "Polygon",
        "coordinates": [
          [
            [
              72.8692871,
              19.0566801
            ],
            [
              72.8696429,
              19.0564537
            ],
            [
              72.8695054,
              19.0562607
            ],
            [
              72.8691496,
              19.056487
            ],
            [
              72.8692871,
              19.0566801
            ]
          ]
        ]
      }
    },
    {
      "type": "Feature",
      "properties": {
        "id": 353355327,
        "name": "BKC Office Block",
        "height": 70.0,
        "min_height": 0.0,
        "building": "yes"
      },
      "geometry": {
        "type": "Polygon",
        "coordinates": [
          [
            [
              72.8628064,
              19.0715846
            ],
            [
              72.8629737,
              19.0715883
            ],
            [
              72.8629752,
              19.0715243
            ],
            [
              72.862808,
              19.0715206
            ],
            [
              72.8628064,
              19.0715846
            ]
          ]
        ]
      }
    },
    {
      "type": "Feature",
      "properties": {
        "id": 353355336,
        "name": "BKC Office Block",
        "height": 50.0,
        "min_height": 0.0,
        "building": "yes"
      },
      "geometry": {
        "type": "Polygon",
        "coordinates": [
          [
            [
              72.8707158,
              19.0596566
            ],
            [
              72.8708074,
              19.0596204
            ],
            [
              72.8707705,
              19.059537
            ],
            [
              72.8706789,
              19.0595733
            ],
            [
              72.8707158,
              19.0596566
            ]
          ]
        ]
      }
    },
    {
      "type": "Feature",
      "properties": {
        "id": 353355343,
        "name": "BKC Office Block",
        "height": 25.0,
        "min_height": 0.0,
        "building": "yes"
      },
      "geometry": {
        "type": "Polygon",
        "coordinates": [
          [
            [
              72.8698591,
              19.0571034
            ],
            [
              72.8699306,
              19.0572107
            ],
            [
              72.8701033,
              19.0571079
            ],
            [
              72.8700318,
              19.0570006
            ],
            [
              72.8698591,
              19.0571034
            ]
          ]
        ]
      }
    },
    {
      "type": "Feature",
      "properties": {
        "id": 353355347,
        "name": "BKC Office Block",
        "height": 35.0,
        "min_height": 0.0,
        "building": "yes"
      },
      "geometry": {
        "type": "Polygon",
        "coordinates": [
          [
            [
              72.8627554,
              19.0718408
            ],
            [
              72.8628172,
              19.0718452
            ],
            [
              72.8628178,
              19.0718371
            ],
            [
              72.8629154,
              19.0718441
            ],
            [
              72.8629142,
              19.0718588
            ],
            [
              72.8630015,
              19.071865
            ],
            [
              72.8630049,
              19.0718234
            ],
            [
              72.8629774,
              19.0718215
            ],
            [
              72.86298,
              19.0717881
            ],
            [
              72.8630075,
              19.07179
            ],
            [
              72.863012,
              19.0717338
            ],
            [
              72.8627653,
              19.0717161
            ],
            [
              72.8627554,
              19.0718408
            ]
          ]
        ]
      }
    },
    {
      "type": "Feature",
      "properties": {
        "id": 353355349,
        "name": "BKC Office Block",
        "height": 35.0,
        "min_height": 0.0,
        "building": "yes"
      },
      "geometry": {
        "type": "Polygon",
        "coordinates": [
          [
            [
              72.8722891,
              19.0618587
            ],
            [
              72.8723825,
              19.0618293
            ],
            [
              72.8723281,
              19.0616751
            ],
            [
              72.8722347,
              19.0617046
            ],
            [
              72.8722891,
              19.0618587
            ]
          ]
        ]
      }
    },
    {
      "type": "Feature",
      "properties": {
        "id": 353355350,
        "name": "BKC Office Block",
        "height": 15.0,
        "min_height": 0.0,
        "building": "yes"
      },
      "geometry": {
        "type": "Polygon",
        "coordinates": [
          [
            [
              72.8646212,
              19.0602671
            ],
            [
              72.8647595,
              19.0602779
            ],
            [
              72.8647732,
              19.060122
            ],
            [
              72.8646349,
              19.0601111
            ],
            [
              72.8646212,
              19.0602671
            ]
          ]
        ]
      }
    },
    {
      "type": "Feature",
      "properties": {
        "id": 353355365,
        "name": "BKC Office Block",
        "height": 70.0,
        "min_height": 0.0,
        "building": "yes"
      },
      "geometry": {
        "type": "Polygon",
        "coordinates": [
          [
            [
              72.869501,
              19.0570827
            ],
            [
              72.8697045,
              19.0569639
            ],
            [
              72.8696571,
              19.0568914
            ],
            [
              72.8694537,
              19.0570103
            ],
            [
              72.869501,
              19.0570827
            ]
          ]
        ]
      }
    },
    {
      "type": "Feature",
      "properties": {
        "id": 353355371,
        "name": "BKC Office Block",
        "height": 50.0,
        "min_height": 0.0,
        "building": "yes"
      },
      "geometry": {
        "type": "Polygon",
        "coordinates": [
          [
            [
              72.8724652,
              19.0618279
            ],
            [
              72.8725771,
              19.0618004
            ],
            [
              72.8725852,
              19.0618299
            ],
            [
              72.8726216,
              19.061821
            ],
            [
              72.8726135,
              19.0617915
            ],
            [
              72.8726746,
              19.0617765
            ],
            [
              72.8726292,
              19.0616113
            ],
            [
              72.8725598,
              19.0616284
            ],
            [
              72.8725903,
              19.0617391
            ],
            [
              72.8724503,
              19.0617735
            ],
            [
              72.8724652,
              19.0618279
            ]
          ]
        ]
      }
    },
    {
      "type": "Feature",
      "properties": {
        "id": 353355373,
        "name": "BKC Office Block",
        "height": 35.0,
        "min_height": 0.0,
        "building": "yes"
      },
      "geometry": {
        "type": "Polygon",
        "coordinates": [
          [
            [
              72.8657493,
              19.0716331
            ],
            [
              72.8660732,
              19.0717657
            ],
            [
              72.8661339,
              19.0716283
            ],
            [
              72.865989,
              19.0715639
            ],
            [
              72.8659697,
              19.0716003
            ],
            [
              72.8657967,
              19.0715295
            ],
            [
              72.8657493,
              19.0716331
            ]
          ]
        ]
      }
    },
    {
      "type": "Feature",
      "properties": {
        "id": 353355376,
        "name": "One BKC",
        "height": 35.0,
        "min_height": 0.0,
        "building": "office"
      },
      "geometry": {
        "type": "Polygon",
        "coordinates": [
          [
            [
              72.8645161,
              19.0609266
            ],
            [
              72.8655133,
              19.0610037
            ],
            [
              72.8655541,
              19.060164
            ],
            [
              72.8650435,
              19.0601203
            ],
            [
              72.8650159,
              19.0605299
            ],
            [
              72.8645454,
              19.060519
            ],
            [
              72.8645161,
              19.0609266
            ]
          ]
        ]
      }
    },
    {
      "type": "Feature",
      "properties": {
        "id": 353355378,
        "name": "BKC Office Block",
        "height": 35.0,
        "min_height": 0.0,
        "building": "yes"
      },
      "geometry": {
        "type": "Polygon",
        "coordinates": [
          [
            [
              72.8691291,
              19.0564763
            ],
            [
              72.8693955,
              19.0563195
            ],
            [
              72.8693617,
              19.0562682
            ],
            [
              72.8692838,
              19.0563141
            ],
            [
              72.8692735,
              19.0562983
            ],
            [
              72.8694713,
              19.0561819
            ],
            [
              72.8694374,
              19.0561305
            ],
            [
              72.869051,
              19.0563578
            ],
            [
              72.8691291,
              19.0564763
            ]
          ]
        ]
      }
    },
    {
      "type": "Feature",
      "properties": {
        "id": 353363111,
        "name": "BKC Office Block",
        "height": 15.0,
        "min_height": 0.0,
        "building": "yes"
      },
      "geometry": {
        "type": "Polygon",
        "coordinates": [
          [
            [
              72.8743774,
              19.0674386
            ],
            [
              72.8746669,
              19.0674418
            ],
            [
              72.8746681,
              19.067346
            ],
            [
              72.8743786,
              19.0673428
            ],
            [
              72.8743774,
              19.0674386
            ]
          ]
        ]
      }
    },
    {
      "type": "Feature",
      "properties": {
        "id": 353363124,
        "name": "BKC Office Block",
        "height": 15.0,
        "min_height": 0.0,
        "building": "yes"
      },
      "geometry": {
        "type": "Polygon",
        "coordinates": [
          [
            [
              72.8743018,
              19.0666546
            ],
            [
              72.8744313,
              19.066642
            ],
            [
              72.8744243,
              19.0665777
            ],
            [
              72.8744036,
              19.0665798
            ],
            [
              72.8743995,
              19.0665425
            ],
            [
              72.8743683,
              19.0665456
            ],
            [
              72.8743701,
              19.0665625
            ],
            [
              72.8743473,
              19.0665647
            ],
            [
              72.8743461,
              19.0665535
            ],
            [
              72.874311,
              19.0665569
            ],
            [
              72.8743141,
              19.0665856
            ],
            [
              72.8742945,
              19.0665875
            ],
            [
              72.8743018,
              19.0666546
            ]
          ]
        ]
      }
    },
    {
      "type": "Feature",
      "properties": {
        "id": 353363125,
        "name": "BKC Office Block",
        "height": 50.0,
        "min_height": 0.0,
        "building": "yes"
      },
      "geometry": {
        "type": "Polygon",
        "coordinates": [
          [
            [
              72.8688541,
              19.0534871
            ],
            [
              72.86876,
              19.0535024
            ],
            [
              72.8687877,
              19.0536557
            ],
            [
              72.8686991,
              19.0536701
            ],
            [
              72.8687124,
              19.0537434
            ],
            [
              72.8687612,
              19.0537355
            ],
            [
              72.8687651,
              19.0537571
            ],
            [
              72.8688048,
              19.0537507
            ],
            [
              72.8688166,
              19.0538159
            ],
            [
              72.8689108,
              19.0538006
            ],
            [
              72.8688541,
              19.0534871
            ]
          ]
        ]
      }
    },
    {
      "type": "Feature",
      "properties": {
        "id": 353363126,
        "name": "BKC Office Block",
        "height": 15.0,
        "min_height": 0.0,
        "building": "yes"
      },
      "geometry": {
        "type": "Polygon",
        "coordinates": [
          [
            [
              72.8742719,
              19.0651087
            ],
            [
              72.8744,
              19.0650744
            ],
            [
              72.8743775,
              19.0649993
            ],
            [
              72.8743338,
              19.065011
            ],
            [
              72.8742978,
              19.064891
            ],
            [
              72.8743415,
              19.0648793
            ],
            [
              72.8743231,
              19.0648182
            ],
            [
              72.8742043,
              19.0648611
            ],
            [
              72.8742719,
              19.0651087
            ]
          ]
        ]
      }
    },
    {
      "type": "Feature",
      "properties": {
        "id": 353363128,
        "name": "BKC Office Block",
        "height": 70.0,
        "min_height": 0.0,
        "building": "yes"
      },
      "geometry": {
        "type": "Polygon",
        "coordinates": [
          [
            [
              72.874522,
              19.0657051
            ],
            [
              72.8744349,
              19.0657137
            ],
            [
              72.8744461,
              19.0658148
            ],
            [
              72.8744213,
              19.0658173
            ],
            [
              72.8744236,
              19.065838
            ],
            [
              72.8743997,
              19.0658403
            ],
            [
              72.8744064,
              19.0659008
            ],
            [
              72.8744342,
              19.065898
            ],
            [
              72.8744353,
              19.0659075
            ],
            [
              72.8744562,
              19.0659054
            ],
            [
              72.8744648,
              19.0659829
            ],
            [
              72.8745519,
              19.0659743
            ],
            [
              72.874522,
              19.0657051
            ]
          ]
        ]
      }
    },
    {
      "type": "Feature",
      "properties": {
        "id": 353363129,
        "name": "BKC Office Block",
        "height": 15.0,
        "min_height": 0.0,
        "building": "yes"
      },
      "geometry": {
        "type": "Polygon",
        "coordinates": [
          [
            [
              72.8771645,
              19.0664202
            ],
            [
              72.8772861,
              19.0663694
            ],
            [
              72.8771999,
              19.0661593
            ],
            [
              72.8771536,
              19.0661966
            ],
            [
              72.877136,
              19.0661953
            ],
            [
              72.877119,
              19.0662461
            ],
            [
              72.8770245,
              19.0662184
            ],
            [
              72.8769905,
              19.0663064
            ],
            [
              72.8770456,
              19.0663334
            ],
            [
              72.8770863,
              19.0663996
            ],
            [
              72.8771183,
              19.0664002
            ],
            [
              72.877119,
              19.0663559
            ],
            [
              72.8771346,
              19.0663546
            ],
            [
              72.8771645,
              19.0664202
            ]
          ]
        ]
      }
    },
    {
      "type": "Feature",
      "properties": {
        "id": 353363133,
        "name": "BKC Office Block",
        "height": 14.0,
        "min_height": 0.0,
        "building": "yes"
      },
      "geometry": {
        "type": "Polygon",
        "coordinates": [
          [
            [
              72.8689676,
              19.0542353
            ],
            [
              72.8691067,
              19.0541542
            ],
            [
              72.8690824,
              19.054117
            ],
            [
              72.8690699,
              19.0541243
            ],
            [
              72.8690411,
              19.0540802
            ],
            [
              72.8690069,
              19.0541001
            ],
            [
              72.8689866,
              19.054069
            ],
            [
              72.8690213,
              19.0540488
            ],
            [
              72.8690042,
              19.0540226
            ],
            [
              72.8690167,
              19.0540153
            ],
            [
              72.8689892,
              19.0539733
            ],
            [
              72.8688384,
              19.0540613
            ],
            [
              72.8688701,
              19.0541098
            ],
            [
              72.8688902,
              19.0540981
            ],
            [
              72.8689089,
              19.0541268
            ],
            [
              72.8689223,
              19.054119
            ],
            [
              72.8689596,
              19.0541762
            ],
            [
              72.8689374,
              19.0541891
            ],
            [
              72.8689676,
              19.0542353
            ]
          ]
        ]
      }
    },
    {
      "type": "Feature",
      "properties": {
        "id": 353363135,
        "name": "Sri Krishna CHS",
        "height": 70.0,
        "min_height": 0.0,
        "building": "yes"
      },
      "geometry": {
        "type": "Polygon",
        "coordinates": [
          [
            [
              72.8744154,
              19.0668056
            ],
            [
              72.8745166,
              19.0667979
            ],
            [
              72.8745185,
              19.0668198
            ],
            [
              72.874555,
              19.066817
            ],
            [
              72.8745526,
              19.0667886
            ],
            [
              72.8746686,
              19.0667798
            ],
            [
              72.8746662,
              19.0667526
            ],
            [
              72.8746446,
              19.0667543
            ],
            [
              72.8746413,
              19.066716
            ],
            [
              72.8746599,
              19.0667146
            ],
            [
              72.8746581,
              19.0666926
            ],
            [
              72.8744075,
              19.0667118
            ],
            [
              72.8744106,
              19.0667482
            ],
            [
              72.8744352,
              19.0667463
            ],
            [
              72.8744381,
              19.0667803
            ],
            [
              72.8744134,
              19.0667822
            ],
            [
              72.8744154,
              19.0668056
            ]
          ]
        ]
      }
    },
    {
      "type": "Feature",
      "properties": {
        "id": 353363136,
        "name": "BKC Office Block",
        "height": 35.0,
        "min_height": 0.0,
        "building": "yes"
      },
      "geometry": {
        "type": "Polygon",
        "coordinates": [
          [
            [
              72.8761632,
              19.0647497
            ],
            [
              72.8763237,
              19.0649123
            ],
            [
              72.8764081,
              19.0648379
            ],
            [
              72.8762476,
              19.0646752
            ],
            [
              72.8761632,
              19.0647497
            ]
          ]
        ]
      }
    },
    {
      "type": "Feature",
      "properties": {
        "id": 353363138,
        "name": "BKC Office Block",
        "height": 70.0,
        "min_height": 0.0,
        "building": "yes"
      },
      "geometry": {
        "type": "Polygon",
        "coordinates": [
          [
            [
              72.8742422,
              19.0623061
            ],
            [
              72.8743417,
              19.0622666
            ],
            [
              72.8743053,
              19.0621847
            ],
            [
              72.8742058,
              19.0622242
            ],
            [
              72.8742422,
              19.0623061
            ]
          ]
        ]
      }
    },
    {
      "type": "Feature",
      "properties": {
        "id": 353363142,
        "name": "BKC Office Block",
        "height": 25.0,
        "min_height": 0.0,
        "building": "yes"
      },
      "geometry": {
        "type": "Polygon",
        "coordinates": [
          [
            [
              72.8776204,
              19.0664695
            ],
            [
              72.8777299,
              19.0667012
            ],
            [
              72.8778194,
              19.0666634
            ],
            [
              72.8777099,
              19.0664317
            ],
            [
              72.8776204,
              19.0664695
            ]
          ]
        ]
      }
    },
    {
      "type": "Feature",
      "properties": {
        "id": 353363144,
        "name": "BKC Office Block",
        "height": 50.0,
        "min_height": 0.0,
        "building": "yes"
      },
      "geometry": {
        "type": "Polygon",
        "coordinates": [
          [
            [
              72.8729622,
              19.0609905
            ],
            [
              72.8730757,
              19.061194
            ],
            [
              72.8731784,
              19.0611429
            ],
            [
              72.873065,
              19.0609393
            ],
            [
              72.8729622,
              19.0609905
            ]
          ]
        ]
      }
    },
    {
      "type": "Feature",
      "properties": {
        "id": 353363145,
        "name": "BKC Office Block",
        "height": 50.0,
        "min_height": 0.0,
        "building": "yes"
      },
      "geometry": {
        "type": "Polygon",
        "coordinates": [
          [
            [
              72.8750317,
              19.0669908
            ],
            [
              72.8750981,
              19.0669872
            ],
            [
              72.875094,
              19.0669204
            ],
            [
              72.8750276,
              19.066924
            ],
            [
              72.8750317,
              19.0669908
            ]
          ]
        ]
      }
    },
    {
      "type": "Feature",
      "properties": {
        "id": 353363146,
        "name": "BKC Office Block",
        "height": 50.0,
        "min_height": 0.0,
        "building": "yes"
      },
      "geometry": {
        "type": "Polygon",
        "coordinates": [
          [
            [
              72.8750928,
              19.0636531
            ],
            [
              72.8752002,
              19.063587
            ],
            [
              72.8751817,
              19.0635602
            ],
            [
              72.8750743,
              19.0636263
            ],
            [
              72.8750928,
              19.0636531
            ]
          ]
        ]
      }
    },
    {
      "type": "Feature",
      "properties": {
        "id": 353363147,
        "name": "BKC Office Block",
        "height": 15.0,
        "min_height": 0.0,
        "building": "yes"
      },
      "geometry": {
        "type": "Polygon",
        "coordinates": [
          [
            [
              72.8751533,
              19.0655616
            ],
            [
              72.8751834,
              19.0657234
            ],
            [
              72.8753079,
              19.0657027
            ],
            [
              72.8752895,
              19.0656036
            ],
            [
              72.8752484,
              19.0656104
            ],
            [
              72.8752367,
              19.0655478
            ],
            [
              72.8751533,
              19.0655616
            ]
          ]
        ]
      }
    },
    {
      "type": "Feature",
      "properties": {
        "id": 353363149,
        "name": "BKC Office Block",
        "height": 50.0,
        "min_height": 0.0,
        "building": "yes"
      },
      "geometry": {
        "type": "Polygon",
        "coordinates": [
          [
            [
              72.8767063,
              19.0653895
            ],
            [
              72.8767682,
              19.0654865
            ],
            [
              72.8768292,
              19.0654518
            ],
            [
              72.8767673,
              19.0653548
            ],
            [
              72.8767063,
              19.0653895
            ]
          ]
        ]
      }
    },
    {
      "type": "Feature",
      "properties": {
        "id": 353363150,
        "name": "BKC Office Block",
        "height": 15.0,
        "min_height": 0.0,
        "building": "yes"
      },
      "geometry": {
        "type": "Polygon",
        "coordinates": [
          [
            [
              72.8698936,
              19.052731
            ],
            [
              72.869996,
              19.0527278
            ],
            [
              72.8699854,
              19.0524361
            ],
            [
              72.869883,
              19.0524394
            ],
            [
              72.8698936,
              19.052731
            ]
          ]
        ]
      }
    },
    {
      "type": "Feature",
      "properties": {
        "id": 353363151,
        "name": "BKC Office Block",
        "height": 70.0,
        "min_height": 0.0,
        "building": "yes"
      },
      "geometry": {
        "type": "Polygon",
        "coordinates": [
          [
            [
              72.8739835,
              19.0666101
            ],
            [
              72.8740025,
              19.0667605
            ],
            [
              72.8740683,
              19.066753
            ],
            [
              72.8740492,
              19.0666027
            ],
            [
              72.8739835,
              19.0666101
            ]
          ]
        ]
      }
    },
    {
      "type": "Feature",
      "properties": {
        "id": 353363152,
        "name": "BKC Office Block",
        "height": 25.0,
        "min_height": 0.0,
        "building": "yes"
      },
      "geometry": {
        "type": "Polygon",
        "coordinates": [
          [
            [
              72.8747218,
              19.0649046
            ],
            [
              72.8749618,
              19.0648233
            ],
            [
              72.8748849,
              19.0646207
            ],
            [
              72.8746448,
              19.0647021
            ],
            [
              72.8747218,
              19.0649046
            ]
          ]
        ]
      }
    },
    {
      "type": "Feature",
      "properties": {
        "id": 353363155,
        "name": "BKC Office Block",
        "height": 25.0,
        "min_height": 0.0,
        "building": "yes"
      },
      "geometry": {
        "type": "Polygon",
        "coordinates": [
          [
            [
              72.8686874,
              19.0532627
            ],
            [
              72.868802,
              19.0532362
            ],
            [
              72.8688054,
              19.0532493
            ],
            [
              72.868882,
              19.0532315
            ],
            [
              72.8688722,
              19.0531938
            ],
            [
              72.8688387,
              19.0532016
            ],
            [
              72.8688275,
              19.0531588
            ],
            [
              72.8687783,
              19.0531702
            ],
            [
              72.8687741,
              19.0531539
            ],
            [
              72.8687109,
              19.0531685
            ],
            [
              72.8686977,
              19.0531174
            ],
            [
              72.8686524,
              19.0531279
            ],
            [
              72.8686874,
              19.0532627
            ]
          ]
        ]
      }
    },
    {
      "type": "Feature",
      "properties": {
        "id": 353363157,
        "name": "BKC Office Block",
        "height": 70.0,
        "min_height": 0.0,
        "building": "yes"
      },
      "geometry": {
        "type": "Polygon",
        "coordinates": [
          [
            [
              72.8743126,
              19.066211
            ],
            [
              72.8745668,
              19.0662181
            ],
            [
              72.8745694,
              19.0661354
            ],
            [
              72.8743152,
              19.0661283
            ],
            [
              72.8743126,
              19.066211
            ]
          ]
        ]
      }
    },
    {
      "type": "Feature",
      "properties": {
        "id": 353363158,
        "name": "BKC Office Block",
        "height": 70.0,
        "min_height": 0.0,
        "building": "yes"
      },
      "geometry": {
        "type": "Polygon",
        "coordinates": [
          [
            [
              72.8764122,
              19.0650034
            ],
            [
              72.8765602,
              19.0648907
            ],
            [
              72.8764903,
              19.0648086
            ],
            [
              72.8764178,
              19.0648637
            ],
            [
              72.8764343,
              19.0648831
            ],
            [
              72.8763587,
              19.0649406
            ],
            [
              72.8764122,
              19.0650034
            ]
          ]
        ]
      }
    },
    {
      "type": "Feature",
      "properties": {
        "id": 353363160,
        "name": "BKC Office Block",
        "height": 25.0,
        "min_height": 0.0,
        "building": "yes"
      },
      "geometry": {
        "type": "Polygon",
        "coordinates": [
          [
            [
              72.873998,
              19.0629223
            ],
            [
              72.874042,
              19.0630171
            ],
            [
              72.8742031,
              19.0629503
            ],
            [
              72.8741591,
              19.0628555
            ],
            [
              72.873998,
              19.0629223
            ]
          ]
        ]
      }
    },
    {
      "type": "Feature",
      "properties": {
        "id": 353363161,
        "name": "BKC Office Block",
        "height": 15.0,
        "min_height": 0.0,
        "building": "yes"
      },
      "geometry": {
        "type": "Polygon",
        "coordinates": [
          [
            [
              72.8734908,
              19.0640149
            ],
            [
              72.8736975,
              19.0639268
            ],
            [
              72.8736188,
              19.063762
            ],
            [
              72.8734121,
              19.0638501
            ],
            [
              72.8734908,
              19.0640149
            ]
          ]
        ]
      }
    },
    {
      "type": "Feature",
      "properties": {
        "id": 353363162,
        "name": "BKC Office Block",
        "height": 35.0,
        "min_height": 0.0,
        "building": "yes"
      },
      "geometry": {
        "type": "Polygon",
        "coordinates": [
          [
            [
              72.8730115,
              19.0614517
            ],
            [
              72.8730999,
              19.0616606
            ],
            [
              72.8731419,
              19.0616448
            ],
            [
              72.8730534,
              19.0614358
            ],
            [
              72.8730115,
              19.0614517
            ]
          ]
        ]
      }
    },
    {
      "type": "Feature",
      "properties": {
        "id": 353363163,
        "name": "BKC Office Block",
        "height": 50.0,
        "min_height": 0.0,
        "building": "yes"
      },
      "geometry": {
        "type": "Polygon",
        "coordinates": [
          [
            [
              72.87512,
              19.0636955
            ],
            [
              72.8752227,
              19.0636235
            ],
            [
              72.8751997,
              19.0635943
            ],
            [
              72.8750971,
              19.0636663
            ],
            [
              72.87512,
              19.0636955
            ]
          ]
        ]
      }
    },
    {
      "type": "Feature",
      "properties": {
        "id": 353363164,
        "name": "BKC Office Block",
        "height": 15.0,
        "min_height": 0.0,
        "building": "yes"
      },
      "geometry": {
        "type": "Polygon",
        "coordinates": [
          [
            [
              72.8754977,
              19.0655286
            ],
            [
              72.8755187,
              19.0656295
            ],
            [
              72.8755849,
              19.0656171
            ],
            [
              72.8755638,
              19.0655162
            ],
            [
              72.8754977,
              19.0655286
            ]
          ]
        ]
      }
    },
    {
      "type": "Feature",
      "properties": {
        "id": 353363165,
        "name": "BKC Office Block",
        "height": 50.0,
        "min_height": 0.0,
        "building": "yes"
      },
      "geometry": {
        "type": "Polygon",
        "coordinates": [
          [
            [
              72.873438,
              19.0579488
            ],
            [
              72.8734489,
              19.0582071
            ],
            [
              72.8736196,
              19.0582007
            ],
            [
              72.8736087,
              19.0579424
            ],
            [
              72.873438,
              19.0579488
            ]
          ]
        ]
      }
    },
    {
      "type": "Feature",
      "properties": {
        "id": 353363167,
        "name": "BKC Office Block",
        "height": 70.0,
        "min_height": 0.0,
        "building": "yes"
      },
      "geometry": {
        "type": "Polygon",
        "coordinates": [
          [
            [
              72.8762523,
              19.0657973
            ],
            [
              72.8763774,
              19.0657195
            ],
            [
              72.8763222,
              19.0656401
            ],
            [
              72.8761971,
              19.0657179
            ],
            [
              72.8762523,
              19.0657973
            ]
          ]
        ]
      }
    },
    {
      "type": "Feature",
      "properties": {
        "id": 353363168,
        "name": "BKC Office Block",
        "height": 15.0,
        "min_height": 0.0,
        "building": "yes"
      },
      "geometry": {
        "type": "Polygon",
        "coordinates": [
          [
            [
              72.8751241,
              19.0652956
            ],
            [
              72.8752606,
              19.0652786
            ],
            [
              72.8752464,
              19.0651776
            ],
            [
              72.8752063,
              19.0651826
            ],
            [
              72.8752077,
              19.0651924
            ],
            [
              72.8751113,
              19.0652044
            ],
            [
              72.8751241,
              19.0652956
            ]
          ]
        ]
      }
    },
    {
      "type": "Feature",
      "properties": {
        "id": 353363169,
        "name": "BKC Office Block",
        "height": 15.0,
        "min_height": 0.0,
        "building": "yes"
      },
      "geometry": {
        "type": "Polygon",
        "coordinates": [
          [
            [
              72.8737462,
              19.0615762
            ],
            [
              72.8737992,
              19.0615364
            ],
            [
              72.8737712,
              19.0615031
            ],
            [
              72.8737182,
              19.0615429
            ],
            [
              72.8737462,
              19.0615762
            ]
          ]
        ]
      }
    },
    {
      "type": "Feature",
      "properties": {
        "id": 353363170,
        "name": "BKC Office Block",
        "height": 70.0,
        "min_height": 0.0,
        "building": "yes"
      },
      "geometry": {
        "type": "Polygon",
        "coordinates": [
          [
            [
              72.8737499,
              19.0652549
            ],
            [
              72.8738938,
              19.0652314
            ],
            [
              72.8738524,
              19.0650051
            ],
            [
              72.8737086,
              19.0650286
            ],
            [
              72.8737499,
              19.0652549
            ]
          ]
        ]
      }
    },
    {
      "type": "Feature",
      "properties": {
        "id": 353363172,
        "name": "BKC Office Block",
        "height": 15.0,
        "min_height": 0.0,
        "building": "yes"
      },
      "geometry": {
        "type": "Polygon",
        "coordinates": [
          [
            [
              72.8756975,
              19.063358
            ],
            [
              72.8757813,
              19.0634668
            ],
            [
              72.8758847,
              19.0633956
            ],
            [
              72.875801,
              19.0632868
            ],
            [
              72.8756975,
              19.063358
            ]
          ]
        ]
      }
    },
    {
      "type": "Feature",
      "properties": {
        "id": 353363173,
        "name": "BKC Office Block",
        "height": 70.0,
        "min_height": 0.0,
        "building": "yes"
      },
      "geometry": {
        "type": "Polygon",
        "coordinates": [
          [
            [
              72.8764853,
              19.0650988
            ],
            [
              72.8766237,
              19.0650034
            ],
            [
              72.8765636,
              19.0649255
            ],
            [
              72.8764252,
              19.0650209
            ],
            [
              72.8764853,
              19.0650988
            ]
          ]
        ]
      }
    },
    {
      "type": "Feature",
      "properties": {
        "id": 353363175,
        "name": "BKC Office Block",
        "height": 15.0,
        "min_height": 0.0,
        "building": "yes"
      },
      "geometry": {
        "type": "Polygon",
        "coordinates": [
          [
            [
              72.8770614,
              19.0643162
            ],
            [
              72.8769702,
              19.0643158
            ],
            [
              72.8769674,
              19.0649081
            ],
            [
              72.8770587,
              19.0649085
            ],
            [
              72.8770614,
              19.0643162
            ]
          ]
        ]
      }
    },
    {
      "type": "Feature",
      "properties": {
        "id": 353363176,
        "name": "BKC Office Block",
        "height": 70.0,
        "min_height": 0.0,
        "building": "yes"
      },
      "geometry": {
        "type": "Polygon",
        "coordinates": [
          [
            [
              72.873973,
              19.063242
            ],
            [
              72.8740525,
              19.0632099
            ],
            [
              72.8740076,
              19.0631106
            ],
            [
              72.8739281,
              19.0631427
            ],
            [
              72.873973,
              19.063242
            ]
          ]
        ]
      }
    },
    {
      "type": "Feature",
      "properties": {
        "id": 353363177,
        "name": "BKC Office Block",
        "height": 50.0,
        "min_height": 0.0,
        "building": "yes"
      },
      "geometry": {
        "type": "Polygon",
        "coordinates": [
          [
            [
              72.8755468,
              19.0669978
            ],
            [
              72.8757861,
              19.0669922
            ],
            [
              72.8757806,
              19.066786
            ],
            [
              72.8755414,
              19.0667916
            ],
            [
              72.8755468,
              19.0669978
            ]
          ]
        ]
      }
    },
    {
      "type": "Feature",
      "properties": {
        "id": 353363178,
        "name": "BKC Office Block",
        "height": 15.0,
        "min_height": 0.0,
        "building": "yes"
      },
      "geometry": {
        "type": "Polygon",
        "coordinates": [
          [
            [
              72.8732718,
              19.061475
            ],
            [
              72.8732959,
              19.0612633
            ],
            [
              72.873221,
              19.0612556
            ],
            [
              72.8731969,
              19.0614673
            ],
            [
              72.8732718,
              19.061475
            ]
          ]
        ]
      }
    },
    {
      "type": "Feature",
      "properties": {
        "id": 353363179,
        "name": "BKC Office Block",
        "height": 35.0,
        "min_height": 0.0,
        "building": "yes"
      },
      "geometry": {
        "type": "Polygon",
        "coordinates": [
          [
            [
              72.874351,
              19.0621496
            ],
            [
              72.8744534,
              19.0621155
            ],
            [
              72.8744325,
              19.0620594
            ],
            [
              72.8743427,
              19.0620892
            ],
            [
              72.874352,
              19.0621143
            ],
            [
              72.8743394,
              19.0621185
            ],
            [
              72.874351,
              19.0621496
            ]
          ]
        ]
      }
    },
    {
      "type": "Feature",
      "properties": {
        "id": 353363180,
        "name": "BKC Office Block",
        "height": 35.0,
        "min_height": 0.0,
        "building": "yes"
      },
      "geometry": {
        "type": "Polygon",
        "coordinates": [
          [
            [
              72.8754581,
              19.0669317
            ],
            [
              72.8755382,
              19.0669289
            ],
            [
              72.8755328,
              19.0667901
            ],
            [
              72.8754526,
              19.0667929
            ],
            [
              72.8754581,
              19.0669317
            ]
          ]
        ]
      }
    },
    {
      "type": "Feature",
      "properties": {
        "id": 353363181,
        "name": "BKC Office Block",
        "height": 15.0,
        "min_height": 0.0,
        "building": "yes"
      },
      "geometry": {
        "type": "Polygon",
        "coordinates": [
          [
            [
              72.8729561,
              19.0626813
            ],
            [
              72.8731379,
              19.0625763
            ],
            [
              72.8731578,
              19.0626071
            ],
            [
              72.8732282,
              19.0625665
            ],
            [
              72.8731631,
              19.0624659
            ],
            [
              72.872911,
              19.0626116
            ],
            [
              72.8729561,
              19.0626813
            ]
          ]
        ]
      }
    },
    {
      "type": "Feature",
      "properties": {
        "id": 353363183,
        "name": "BKC Office Block",
        "height": 50.0,
        "min_height": 0.0,
        "building": "yes"
      },
      "geometry": {
        "type": "Polygon",
        "coordinates": [
          [
            [
              72.87289,
              19.0574681
            ],
            [
              72.8730236,
              19.0574615
            ],
            [
              72.8730155,
              19.057315
            ],
            [
              72.8728819,
              19.0573217
            ],
            [
              72.87289,
              19.0574681
            ]
          ]
        ]
      }
    },
    {
      "type": "Feature",
      "properties": {
        "id": 353363184,
        "name": "BKC Office Block",
        "height": 15.0,
        "min_height": 0.0,
        "building": "yes"
      },
      "geometry": {
        "type": "Polygon",
        "coordinates": [
          [
            [
              72.8750973,
              19.0659064
            ],
            [
              72.8751781,
              19.0658981
            ],
            [
              72.8751696,
              19.065824
            ],
            [
              72.8750887,
              19.0658323
            ],
            [
              72.8750973,
              19.0659064
            ]
          ]
        ]
      }
    },
    {
      "type": "Feature",
      "properties": {
        "id": 353363185,
        "name": "BKC Office Block",
        "height": 25.0,
        "min_height": 0.0,
        "building": "yes"
      },
      "geometry": {
        "type": "Polygon",
        "coordinates": [
          [
            [
              72.8737182,
              19.0615358
            ],
            [
              72.8737734,
              19.0614931
            ],
            [
              72.8737533,
              19.0614698
            ],
            [
              72.873698,
              19.0615125
            ],
            [
              72.8737182,
              19.0615358
            ]
          ]
        ]
      }
    },
    {
      "type": "Feature",
      "properties": {
        "id": 353363187,
        "name": "BKC Office Block",
        "height": 35.0,
        "min_height": 0.0,
        "building": "yes"
      },
      "geometry": {
        "type": "Polygon",
        "coordinates": [
          [
            [
              72.8747719,
              19.0650866
            ],
            [
              72.8747947,
              19.0651591
            ],
            [
              72.8750482,
              19.0650788
            ],
            [
              72.8750317,
              19.0650081
            ],
            [
              72.8747719,
              19.0650866
            ]
          ]
        ]
      }
    },
    {
      "type": "Feature",
      "properties": {
        "id": 353363189,
        "name": "BKC Office Block",
        "height": 25.0,
        "min_height": 0.0,
        "building": "yes"
      },
      "geometry": {
        "type": "Polygon",
        "coordinates": [
          [
            [
              72.8773666,
              19.064333
            ],
            [
              72.8773559,
              19.0647327
            ],
            [
              72.8774402,
              19.0647347
            ],
            [
              72.8774509,
              19.064335
            ],
            [
              72.8773666,
              19.064333
            ]
          ]
        ]
      }
    },
    {
      "type": "Feature",
      "properties": {
        "id": 353363190,
        "name": "BKC Office Block",
        "height": 70.0,
        "min_height": 0.0,
        "building": "yes"
      },
      "geometry": {
        "type": "Polygon",
        "coordinates": [
          [
            [
              72.8740771,
              19.0632239
            ],
            [
              72.8739857,
              19.063268
            ],
            [
              72.8740354,
              19.0633603
            ],
            [
              72.8741269,
              19.0633162
            ],
            [
              72.8740771,
              19.0632239
            ]
          ]
        ]
      }
    },
    {
      "type": "Feature",
      "properties": {
        "id": 353363191,
        "name": "BKC Office Block",
        "height": 15.0,
        "min_height": 0.0,
        "building": "yes"
      },
      "geometry": {
        "type": "Polygon",
        "coordinates": [
          [
            [
              72.8742025,
              19.0636915
            ],
            [
              72.8742534,
              19.0637925
            ],
            [
              72.8743893,
              19.0637313
            ],
            [
              72.8743384,
              19.0636303
            ],
            [
              72.8742025,
              19.0636915
            ]
          ]
        ]
      }
    },
    {
      "type": "Feature",
      "properties": {
        "id": 353363192,
        "name": "BKC Office Block",
        "height": 25.0,
        "min_height": 0.0,
        "building": "yes"
      },
      "geometry": {
        "type": "Polygon",
        "coordinates": [
          [
            [
              72.8748506,
              19.0634579
            ],
            [
              72.8749396,
              19.0634116
            ],
            [
              72.8749087,
              19.0633586
            ],
            [
              72.8748197,
              19.0634049
            ],
            [
              72.8748506,
              19.0634579
            ]
          ]
        ]
      }
    },
    {
      "type": "Feature",
      "properties": {
        "id": 353363193,
        "name": "BKC Office Block",
        "height": 35.0,
        "min_height": 0.0,
        "building": "yes"
      },
      "geometry": {
        "type": "Polygon",
        "coordinates": [
          [
            [
              72.8745945,
              19.0675174
            ],
            [
              72.8746007,
              19.0675987
            ],
            [
              72.874667,
              19.0675942
            ],
            [
              72.8746607,
              19.0675128
            ],
            [
              72.8745945,
              19.0675174
            ]
          ]
        ]
      }
    },
    {
      "type": "Feature",
      "properties": {
        "id": 353363194,
        "name": "BKC Office Block",
        "height": 70.0,
        "min_height": 0.0,
        "building": "yes"
      },
      "geometry": {
        "type": "Polygon",
        "coordinates": [
          [
            [
              72.8741255,
              19.0623897
            ],
            [
              72.8742399,
              19.0623383
            ],
            [
              72.8742123,
              19.0622834
            ],
            [
              72.8740979,
              19.0623347
            ],
            [
              72.8741255,
              19.0623897
            ]
          ]
        ]
      }
    },
    {
      "type": "Feature",
      "properties": {
        "id": 353363196,
        "name": "BKC Office Block",
        "height": 50.0,
        "min_height": 0.0,
        "building": "yes"
      },
      "geometry": {
        "type": "Polygon",
        "coordinates": [
          [
            [
              72.8776809,
              19.0662811
            ],
            [
              72.8778183,
              19.0662094
            ],
            [
              72.8777716,
              19.0661295
            ],
            [
              72.8776342,
              19.0662013
            ],
            [
              72.8776809,
              19.0662811
            ]
          ]
        ]
      }
    },
    {
      "type": "Feature",
      "properties": {
        "id": 353363197,
        "name": "BKC Office Block",
        "height": 25.0,
        "min_height": 0.0,
        "building": "yes"
      },
      "geometry": {
        "type": "Polygon",
        "coordinates": [
          [
            [
              72.8753555,
              19.0659075
            ],
            [
              72.8754988,
              19.0658915
            ],
            [
              72.8754845,
              19.0657772
            ],
            [
              72.8753412,
              19.0657931
            ],
            [
              72.8753555,
              19.0659075
            ]
          ]
        ]
      }
    },
    {
      "type": "Feature",
      "properties": {
        "id": 353363198,
        "name": "BKC Office Block",
        "height": 70.0,
        "min_height": 0.0,
        "building": "yes"
      },
      "geometry": {
        "type": "Polygon",
        "coordinates": [
          [
            [
              72.8738114,
              19.0615376
            ],
            [
              72.8738787,
              19.0614872
            ],
            [
              72.8738454,
              19.0614474
            ],
            [
              72.8737781,
              19.0614978
            ],
            [
              72.8738114,
              19.0615376
            ]
          ]
        ]
      }
    },
    {
      "type": "Feature",
      "properties": {
        "id": 353363199,
        "name": "BKC Office Block",
        "height": 35.0,
        "min_height": 0.0,
        "building": "yes"
      },
      "geometry": {
        "type": "Polygon",
        "coordinates": [
          [
            [
              72.8749789,
              19.0662367
            ],
            [
              72.8751073,
              19.0662284
            ],
            [
              72.8751017,
              19.0661508
            ],
            [
              72.8749732,
              19.0661591
            ],
            [
              72.8749789,
              19.0662367
            ]
          ]
        ]
      }
    },
    {
      "type": "Feature",
      "properties": {
        "id": 353363200,
        "name": "BKC Office Block",
        "height": 50.0,
        "min_height": 0.0,
        "building": "yes"
      },
      "geometry": {
        "type": "Polygon",
        "coordinates": [
          [
            [
              72.8744152,
              19.065512
            ],
            [
              72.8744291,
              19.0656565
            ],
            [
              72.8744994,
              19.0656504
            ],
            [
              72.8744854,
              19.065506
            ],
            [
              72.8744152,
              19.065512
            ]
          ]
        ]
      }
    },
    {
      "type": "Feature",
      "properties": {
        "id": 353363202,
        "name": "BKC Office Block",
        "height": 35.0,
        "min_height": 0.0,
        "building": "yes"
      },
      "geometry": {
        "type": "Polygon",
        "coordinates": [
          [
            [
              72.8752027,
              19.0659235
            ],
            [
              72.8753447,
              19.0659017
            ],
            [
              72.8753268,
              19.0657977
            ],
            [
              72.8751848,
              19.0658195
            ],
            [
              72.8752027,
              19.0659235
            ]
          ]
        ]
      }
    },
    {
      "type": "Feature",
      "properties": {
        "id": 353363204,
        "name": "BKC Office Block",
        "height": 25.0,
        "min_height": 0.0,
        "building": "yes"
      },
      "geometry": {
        "type": "Polygon",
        "coordinates": [
          [
            [
              72.8768502,
              19.0655888
            ],
            [
              72.8769855,
              19.0655252
            ],
            [
              72.8769481,
              19.0654543
            ],
            [
              72.8768129,
              19.0655179
            ],
            [
              72.8768502,
              19.0655888
            ]
          ]
        ]
      }
    },
    {
      "type": "Feature",
      "properties": {
        "id": 353363205,
        "name": "BKC Office Block",
        "height": 35.0,
        "min_height": 0.0,
        "building": "yes"
      },
      "geometry": {
        "type": "Polygon",
        "coordinates": [
          [
            [
              72.8774298,
              19.0667633
            ],
            [
              72.8775807,
              19.0667179
            ],
            [
              72.8775617,
              19.0666615
            ],
            [
              72.8774107,
              19.0667069
            ],
            [
              72.8774298,
              19.0667633
            ]
          ]
        ]
      }
    },
    {
      "type": "Feature",
      "properties": {
        "id": 353363206,
        "name": "BKC Office Block",
        "height": 50.0,
        "min_height": 0.0,
        "building": "yes"
      },
      "geometry": {
        "type": "Polygon",
        "coordinates": [
          [
            [
              72.8742972,
              19.0656048
            ],
            [
              72.8743915,
              19.0656003
            ],
            [
              72.8743883,
              19.0655425
            ],
            [
              72.8742941,
              19.0655471
            ],
            [
              72.8742972,
              19.0656048
            ]
          ]
        ]
      }
    },
    {
      "type": "Feature",
      "properties": {
        "id": 353363208,
        "name": "BKC Office Block",
        "height": 15.0,
        "min_height": 0.0,
        "building": "yes"
      },
      "geometry": {
        "type": "Polygon",
        "coordinates": [
          [
            [
              72.8694184,
              19.0531374
            ],
            [
              72.8694102,
              19.0529884
            ],
            [
              72.8693221,
              19.0529927
            ],
            [
              72.8693302,
              19.0531032
            ],
            [
              72.8694184,
              19.0531374
            ]
          ]
        ]
      }
    },
    {
      "type": "Feature",
      "properties": {
        "id": 353363209,
        "name": "BKC Office Block",
        "height": 15.0,
        "min_height": 0.0,
        "building": "yes"
      },
      "geometry": {
        "type": "Polygon",
        "coordinates": [
          [
            [
              72.8747979,
              19.0650346
            ],
            [
              72.8750018,
              19.0649819
            ],
            [
              72.874987,
              19.0649306
            ],
            [
              72.8747831,
              19.0649832
            ],
            [
              72.8747979,
              19.0650346
            ]
          ]
        ]
      }
    },
    {
      "type": "Feature",
      "properties": {
        "id": 353363213,
        "name": "BKC Office Block",
        "height": 25.0,
        "min_height": 0.0,
        "building": "yes"
      },
      "geometry": {
        "type": "Polygon",
        "coordinates": [
          [
            [
              72.8738698,
              19.0661194
            ],
            [
              72.8739342,
              19.0661292
            ],
            [
              72.8739519,
              19.0660247
            ],
            [
              72.8738875,
              19.0660149
            ],
            [
              72.8738698,
              19.0661194
            ]
          ]
        ]
      }
    },
    {
      "type": "Feature",
      "properties": {
        "id": 353363214,
        "name": "BKC Office Block",
        "height": 50.0,
        "min_height": 0.0,
        "building": "yes"
      },
      "geometry": {
        "type": "Polygon",
        "coordinates": [
          [
            [
              72.8739573,
              19.0656162
            ],
            [
              72.8740067,
              19.0656198
            ],
            [
              72.8739965,
              19.0657454
            ],
            [
              72.8739271,
              19.0657404
            ],
            [
              72.8739155,
              19.0658839
            ],
            [
              72.8740079,
              19.0658906
            ],
            [
              72.8740195,
              19.0657562
            ],
            [
              72.8740766,
              19.0657603
            ],
            [
              72.874088,
              19.0656185
            ],
            [
              72.8740394,
              19.065615
            ],
            [
              72.8740482,
              19.0655067
            ],
            [
              72.8741312,
              19.0655127
            ],
            [
              72.8741432,
              19.0653629
            ],
            [
              72.8741165,
              19.065361
            ],
            [
              72.8741144,
              19.0653861
            ],
            [
              72.8740585,
              19.065382
            ],
            [
              72.8740546,
              19.0654302
            ],
            [
              72.874074,
              19.0654316
            ],
            [
              72.8740714,
              19.0654639
            ],
            [
              72.8740388,
              19.0654616
            ],
            [
              72.874038,
              19.065472
            ],
            [
              72.8739693,
              19.065467
            ],
            [
              72.8739573,
              19.0656162
            ]
          ]
        ]
      }
    },
    {
      "type": "Feature",
      "properties": {
        "id": 353363216,
        "name": "BKC Office Block",
        "height": 70.0,
        "min_height": 0.0,
        "building": "yes"
      },
      "geometry": {
        "type": "Polygon",
        "coordinates": [
          [
            [
              72.8742924,
              19.0638801
            ],
            [
              72.8743557,
              19.0639922
            ],
            [
              72.8744887,
              19.0639251
            ],
            [
              72.874464,
              19.0638813
            ],
            [
              72.8744939,
              19.0638662
            ],
            [
              72.8745186,
              19.06391
            ],
            [
              72.8745653,
              19.0638865
            ],
            [
              72.8745419,
              19.063845
            ],
            [
              72.8745571,
              19.0638374
            ],
            [
              72.8745249,
              19.0637804
            ],
            [
              72.8745109,
              19.0637874
            ],
            [
              72.8744862,
              19.0637438
            ],
            [
              72.8744403,
              19.063767
            ],
            [
              72.874468,
              19.0638161
            ],
            [
              72.874445,
              19.0638276
            ],
            [
              72.8744173,
              19.0637786
            ],
            [
              72.8743152,
              19.06383
            ],
            [
              72.8743322,
              19.06386
            ],
            [
              72.8742924,
              19.0638801
            ]
          ]
        ]
      }
    },
    {
      "type": "Feature",
      "properties": {
        "id": 353363218,
        "name": "BKC Office Block",
        "height": 70.0,
        "min_height": 0.0,
        "building": "yes"
      },
      "geometry": {
        "type": "Polygon",
        "coordinates": [
          [
            [
              72.8753648,
              19.0651322
            ],
            [
              72.8756416,
              19.0651095
            ],
            [
              72.8756329,
              19.0650146
            ],
            [
              72.8755012,
              19.0650254
            ],
            [
              72.8754944,
              19.0649516
            ],
            [
              72.8753493,
              19.0649635
            ],
            [
              72.8753648,
              19.0651322
            ]
          ]
        ]
      }
    },
    {
      "type": "Feature",
      "properties": {
        "id": 353363220,
        "name": "BKC Office Block",
        "height": 35.0,
        "min_height": 0.0,
        "building": "yes"
      },
      "geometry": {
        "type": "Polygon",
        "coordinates": [
          [
            [
              72.876428,
              19.0653981
            ],
            [
              72.8767289,
              19.0652123
            ],
            [
              72.8767333,
              19.0651689
            ],
            [
              72.8766752,
              19.0650903
            ],
            [
              72.8766023,
              19.0651384
            ],
            [
              72.8766323,
              19.0651815
            ],
            [
              72.8764251,
              19.0652974
            ],
            [
              72.876428,
              19.0653981
            ]
          ]
        ]
      }
    },
    {
      "type": "Feature",
      "properties": {
        "id": 353363223,
        "name": "BKC Office Block",
        "height": 25.0,
        "min_height": 0.0,
        "building": "yes"
      },
      "geometry": {
        "type": "Polygon",
        "coordinates": [
          [
            [
              72.8732355,
              19.0640729
            ],
            [
              72.8733751,
              19.0639962
            ],
            [
              72.8733168,
              19.0639015
            ],
            [
              72.8732098,
              19.0639604
            ],
            [
              72.8732261,
              19.0639869
            ],
            [
              72.8731736,
              19.0640157
            ],
            [
              72.8731907,
              19.0640435
            ],
            [
              72.8732107,
              19.0640325
            ],
            [
              72.8732355,
              19.0640729
            ]
          ]
        ]
      }
    },
    {
      "type": "Feature",
      "properties": {
        "id": 353363224,
        "name": "BKC Office Block",
        "height": 70.0,
        "min_height": 0.0,
        "building": "yes"
      },
      "geometry": {
        "type": "Polygon",
        "coordinates": [
          [
            [
              72.8743666,
              19.0607851
            ],
            [
              72.8744077,
              19.0609442
            ],
            [
              72.8744795,
              19.0609276
            ],
            [
              72.8744743,
              19.0609074
            ],
            [
              72.8745034,
              19.0609007
            ],
            [
              72.8745262,
              19.060989
            ],
            [
              72.8746089,
              19.0609699
            ],
            [
              72.8745501,
              19.0607427
            ],
            [
              72.8743666,
              19.0607851
            ]
          ]
        ]
      }
    },
    {
      "type": "Feature",
      "properties": {
        "id": 353363225,
        "name": "BKC Office Block",
        "height": 35.0,
        "min_height": 0.0,
        "building": "yes"
      },
      "geometry": {
        "type": "Polygon",
        "coordinates": [
          [
            [
              72.8779861,
              19.0649097
            ],
            [
              72.8779328,
              19.0647776
            ],
            [
              72.8779138,
              19.0647845
            ],
            [
              72.8778992,
              19.0647481
            ],
            [
              72.8778502,
              19.0647658
            ],
            [
              72.8778682,
              19.0648105
            ],
            [
              72.8778904,
              19.0648025
            ],
            [
              72.8779403,
              19.0649262
            ],
            [
              72.8779861,
              19.0649097
            ]
          ]
        ]
      }
    },
    {
      "type": "Feature",
      "properties": {
        "id": 353363228,
        "name": "BKC Office Block",
        "height": 25.0,
        "min_height": 0.0,
        "building": "yes"
      },
      "geometry": {
        "type": "Polygon",
        "coordinates": [
          [
            [
              72.8757799,
              19.0655924
            ],
            [
              72.8758131,
              19.0656851
            ],
            [
              72.8759108,
              19.0656539
            ],
            [
              72.8758777,
              19.0655612
            ],
            [
              72.8757799,
              19.0655924
            ]
          ]
        ]
      }
    },
    {
      "type": "Feature",
      "properties": {
        "id": 353363229,
        "name": "BKC Office Block",
        "height": 35.0,
        "min_height": 0.0,
        "building": "yes"
      },
      "geometry": {
        "type": "Polygon",
        "coordinates": [
          [
            [
              72.8744311,
              19.0665472
            ],
            [
              72.874444,
              19.0666327
            ],
            [
              72.874636,
              19.0666068
            ],
            [
              72.8746231,
              19.0665213
            ],
            [
              72.8744311,
              19.0665472
            ]
          ]
        ]
      }
    },
    {
      "type": "Feature",
      "properties": {
        "id": 353363230,
        "name": "BKC Office Block",
        "height": 70.0,
        "min_height": 0.0,
        "building": "yes"
      },
      "geometry": {
        "type": "Polygon",
        "coordinates": [
          [
            [
              72.873971,
              19.0667811
            ],
            [
              72.8739873,
              19.0669109
            ],
            [
              72.8740567,
              19.0669031
            ],
            [
              72.8740551,
              19.0668905
            ],
            [
              72.874029,
              19.0668935
            ],
            [
              72.8740236,
              19.0668503
            ],
            [
              72.8740554,
              19.0668467
            ],
            [
              72.8740461,
              19.0667727
            ],
            [
              72.873971,
              19.0667811
            ]
          ]
        ]
      }
    },
    {
      "type": "Feature",
      "properties": {
        "id": 353363232,
        "name": "BKC Office Block",
        "height": 15.0,
        "min_height": 0.0,
        "building": "yes"
      },
      "geometry": {
        "type": "Polygon",
        "coordinates": [
          [
            [
              72.874135,
              19.0667659
            ],
            [
              72.8741418,
              19.0668629
            ],
            [
              72.8741953,
              19.0668595
            ],
            [
              72.8741935,
              19.0668334
            ],
            [
              72.8742367,
              19.0668307
            ],
            [
              72.8742337,
              19.0667888
            ],
            [
              72.8741905,
              19.0667915
            ],
            [
              72.8741885,
              19.0667625
            ],
            [
              72.874135,
              19.0667659
            ]
          ]
        ]
      }
    },
    {
      "type": "Feature",
      "properties": {
        "id": 353363233,
        "name": "BKC Office Block",
        "height": 50.0,
        "min_height": 0.0,
        "building": "yes"
      },
      "geometry": {
        "type": "Polygon",
        "coordinates": [
          [
            [
              72.8742987,
              19.0654321
            ],
            [
              72.8744948,
              19.0654157
            ],
            [
              72.8744854,
              19.0653147
            ],
            [
              72.8742893,
              19.0653311
            ],
            [
              72.8742987,
              19.0654321
            ]
          ]
        ]
      }
    },
    {
      "type": "Feature",
      "properties": {
        "id": 353363234,
        "name": "BKC Office Block",
        "height": 25.0,
        "min_height": 0.0,
        "building": "yes"
      },
      "geometry": {
        "type": "Polygon",
        "coordinates": [
          [
            [
              72.875594,
              19.0658274
            ],
            [
              72.8756541,
              19.0658076
            ],
            [
              72.875647,
              19.0657886
            ],
            [
              72.8757731,
              19.0657468
            ],
            [
              72.8757252,
              19.0656173
            ],
            [
              72.8756916,
              19.0656284
            ],
            [
              72.8757008,
              19.0656533
            ],
            [
              72.8756097,
              19.0656834
            ],
            [
              72.8756158,
              19.0656998
            ],
            [
              72.8755543,
              19.0657202
            ],
            [
              72.875594,
              19.0658274
            ]
          ]
        ]
      }
    },
    {
      "type": "Feature",
      "properties": {
        "id": 353378933,
        "name": "BKC Office Block",
        "height": 35.0,
        "min_height": 0.0,
        "building": "yes"
      },
      "geometry": {
        "type": "Polygon",
        "coordinates": [
          [
            [
              72.8766711,
              19.0611028
            ],
            [
              72.8767645,
              19.0611017
            ],
            [
              72.8767622,
              19.0609309
            ],
            [
              72.8767161,
              19.0609315
            ],
            [
              72.8767156,
              19.0608955
            ],
            [
              72.8767618,
              19.060895
            ],
            [
              72.8767613,
              19.0608614
            ],
            [
              72.8767472,
              19.0608616
            ],
            [
              72.8767467,
              19.0608252
            ],
            [
              72.8767608,
              19.060825
            ],
            [
              72.8767597,
              19.0607437
            ],
            [
              72.8766663,
              19.0607449
            ],
            [
              72.8766517,
              19.0609045
            ],
            [
              72.8766711,
              19.0611028
            ]
          ]
        ]
      }
    },
    {
      "type": "Feature",
      "properties": {
        "id": 353378938,
        "name": "BKC Office Block",
        "height": 50.0,
        "min_height": 0.0,
        "building": "yes"
      },
      "geometry": {
        "type": "Polygon",
        "coordinates": [
          [
            [
              72.8775175,
              19.0646602
            ],
            [
              72.8775964,
              19.0647341
            ],
            [
              72.8776393,
              19.0646933
            ],
            [
              72.8776808,
              19.0647321
            ],
            [
              72.8777546,
              19.0647039
            ],
            [
              72.8777796,
              19.0647224
            ],
            [
              72.8778471,
              19.0646602
            ],
            [
              72.8776969,
              19.0645196
            ],
            [
              72.8776779,
              19.0645378
            ],
            [
              72.8775592,
              19.0644267
            ],
            [
              72.8775108,
              19.0644729
            ],
            [
              72.8775365,
              19.0644969
            ],
            [
              72.8774951,
              19.0645364
            ],
            [
              72.8775468,
              19.0645848
            ],
            [
              72.8775243,
              19.0646063
            ],
            [
              72.8775494,
              19.0646298
            ],
            [
              72.8775175,
              19.0646602
            ]
          ]
        ]
      }
    },
    {
      "type": "Feature",
      "properties": {
        "id": 353378945,
        "name": "BKC Office Block",
        "height": 35.0,
        "min_height": 0.0,
        "building": "yes"
      },
      "geometry": {
        "type": "Polygon",
        "coordinates": [
          [
            [
              72.877505,
              19.0654122
            ],
            [
              72.8777194,
              19.0655057
            ],
            [
              72.8778041,
              19.0653325
            ],
            [
              72.8777598,
              19.0652377
            ],
            [
              72.8777598,
              19.065185
            ],
            [
              72.8778165,
              19.0650796
            ],
            [
              72.8778203,
              19.0650106
            ],
            [
              72.877779,
              19.0650069
            ],
            [
              72.877779,
              19.0649779
            ],
            [
              72.8778146,
              19.0649779
            ],
            [
              72.8777973,
              19.0648797
            ],
            [
              72.8777703,
              19.0648797
            ],
            [
              72.877753,
              19.0648525
            ],
            [
              72.8778117,
              19.0648189
            ],
            [
              72.8777482,
              19.0647307
            ],
            [
              72.8776819,
              19.0647671
            ],
            [
              72.8776627,
              19.0647344
            ],
            [
              72.8775704,
              19.0647834
            ],
            [
              72.8776425,
              19.0649161
            ],
            [
              72.8776348,
              19.0650351
            ],
            [
              72.8775954,
              19.0651032
            ],
            [
              72.8776242,
              19.0651723
            ],
            [
              72.8776041,
              19.0652398
            ],
            [
              72.877505,
              19.0654122
            ]
          ]
        ]
      }
    },
    {
      "type": "Feature",
      "properties": {
        "id": 353378949,
        "name": "BKC Office Block",
        "height": 70.0,
        "min_height": 0.0,
        "building": "yes"
      },
      "geometry": {
        "type": "Polygon",
        "coordinates": [
          [
            [
              72.8786517,
              19.0600076
            ],
            [
              72.8786433,
              19.0600291
            ],
            [
              72.8786729,
              19.0600391
            ],
            [
              72.8786588,
              19.0600762
            ],
            [
              72.8786292,
              19.0600661
            ],
            [
              72.8786071,
              19.0601241
            ],
            [
              72.8786696,
              19.0601454
            ],
            [
              72.8786805,
              19.0601168
            ],
            [
              72.8787285,
              19.0601331
            ],
            [
              72.8787176,
              19.0601617
            ],
            [
              72.878863,
              19.0602111
            ],
            [
              72.8789002,
              19.0601135
            ],
            [
              72.8789203,
              19.0601203
            ],
            [
              72.8788971,
              19.0601813
            ],
            [
              72.8789181,
              19.0601885
            ],
            [
              72.8789042,
              19.0602252
            ],
            [
              72.8789742,
              19.060249
            ],
            [
              72.879018,
              19.0601271
            ],
            [
              72.8789265,
              19.0601057
            ],
            [
              72.8789072,
              19.0600991
            ],
            [
              72.8787574,
              19.0600481
            ],
            [
              72.8787156,
              19.0600338
            ],
            [
              72.8786517,
              19.0600076
            ]
          ]
        ]
      }
    },
    {
      "type": "Feature",
      "properties": {
        "id": 353378952,
        "name": "BKC Office Block",
        "height": 50.0,
        "min_height": 0.0,
        "building": "yes"
      },
      "geometry": {
        "type": "Polygon",
        "coordinates": [
          [
            [
              72.8784748,
              19.0619198
            ],
            [
              72.8787114,
              19.0619157
            ],
            [
              72.8787062,
              19.0618059
            ],
            [
              72.8785431,
              19.0618102
            ],
            [
              72.8785451,
              19.0616362
            ],
            [
              72.8786653,
              19.0616368
            ],
            [
              72.8786655,
              19.0616107
            ],
            [
              72.8787101,
              19.061611
            ],
            [
              72.87871,
              19.0616307
            ],
            [
              72.8787742,
              19.061631
            ],
            [
              72.8787749,
              19.0615238
            ],
            [
              72.8787046,
              19.0615234
            ],
            [
              72.8787044,
              19.0615655
            ],
            [
              72.8786658,
              19.0615653
            ],
            [
              72.878666,
              19.0615241
            ],
            [
              72.8785457,
              19.0615235
            ],
            [
              72.878546,
              19.0614717
            ],
            [
              72.8785617,
              19.0614705
            ],
            [
              72.8785598,
              19.0614484
            ],
            [
              72.8785935,
              19.0614458
            ],
            [
              72.8785954,
              19.0614679
            ],
            [
              72.8787367,
              19.0614572
            ],
            [
              72.8787369,
              19.0614208
            ],
            [
              72.8788329,
              19.0614135
            ],
            [
              72.8788335,
              19.0613076
            ],
            [
              72.8787485,
              19.0613141
            ],
            [
              72.8787482,
              19.061361
            ],
            [
              72.8787486,
              19.0613656
            ],
            [
              72.878477,
              19.0613817
            ],
            [
              72.8784748,
              19.0619198
            ]
          ]
        ]
      }
    },
    {
      "type": "Feature",
      "properties": {
        "id": 353378953,
        "name": "BKC Office Block",
        "height": 50.0,
        "min_height": 0.0,
        "building": "yes"
      },
      "geometry": {
        "type": "Polygon",
        "coordinates": [
          [
            [
              72.8759416,
              19.0613856
            ],
            [
              72.8760021,
              19.0613602
            ],
            [
              72.8759799,
              19.0613129
            ],
            [
              72.8759193,
              19.0613383
            ],
            [
              72.8759416,
              19.0613856
            ]
          ]
        ]
      }
    },
    {
      "type": "Feature",
      "properties": {
        "id": 353378960,
        "name": "BKC Office Block",
        "height": 15.0,
        "min_height": 0.0,
        "building": "yes"
      },
      "geometry": {
        "type": "Polygon",
        "coordinates": [
          [
            [
              72.8762166,
              19.0612345
            ],
            [
              72.8762984,
              19.061195
            ],
            [
              72.8762653,
              19.0611338
            ],
            [
              72.8761835,
              19.0611734
            ],
            [
              72.8762166,
              19.0612345
            ]
          ]
        ]
      }
    },
    {
      "type": "Feature",
      "properties": {
        "id": 353378964,
        "name": "BKC Office Block",
        "height": 50.0,
        "min_height": 0.0,
        "building": "yes"
      },
      "geometry": {
        "type": "Polygon",
        "coordinates": [
          [
            [
              72.8777433,
              19.0606231
            ],
            [
              72.87767,
              19.060634
            ],
            [
              72.8777196,
              19.0609321
            ],
            [
              72.8777929,
              19.0609213
            ],
            [
              72.8777433,
              19.0606231
            ]
          ]
        ]
      }
    },
    {
      "type": "Feature",
      "properties": {
        "id": 353378965,
        "name": "BKC Office Block",
        "height": 50.0,
        "min_height": 0.0,
        "building": "yes"
      },
      "geometry": {
        "type": "Polygon",
        "coordinates": [
          [
            [
              72.8758594,
              19.0587381
            ],
            [
              72.8759804,
              19.0587216
            ],
            [
              72.8759573,
              19.05857
            ],
            [
              72.8758363,
              19.0585865
            ],
            [
              72.8758594,
              19.0587381
            ]
          ]
        ]
      }
    },
    {
      "type": "Feature",
      "properties": {
        "id": 353378972,
        "name": "BKC Office Block",
        "height": 50.0,
        "min_height": 0.0,
        "building": "yes"
      },
      "geometry": {
        "type": "Polygon",
        "coordinates": [
          [
            [
              72.8772983,
              19.0590776
            ],
            [
              72.8771791,
              19.059092
            ],
            [
              72.877228,
              19.0592565
            ],
            [
              72.8773201,
              19.0592382
            ],
            [
              72.8772983,
              19.0590776
            ]
          ]
        ]
      }
    },
    {
      "type": "Feature",
      "properties": {
        "id": 353378974,
        "name": "BKC Office Block",
        "height": 70.0,
        "min_height": 0.0,
        "building": "yes"
      },
      "geometry": {
        "type": "Polygon",
        "coordinates": [
          [
            [
              72.8799757,
              19.0616168
            ],
            [
              72.8800358,
              19.061636
            ],
            [
              72.8800508,
              19.0615942
            ],
            [
              72.880068,
              19.0615997
            ],
            [
              72.880053,
              19.0616416
            ],
            [
              72.8801103,
              19.06166
            ],
            [
              72.8801632,
              19.0615128
            ],
            [
              72.8800285,
              19.0614696
            ],
            [
              72.8799757,
              19.0616168
            ]
          ]
        ]
      }
    },
    {
      "type": "Feature",
      "properties": {
        "id": 353378975,
        "name": "BKC Office Block",
        "height": 25.0,
        "min_height": 0.0,
        "building": "yes"
      },
      "geometry": {
        "type": "Polygon",
        "coordinates": [
          [
            [
              72.8763731,
              19.057656
            ],
            [
              72.8764827,
              19.0576569
            ],
            [
              72.8764835,
              19.0575645
            ],
            [
              72.876374,
              19.0575636
            ],
            [
              72.8763731,
              19.057656
            ]
          ]
        ]
      }
    },
    {
      "type": "Feature",
      "properties": {
        "id": 353378977,
        "name": "BKC Office Block",
        "height": 15.0,
        "min_height": 0.0,
        "building": "yes"
      },
      "geometry": {
        "type": "Polygon",
        "coordinates": [
          [
            [
              72.8768003,
              19.0622102
            ],
            [
              72.8768275,
              19.062313
            ],
            [
              72.8769538,
              19.0622831
            ],
            [
              72.8769266,
              19.0621803
            ],
            [
              72.8768003,
              19.0622102
            ]
          ]
        ]
      }
    },
    {
      "type": "Feature",
      "properties": {
        "id": 353378979,
        "name": "BKC Office Block",
        "height": 70.0,
        "min_height": 0.0,
        "building": "yes"
      },
      "geometry": {
        "type": "Polygon",
        "coordinates": [
          [
            [
              72.8787638,
              19.0596227
            ],
            [
              72.8787119,
              19.0597577
            ],
            [
              72.8792951,
              19.0599581
            ],
            [
              72.879347,
              19.0598232
            ],
            [
              72.8787638,
              19.0596227
            ]
          ]
        ]
      }
    },
    {
      "type": "Feature",
      "properties": {
        "id": 353378980,
        "name": "BKC Office Block",
        "height": 25.0,
        "min_height": 0.0,
        "building": "yes"
      },
      "geometry": {
        "type": "Polygon",
        "coordinates": [
          [
            [
              72.8771087,
              19.0622512
            ],
            [
              72.8771421,
              19.062363
            ],
            [
              72.8772251,
              19.0623408
            ],
            [
              72.8772688,
              19.0624871
            ],
            [
              72.8773763,
              19.0624584
            ],
            [
              72.877299,
              19.0622003
            ],
            [
              72.8771087,
              19.0622512
            ]
          ]
        ]
      }
    },
    {
      "type": "Feature",
      "properties": {
        "id": 353378981,
        "name": "BKC Office Block",
        "height": 35.0,
        "min_height": 0.0,
        "building": "yes"
      },
      "geometry": {
        "type": "Polygon",
        "coordinates": [
          [
            [
              72.8765478,
              19.060399
            ],
            [
              72.8766924,
              19.0603519
            ],
            [
              72.8766745,
              19.0603029
            ],
            [
              72.8766995,
              19.0602948
            ],
            [
              72.876663,
              19.0601946
            ],
            [
              72.8764935,
              19.0602499
            ],
            [
              72.8765478,
              19.060399
            ]
          ]
        ]
      }
    },
    {
      "type": "Feature",
      "properties": {
        "id": 353378982,
        "name": "BKC Office Block",
        "height": 35.0,
        "min_height": 0.0,
        "building": "yes"
      },
      "geometry": {
        "type": "Polygon",
        "coordinates": [
          [
            [
              72.8767692,
              19.0593912
            ],
            [
              72.8767952,
              19.0597023
            ],
            [
              72.8768877,
              19.0596954
            ],
            [
              72.8768696,
              19.0594788
            ],
            [
              72.8771211,
              19.05946
            ],
            [
              72.8771132,
              19.0593655
            ],
            [
              72.8767692,
              19.0593912
            ]
          ]
        ]
      }
    },
    {
      "type": "Feature",
      "properties": {
        "id": 353378985,
        "name": "BKC Office Block",
        "height": 35.0,
        "min_height": 0.0,
        "building": "yes"
      },
      "geometry": {
        "type": "Polygon",
        "coordinates": [
          [
            [
              72.8800183,
              19.06203
            ],
            [
              72.8801284,
              19.0620031
            ],
            [
              72.8800688,
              19.0617855
            ],
            [
              72.8800245,
              19.0617962
            ],
            [
              72.8800291,
              19.061813
            ],
            [
              72.8800011,
              19.0618198
            ],
            [
              72.8799965,
              19.0618031
            ],
            [
              72.8799503,
              19.0618144
            ],
            [
              72.8800183,
              19.06203
            ]
          ]
        ]
      }
    },
    {
      "type": "Feature",
      "properties": {
        "id": 353418453,
        "name": "BKC Office Block",
        "height": 15.0,
        "min_height": 0.0,
        "building": "yes"
      },
      "geometry": {
        "type": "Polygon",
        "coordinates": [
          [
            [
              72.8653372,
              19.0716543
            ],
            [
              72.8654073,
              19.0716844
            ],
            [
              72.865382,
              19.071737
            ],
            [
              72.8654811,
              19.0717796
            ],
            [
              72.8655064,
              19.0717271
            ],
            [
              72.8655684,
              19.0717537
            ],
            [
              72.8656284,
              19.0716293
            ],
            [
              72.8655128,
              19.0715796
            ],
            [
              72.8654976,
              19.0716112
            ],
            [
              72.8653819,
              19.0715614
            ],
            [
              72.8653372,
              19.0716543
            ]
          ]
        ]
      }
    },
    {
      "type": "Feature",
      "properties": {
        "id": 353418477,
        "name": "BKC Office Block",
        "height": 50.0,
        "min_height": 0.0,
        "building": "yes"
      },
      "geometry": {
        "type": "Polygon",
        "coordinates": [
          [
            [
              72.8668912,
              19.0715552
            ],
            [
              72.867078,
              19.071646
            ],
            [
              72.8671323,
              19.0715462
            ],
            [
              72.8669455,
              19.0714554
            ],
            [
              72.8668912,
              19.0715552
            ]
          ]
        ]
      }
    },
    {
      "type": "Feature",
      "properties": {
        "id": 353418484,
        "name": "BKC Office Block",
        "height": 15.0,
        "min_height": 0.0,
        "building": "yes"
      },
      "geometry": {
        "type": "Polygon",
        "coordinates": [
          [
            [
              72.8656463,
              19.0713935
            ],
            [
              72.866259,
              19.0716576
            ],
            [
              72.8663416,
              19.0714866
            ],
            [
              72.8657289,
              19.0712225
            ],
            [
              72.8656463,
              19.0713935
            ]
          ]
        ]
      }
    },
    {
      "type": "Feature",
      "properties": {
        "id": 353418491,
        "name": "BKC Office Block",
        "height": 50.0,
        "min_height": 0.0,
        "building": "yes"
      },
      "geometry": {
        "type": "Polygon",
        "coordinates": [
          [
            [
              72.8700105,
              19.0683225
            ],
            [
              72.8701788,
              19.0680784
            ],
            [
              72.8700199,
              19.0679806
            ],
            [
              72.8699491,
              19.0680832
            ],
            [
              72.8700093,
              19.0681203
            ],
            [
              72.8699119,
              19.0682617
            ],
            [
              72.8700105,
              19.0683225
            ]
          ]
        ]
      }
    },
    {
      "type": "Feature",
      "properties": {
        "id": 353418492,
        "name": "BKC Office Block",
        "height": 50.0,
        "min_height": 0.0,
        "building": "yes"
      },
      "geometry": {
        "type": "Polygon",
        "coordinates": [
          [
            [
              72.8662604,
              19.0720947
            ],
            [
              72.8664962,
              19.0716371
            ],
            [
              72.8663167,
              19.0715545
            ],
            [
              72.8660623,
              19.0720483
            ],
            [
              72.8661554,
              19.0720911
            ],
            [
              72.8661741,
              19.0720549
            ],
            [
              72.8662604,
              19.0720947
            ]
          ]
        ]
      }
    },
    {
      "type": "Feature",
      "properties": {
        "id": 353418497,
        "name": "BKC Office Block",
        "height": 70.0,
        "min_height": 0.0,
        "building": "yes"
      },
      "geometry": {
        "type": "Polygon",
        "coordinates": [
          [
            [
              72.8654023,
              19.071519
            ],
            [
              72.8656221,
              19.0716148
            ],
            [
              72.8657002,
              19.0714549
            ],
            [
              72.8656125,
              19.0714167
            ],
            [
              72.8656226,
              19.0713959
            ],
            [
              72.8655982,
              19.0713853
            ],
            [
              72.8656874,
              19.0712025
            ],
            [
              72.8656321,
              19.0711784
            ],
            [
              72.8656161,
              19.0712111
            ],
            [
              72.8655637,
              19.0711883
            ],
            [
              72.8654023,
              19.071519
            ]
          ]
        ]
      }
    },
    {
      "type": "Feature",
      "properties": {
        "id": 353424820,
        "name": "BMC L Ward Office",
        "height": 50.0,
        "min_height": 0.0,
        "building": "apartments"
      },
      "geometry": {
        "type": "Polygon",
        "coordinates": [
          [
            [
              72.8787865,
              19.0706797
            ],
            [
              72.87908,
              19.0705684
            ],
            [
              72.8790167,
              19.0704091
            ],
            [
              72.8789074,
              19.0704507
            ],
            [
              72.8788049,
              19.0704929
            ],
            [
              72.878719,
              19.0705318
            ],
            [
              72.8787865,
              19.0706797
            ]
          ]
        ]
      }
    },
    {
      "type": "Feature",
      "properties": {
        "id": 353424822,
        "name": "Feetwala Building",
        "height": 25.0,
        "min_height": 0.0,
        "building": "apartments"
      },
      "geometry": {
        "type": "Polygon",
        "coordinates": [
          [
            [
              72.8791158,
              19.0685216
            ],
            [
              72.8790421,
              19.0685297
            ],
            [
              72.8790533,
              19.0686207
            ],
            [
              72.8790268,
              19.0686236
            ],
            [
              72.8790196,
              19.0685646
            ],
            [
              72.8789457,
              19.0685727
            ],
            [
              72.8789677,
              19.0687519
            ],
            [
              72.8790493,
              19.0687429
            ],
            [
              72.8790423,
              19.0686859
            ],
            [
              72.879061,
              19.0686839
            ],
            [
              72.8790673,
              19.0687348
            ],
            [
              72.879141,
              19.0687267
            ],
            [
              72.8791158,
              19.0685216
            ]
          ]
        ]
      }
    },
    {
      "type": "Feature",
      "properties": {
        "id": 353424847,
        "name": "Mahan SRA",
        "height": 70.0,
        "min_height": 0.0,
        "building": "yes"
      },
      "geometry": {
        "type": "Polygon",
        "coordinates": [
          [
            [
              72.8795911,
              19.0699786
            ],
            [
              72.8796016,
              19.0700272
            ],
            [
              72.8796413,
              19.0700195
            ],
            [
              72.879652,
              19.0700689
            ],
            [
              72.8797092,
              19.0700579
            ],
            [
              72.8797152,
              19.070086
            ],
            [
              72.87982,
              19.0700659
            ],
            [
              72.8798253,
              19.0700904
            ],
            [
              72.8798892,
              19.0700781
            ],
            [
              72.8798847,
              19.0700576
            ],
            [
              72.8799281,
              19.0700492
            ],
            [
              72.8799508,
              19.0701544
            ],
            [
              72.8799996,
              19.070145
            ],
            [
              72.8800136,
              19.0702098
            ],
            [
              72.8801021,
              19.0701927
            ],
            [
              72.8800495,
              19.0699489
            ],
            [
              72.8799813,
              19.069962
            ],
            [
              72.8799872,
              19.0699889
            ],
            [
              72.8799193,
              19.070002
            ],
            [
              72.8798959,
              19.0698939
            ],
            [
              72.8798546,
              19.0699019
            ],
            [
              72.87986,
              19.0699268
            ],
            [
              72.8795911,
              19.0699786
            ]
          ]
        ]
      }
    },
    {
      "type": "Feature",
      "properties": {
        "id": 353424872,
        "name": "Kulsum Apartment",
        "height": 25.0,
        "min_height": 0.0,
        "building": "yes"
      },
      "geometry": {
        "type": "Polygon",
        "coordinates": [
          [
            [
              72.8796155,
              19.0706619
            ],
            [
              72.8796906,
              19.070854
            ],
            [
              72.8797737,
              19.0708251
            ],
            [
              72.8796987,
              19.0706329
            ],
            [
              72.8796155,
              19.0706619
            ]
          ]
        ]
      }
    },
    {
      "type": "Feature",
      "properties": {
        "id": 353424894,
        "name": "sharada building",
        "height": 70.0,
        "min_height": 0.0,
        "building": "yes"
      },
      "geometry": {
        "type": "Polygon",
        "coordinates": [
          [
            [
              72.879906,
              19.0694899
            ],
            [
              72.8799422,
              19.0696619
            ],
            [
              72.8800113,
              19.0696489
            ],
            [
              72.8799751,
              19.0694769
            ],
            [
              72.879906,
              19.0694899
            ]
          ]
        ]
      }
    },
    {
      "type": "Feature",
      "properties": {
        "id": 353424916,
        "name": "White House Building",
        "height": 70.0,
        "min_height": 0.0,
        "building": "yes"
      },
      "geometry": {
        "type": "Polygon",
        "coordinates": [
          [
            [
              72.8792528,
              19.0697669
            ],
            [
              72.8793171,
              19.069948
            ],
            [
              72.8796601,
              19.0698392
            ],
            [
              72.8795959,
              19.0696582
            ],
            [
              72.8792528,
              19.0697669
            ]
          ]
        ]
      }
    },
    {
      "type": "Feature",
      "properties": {
        "id": 353424928,
        "name": "King Mobile Care",
        "height": 50.0,
        "min_height": 0.0,
        "building": "commercial"
      },
      "geometry": {
        "type": "Polygon",
        "coordinates": [
          [
            [
              72.8798981,
              19.0710829
            ],
            [
              72.8800242,
              19.071051
            ],
            [
              72.8799831,
              19.0709058
            ],
            [
              72.879857,
              19.0709377
            ],
            [
              72.8798981,
              19.0710829
            ]
          ]
        ]
      }
    },
    {
      "type": "Feature",
      "properties": {
        "id": 353424934,
        "name": "Lakshmi Market",
        "height": 70.0,
        "min_height": 0.0,
        "building": "yes"
      },
      "geometry": {
        "type": "Polygon",
        "coordinates": [
          [
            [
              72.8789605,
              19.0701419
            ],
            [
              72.878981,
              19.0701922
            ],
            [
              72.8790109,
              19.0701813
            ],
            [
              72.8791613,
              19.0705507
            ],
            [
              72.879234,
              19.0705243
            ],
            [
              72.8790631,
              19.0701046
            ],
            [
              72.8789605,
              19.0701419
            ]
          ]
        ]
      }
    },
    {
      "type": "Feature",
      "properties": {
        "id": 353424954,
        "name": "The Kurla Nagarik Sahakarl bank Limited",
        "height": 25.0,
        "min_height": 0.0,
        "building": "yes"
      },
      "geometry": {
        "type": "Polygon",
        "coordinates": [
          [
            [
              72.8795975,
              19.0704414
            ],
            [
              72.8795119,
              19.0704712
            ],
            [
              72.8795722,
              19.0706256
            ],
            [
              72.8796577,
              19.0705957
            ],
            [
              72.8795975,
              19.0704414
            ]
          ]
        ]
      }
    },
    {
      "type": "Feature",
      "properties": {
        "id": 353749686,
        "name": "BKC Office Block",
        "height": 70.0,
        "min_height": 0.0,
        "building": "yes"
      },
      "geometry": {
        "type": "Polygon",
        "coordinates": [
          [
            [
              72.8706299,
              19.0664592
            ],
            [
              72.8706518,
              19.0663026
            ],
            [
              72.870532,
              19.0662876
            ],
            [
              72.8705073,
              19.0664636
            ],
            [
              72.8706172,
              19.0664773
            ],
            [
              72.8705994,
              19.0666043
            ],
            [
              72.8706629,
              19.0666123
            ],
            [
              72.8706321,
              19.0668318
            ],
            [
              72.8706411,
              19.0668329
            ],
            [
              72.8706176,
              19.0670009
            ],
            [
              72.8708067,
              19.0670246
            ],
            [
              72.8708316,
              19.0668466
            ],
            [
              72.8708221,
              19.0668454
            ],
            [
              72.8708319,
              19.0667753
            ],
            [
              72.8707959,
              19.0667708
            ],
            [
              72.8708054,
              19.066703
            ],
            [
              72.8707502,
              19.0666961
            ],
            [
              72.8707656,
              19.066586
            ],
            [
              72.870726,
              19.066581
            ],
            [
              72.8707412,
              19.0664731
            ],
            [
              72.8706299,
              19.0664592
            ]
          ]
        ]
      }
    },
    {
      "type": "Feature",
      "properties": {
        "id": 353749689,
        "name": "BKC Office Block",
        "height": 25.0,
        "min_height": 0.0,
        "building": "yes"
      },
      "geometry": {
        "type": "Polygon",
        "coordinates": [
          [
            [
              72.8643088,
              19.0717885
            ],
            [
              72.8642761,
              19.0718561
            ],
            [
              72.8643713,
              19.0718972
            ],
            [
              72.864404,
              19.0718296
            ],
            [
              72.8643088,
              19.0717885
            ]
          ]
        ]
      }
    },
    {
      "type": "Feature",
      "properties": {
        "id": 353749694,
        "name": "BKC Office Block",
        "height": 50.0,
        "min_height": 0.0,
        "building": "yes"
      },
      "geometry": {
        "type": "Polygon",
        "coordinates": [
          [
            [
              72.8647,
              19.0721176
            ],
            [
              72.8648249,
              19.0721994
            ],
            [
              72.8649422,
              19.0720395
            ],
            [
              72.8648173,
              19.0719577
            ],
            [
              72.8647,
              19.0721176
            ]
          ]
        ]
      }
    },
    {
      "type": "Feature",
      "properties": {
        "id": 353749695,
        "name": "BKC Office Block",
        "height": 50.0,
        "min_height": 0.0,
        "building": "yes"
      },
      "geometry": {
        "type": "Polygon",
        "coordinates": [
          [
            [
              72.869206,
              19.0654423
            ],
            [
              72.8696601,
              19.0652598
            ],
            [
              72.8693847,
              19.0646476
            ],
            [
              72.8690709,
              19.0647737
            ],
            [
              72.869247,
              19.0651652
            ],
            [
              72.8691067,
              19.0652215
            ],
            [
              72.869206,
              19.0654423
            ]
          ]
        ]
      }
    },
    {
      "type": "Feature",
      "properties": {
        "id": 353756655,
        "name": "BKC Office Block",
        "height": 35.0,
        "min_height": 0.0,
        "building": "yes"
      },
      "geometry": {
        "type": "Polygon",
        "coordinates": [
          [
            [
              72.8795345,
              19.0529317
            ],
            [
              72.8795883,
              19.0529607
            ],
            [
              72.8796095,
              19.0529099
            ],
            [
              72.8796561,
              19.0529253
            ],
            [
              72.8796522,
              19.0529435
            ],
            [
              72.8796282,
              19.052938
            ],
            [
              72.8796157,
              19.0529726
            ],
            [
              72.8796931,
              19.0529935
            ],
            [
              72.8797216,
              19.0529144
            ],
            [
              72.8796199,
              19.0528653
            ],
            [
              72.8795582,
              19.052872
            ],
            [
              72.8795345,
              19.0529317
            ]
          ]
        ]
      }
    },
    {
      "type": "Feature",
      "properties": {
        "id": 353756663,
        "name": "Nath Krupa",
        "height": 15.0,
        "min_height": 0.0,
        "building": "yes"
      },
      "geometry": {
        "type": "Polygon",
        "coordinates": [
          [
            [
              72.8789054,
              19.0527498
            ],
            [
              72.878972,
              19.0527773
            ],
            [
              72.8789685,
              19.0527847
            ],
            [
              72.8789959,
              19.052796
            ],
            [
              72.8790108,
              19.0527639
            ],
            [
              72.8790847,
              19.0527945
            ],
            [
              72.8790767,
              19.0528117
            ],
            [
              72.8791525,
              19.052843
            ],
            [
              72.8791741,
              19.0527965
            ],
            [
              72.8791266,
              19.0527769
            ],
            [
              72.8791547,
              19.0527162
            ],
            [
              72.8792032,
              19.0527362
            ],
            [
              72.8792285,
              19.0526817
            ],
            [
              72.879124,
              19.0526385
            ],
            [
              72.8791187,
              19.05265
            ],
            [
              72.8790304,
              19.0526135
            ],
            [
              72.8790339,
              19.0526059
            ],
            [
              72.8790125,
              19.052597
            ],
            [
              72.8790072,
              19.0526086
            ],
            [
              72.8789648,
              19.052591
            ],
            [
              72.8789395,
              19.0526456
            ],
            [
              72.8790078,
              19.0526738
            ],
            [
              72.8789755,
              19.0527434
            ],
            [
              72.8789191,
              19.0527201
            ],
            [
              72.8789054,
              19.0527498
            ]
          ]
        ]
      }
    },
    {
      "type": "Feature",
      "properties": {
        "id": 353756664,
        "name": "BKC Office Block",
        "height": 35.0,
        "min_height": 0.0,
        "building": "yes"
      },
      "geometry": {
        "type": "Polygon",
        "coordinates": [
          [
            [
              72.8784004,
              19.0523708
            ],
            [
              72.8783599,
              19.0524531
            ],
            [
              72.8783717,
              19.0524583
            ],
            [
              72.8783648,
              19.0524724
            ],
            [
              72.8783553,
              19.0524682
            ],
            [
              72.8783197,
              19.0525405
            ],
            [
              72.8783635,
              19.0525598
            ],
            [
              72.8783752,
              19.0525359
            ],
            [
              72.8785354,
              19.0526128
            ],
            [
              72.8785712,
              19.0525303
            ],
            [
              72.8785895,
              19.0525384
            ],
            [
              72.8786293,
              19.0524574
            ],
            [
              72.8785905,
              19.0524403
            ],
            [
              72.8785832,
              19.0524552
            ],
            [
              72.8785635,
              19.0524465
            ],
            [
              72.8785563,
              19.0524611
            ],
            [
              72.8784386,
              19.0524094
            ],
            [
              72.8784474,
              19.0523915
            ],
            [
              72.8784004,
              19.0523708
            ]
          ]
        ]
      }
    },
    {
      "type": "Feature",
      "properties": {
        "id": 353756681,
        "name": "BKC Office Block",
        "height": 50.0,
        "min_height": 0.0,
        "building": "yes"
      },
      "geometry": {
        "type": "Polygon",
        "coordinates": [
          [
            [
              72.879615,
              19.0531352
            ],
            [
              72.8795844,
              19.053208
            ],
            [
              72.8797435,
              19.0532678
            ],
            [
              72.8797734,
              19.0531966
            ],
            [
              72.8797443,
              19.0531856
            ],
            [
              72.8797533,
              19.0531643
            ],
            [
              72.8796538,
              19.053127
            ],
            [
              72.8796455,
              19.0531467
            ],
            [
              72.879615,
              19.0531352
            ]
          ]
        ]
      }
    },
    {
      "type": "Feature",
      "properties": {
        "id": 353756686,
        "name": "BKC Office Block",
        "height": 35.0,
        "min_height": 0.0,
        "building": "yes"
      },
      "geometry": {
        "type": "Polygon",
        "coordinates": [
          [
            [
              72.8799479,
              19.0531021
            ],
            [
              72.87991,
              19.0531622
            ],
            [
              72.8798905,
              19.0531512
            ],
            [
              72.8798581,
              19.0532026
            ],
            [
              72.8798782,
              19.053214
            ],
            [
              72.8798447,
              19.0532672
            ],
            [
              72.8799081,
              19.0533029
            ],
            [
              72.8799397,
              19.0532529
            ],
            [
              72.8799499,
              19.0532586
            ],
            [
              72.879994,
              19.0531887
            ],
            [
              72.8799838,
              19.053183
            ],
            [
              72.880012,
              19.0531382
            ],
            [
              72.8799479,
              19.0531021
            ]
          ]
        ]
      }
    },
    {
      "type": "Feature",
      "properties": {
        "id": 353766633,
        "name": "BKC Office Block",
        "height": 15.0,
        "min_height": 0.0,
        "building": "apartments"
      },
      "geometry": {
        "type": "Polygon",
        "coordinates": [
          [
            [
              72.8758383,
              19.0545687
            ],
            [
              72.8759424,
              19.0545704
            ],
            [
              72.8759432,
              19.0545299
            ],
            [
              72.875952,
              19.05453
            ],
            [
              72.8759534,
              19.0544509
            ],
            [
              72.8758405,
              19.054449
            ],
            [
              72.8758398,
              19.0544842
            ],
            [
              72.8758282,
              19.054484
            ],
            [
              72.8758271,
              19.0545408
            ],
            [
              72.8758388,
              19.054541
            ],
            [
              72.8758383,
              19.0545687
            ]
          ]
        ]
      }
    },
    {
      "type": "Feature",
      "properties": {
        "id": 353766635,
        "name": "Bawa Towers A wing",
        "height": 38.5,
        "min_height": 0.0,
        "building": "apartments"
      },
      "geometry": {
        "type": "Polygon",
        "coordinates": [
          [
            [
              72.8772133,
              19.052797
            ],
            [
              72.8773007,
              19.0527069
            ],
            [
              72.8772168,
              19.0526489
            ],
            [
              72.8772124,
              19.0526286
            ],
            [
              72.87725,
              19.0525856
            ],
            [
              72.8772751,
              19.0525545
            ],
            [
              72.8771612,
              19.0524865
            ],
            [
              72.8771302,
              19.0525157
            ],
            [
              72.8771523,
              19.05253
            ],
            [
              72.8771305,
              19.0525459
            ],
            [
              72.8771432,
              19.0525599
            ],
            [
              72.8771112,
              19.052592
            ],
            [
              72.8770927,
              19.0525963
            ],
            [
              72.8770499,
              19.0525939
            ],
            [
              72.8770438,
              19.0526352
            ],
            [
              72.8770685,
              19.0526451
            ],
            [
              72.8770699,
              19.052658
            ],
            [
              72.8770413,
              19.0526722
            ],
            [
              72.8770805,
              19.0527387
            ],
            [
              72.8771586,
              19.0526949
            ],
            [
              72.8771551,
              19.0527232
            ],
            [
              72.8771951,
              19.0527489
            ],
            [
              72.8771811,
              19.0527663
            ],
            [
              72.8772133,
              19.052797
            ]
          ]
        ]
      }
    },
    {
      "type": "Feature",
      "properties": {
        "id": 353766646,
        "name": "BKC Office Block",
        "height": 50.0,
        "min_height": 0.0,
        "building": "yes"
      },
      "geometry": {
        "type": "Polygon",
        "coordinates": [
          [
            [
              72.8766584,
              19.0525391
            ],
            [
              72.8767115,
              19.05257
            ],
            [
              72.8767193,
              19.0525574
            ],
            [
              72.8767631,
              19.0525777
            ],
            [
              72.8767526,
              19.052596
            ],
            [
              72.8768171,
              19.05263
            ],
            [
              72.8768505,
              19.0525694
            ],
            [
              72.8768131,
              19.0525539
            ],
            [
              72.8768429,
              19.0524984
            ],
            [
              72.8768253,
              19.0524891
            ],
            [
              72.8768429,
              19.0524602
            ],
            [
              72.876781,
              19.0524192
            ],
            [
              72.8767717,
              19.0524353
            ],
            [
              72.876756,
              19.0524249
            ],
            [
              72.876733,
              19.0524647
            ],
            [
              72.8767474,
              19.0524742
            ],
            [
              72.8767315,
              19.0524969
            ],
            [
              72.8767181,
              19.0524892
            ],
            [
              72.8766984,
              19.0525205
            ],
            [
              72.8766767,
              19.0525105
            ],
            [
              72.8766584,
              19.0525391
            ]
          ]
        ]
      }
    },
    {
      "type": "Feature",
      "properties": {
        "id": 353766647,
        "name": "BKC Office Block",
        "height": 35.0,
        "min_height": 0.0,
        "building": "yes"
      },
      "geometry": {
        "type": "Polygon",
        "coordinates": [
          [
            [
              72.8759661,
              19.0540762
            ],
            [
              72.8759628,
              19.054149
            ],
            [
              72.8759784,
              19.0541496
            ],
            [
              72.8759789,
              19.0541381
            ],
            [
              72.8759996,
              19.0541389
            ],
            [
              72.875999,
              19.0541505
            ],
            [
              72.8760079,
              19.0541508
            ],
            [
              72.876006,
              19.0541923
            ],
            [
              72.8759776,
              19.0541912
            ],
            [
              72.8759781,
              19.054181
            ],
            [
              72.8759613,
              19.0541803
            ],
            [
              72.8759589,
              19.0542343
            ],
            [
              72.876015,
              19.0542366
            ],
            [
              72.8760156,
              19.054223
            ],
            [
              72.8760861,
              19.0542259
            ],
            [
              72.8760885,
              19.0541743
            ],
            [
              72.8761026,
              19.0541749
            ],
            [
              72.8761068,
              19.054082
            ],
            [
              72.8759661,
              19.0540762
            ]
          ]
        ]
      }
    },
    {
      "type": "Feature",
      "properties": {
        "id": 353766649,
        "name": "BKC Office Block",
        "height": 35.0,
        "min_height": 0.0,
        "building": "apartments"
      },
      "geometry": {
        "type": "Polygon",
        "coordinates": [
          [
            [
              72.8755234,
              19.0517962
            ],
            [
              72.8755392,
              19.0518042
            ],
            [
              72.8755252,
              19.0518288
            ],
            [
              72.8759291,
              19.052033
            ],
            [
              72.8759825,
              19.0519386
            ],
            [
              72.8759441,
              19.0519192
            ],
            [
              72.8759593,
              19.0518923
            ],
            [
              72.8758838,
              19.0518542
            ],
            [
              72.8758754,
              19.051869
            ],
            [
              72.8758396,
              19.0518509
            ],
            [
              72.8758465,
              19.0518389
            ],
            [
              72.8758055,
              19.0518182
            ],
            [
              72.8758003,
              19.0518275
            ],
            [
              72.8757827,
              19.0518186
            ],
            [
              72.8757871,
              19.0518107
            ],
            [
              72.8757519,
              19.0517929
            ],
            [
              72.8757447,
              19.0518056
            ],
            [
              72.8756989,
              19.0517824
            ],
            [
              72.8757101,
              19.0517626
            ],
            [
              72.8756599,
              19.0517372
            ],
            [
              72.8756543,
              19.0517471
            ],
            [
              72.8756119,
              19.0517257
            ],
            [
              72.8756002,
              19.0517463
            ],
            [
              72.8755625,
              19.0517272
            ],
            [
              72.8755234,
              19.0517962
            ]
          ]
        ]
      }
    },
    {
      "type": "Feature",
      "properties": {
        "id": 353766650,
        "name": "BKC Office Block",
        "height": 15.0,
        "min_height": 0.0,
        "building": "yes"
      },
      "geometry": {
        "type": "Polygon",
        "coordinates": [
          [
            [
              72.8764842,
              19.0521941
            ],
            [
              72.876428,
              19.0523162
            ],
            [
              72.8764648,
              19.0523313
            ],
            [
              72.8764997,
              19.0522553
            ],
            [
              72.8765357,
              19.0522701
            ],
            [
              72.8765221,
              19.0522997
            ],
            [
              72.87654,
              19.0523071
            ],
            [
              72.8765204,
              19.0523497
            ],
            [
              72.876551,
              19.0523623
            ],
            [
              72.8765769,
              19.0523061
            ],
            [
              72.876604,
              19.0523173
            ],
            [
              72.8765909,
              19.0523456
            ],
            [
              72.8765999,
              19.0523493
            ],
            [
              72.8765807,
              19.0523912
            ],
            [
              72.8766041,
              19.0524009
            ],
            [
              72.8766236,
              19.0523586
            ],
            [
              72.8766335,
              19.0523627
            ],
            [
              72.8766521,
              19.0523224
            ],
            [
              72.8766656,
              19.052328
            ],
            [
              72.8766434,
              19.0523761
            ],
            [
              72.8766955,
              19.0523975
            ],
            [
              72.8767443,
              19.0522914
            ],
            [
              72.876542,
              19.0522083
            ],
            [
              72.8765383,
              19.0522163
            ],
            [
              72.8764842,
              19.0521941
            ]
          ]
        ]
      }
    },
    {
      "type": "Feature",
      "properties": {
        "id": 353766652,
        "name": "BKC Office Block",
        "height": 70.0,
        "min_height": 0.0,
        "building": "yes"
      },
      "geometry": {
        "type": "Polygon",
        "coordinates": [
          [
            [
              72.8786545,
              19.0578445
            ],
            [
              72.8785426,
              19.0578172
            ],
            [
              72.8785348,
              19.0578455
            ],
            [
              72.878559,
              19.0578514
            ],
            [
              72.8785486,
              19.0578898
            ],
            [
              72.8785796,
              19.0578973
            ],
            [
              72.8785684,
              19.0579385
            ],
            [
              72.8785374,
              19.0579309
            ],
            [
              72.8785295,
              19.0579598
            ],
            [
              72.8785053,
              19.0579539
            ],
            [
              72.8784962,
              19.0579874
            ],
            [
              72.8786348,
              19.0580211
            ],
            [
              72.8786451,
              19.0579835
            ],
            [
              72.8786298,
              19.0579798
            ],
            [
              72.8786591,
              19.0578722
            ],
            [
              72.8786795,
              19.057876
            ],
            [
              72.8786865,
              19.057842
            ],
            [
              72.8788085,
              19.0578721
            ],
            [
              72.878803,
              19.0578987
            ],
            [
              72.8788446,
              19.0579064
            ],
            [
              72.8788828,
              19.0577678
            ],
            [
              72.878839,
              19.0577571
            ],
            [
              72.8788319,
              19.0577831
            ],
            [
              72.8787231,
              19.0577565
            ],
            [
              72.8787301,
              19.0577306
            ],
            [
              72.8786983,
              19.0577228
            ],
            [
              72.8786545,
              19.0578445
            ]
          ]
        ]
      }
    },
    {
      "type": "Feature",
      "properties": {
        "id": 353766653,
        "name": "Sagar Apartments",
        "height": 21.0,
        "min_height": 0.0,
        "building": "apartments"
      },
      "geometry": {
        "type": "Polygon",
        "coordinates": [
          [
            [
              72.8774989,
              19.0533448
            ],
            [
              72.8775465,
              19.0533432
            ],
            [
              72.877547,
              19.0533563
            ],
            [
              72.8776073,
              19.0533542
            ],
            [
              72.8776065,
              19.0533331
            ],
            [
              72.8776536,
              19.0533315
            ],
            [
              72.8776522,
              19.0532959
            ],
            [
              72.8776139,
              19.0532972
            ],
            [
              72.8776128,
              19.0532671
            ],
            [
              72.8776348,
              19.0532663
            ],
            [
              72.8776316,
              19.0531822
            ],
            [
              72.8776041,
              19.0531831
            ],
            [
              72.8776011,
              19.0531065
            ],
            [
              72.8776204,
              19.0531058
            ],
            [
              72.8776176,
              19.0530325
            ],
            [
              72.8776026,
              19.053033
            ],
            [
              72.8776016,
              19.0530082
            ],
            [
              72.8776336,
              19.0530071
            ],
            [
              72.8776321,
              19.0529673
            ],
            [
              72.8775878,
              19.0529688
            ],
            [
              72.8775871,
              19.052949
            ],
            [
              72.8775184,
              19.0529513
            ],
            [
              72.8775191,
              19.052969
            ],
            [
              72.8774755,
              19.0529704
            ],
            [
              72.8774781,
              19.0530395
            ],
            [
              72.8775217,
              19.053038
            ],
            [
              72.8775248,
              19.0531199
            ],
            [
              72.8775414,
              19.0531193
            ],
            [
              72.8775447,
              19.0532067
            ],
            [
              72.8775377,
              19.0532069
            ],
            [
              72.8775404,
              19.0532785
            ],
            [
              72.8774964,
              19.05328
            ],
            [
              72.8774989,
              19.0533448
            ]
          ]
        ]
      }
    },
    {
      "type": "Feature",
      "properties": {
        "id": 353766654,
        "name": "BKC Office Block",
        "height": 50.0,
        "min_height": 0.0,
        "building": "apartments"
      },
      "geometry": {
        "type": "Polygon",
        "coordinates": [
          [
            [
              72.8768352,
              19.0532386
            ],
            [
              72.8768617,
              19.0532377
            ],
            [
              72.8768612,
              19.0532259
            ],
            [
              72.8769358,
              19.0532232
            ],
            [
              72.8769401,
              19.0533284
            ],
            [
              72.8770166,
              19.0533256
            ],
            [
              72.877013,
              19.0532366
            ],
            [
              72.877117,
              19.0532328
            ],
            [
              72.8771166,
              19.0532246
            ],
            [
              72.8771871,
              19.0532221
            ],
            [
              72.8771866,
              19.0532079
            ],
            [
              72.8772047,
              19.0532073
            ],
            [
              72.8772084,
              19.0533013
            ],
            [
              72.8772872,
              19.0532985
            ],
            [
              72.8772819,
              19.0531642
            ],
            [
              72.8773953,
              19.0531602
            ],
            [
              72.8773925,
              19.053088
            ],
            [
              72.8772953,
              19.0530914
            ],
            [
              72.8772916,
              19.0529981
            ],
            [
              72.8772517,
              19.0529995
            ],
            [
              72.8772525,
              19.0530193
            ],
            [
              72.8772171,
              19.0530205
            ],
            [
              72.8772213,
              19.0531285
            ],
            [
              72.8770212,
              19.0531354
            ],
            [
              72.877017,
              19.0530268
            ],
            [
              72.8769772,
              19.0530282
            ],
            [
              72.8769782,
              19.0530531
            ],
            [
              72.8769423,
              19.0530544
            ],
            [
              72.8769458,
              19.0531436
            ],
            [
              72.8768316,
              19.0531476
            ],
            [
              72.8768352,
              19.0532386
            ]
          ]
        ]
      }
    },
    {
      "type": "Feature",
      "properties": {
        "id": 353766655,
        "name": "BKC Office Block",
        "height": 70.0,
        "min_height": 0.0,
        "building": "apartments"
      },
      "geometry": {
        "type": "Polygon",
        "coordinates": [
          [
            [
              72.8760821,
              19.0520062
            ],
            [
              72.8760344,
              19.0520929
            ],
            [
              72.8763161,
              19.052231
            ],
            [
              72.8763637,
              19.0521443
            ],
            [
              72.876324,
              19.0521248
            ],
            [
              72.8763363,
              19.0521023
            ],
            [
              72.8762978,
              19.0520834
            ],
            [
              72.8762854,
              19.0521059
            ],
            [
              72.8761797,
              19.0520541
            ],
            [
              72.8761906,
              19.0520343
            ],
            [
              72.8761543,
              19.0520165
            ],
            [
              72.8761434,
              19.0520363
            ],
            [
              72.8760821,
              19.0520062
            ]
          ]
        ]
      }
    },
    {
      "type": "Feature",
      "properties": {
        "id": 353766657,
        "name": "BKC Office Block",
        "height": 50.0,
        "min_height": 0.0,
        "building": "yes"
      },
      "geometry": {
        "type": "Polygon",
        "coordinates": [
          [
            [
              72.8772882,
              19.0569503
            ],
            [
              72.8774113,
              19.057192
            ],
            [
              72.877512,
              19.0571461
            ],
            [
              72.8774812,
              19.0570857
            ],
            [
              72.8775583,
              19.0570507
            ],
            [
              72.877466,
              19.0568694
            ],
            [
              72.8772882,
              19.0569503
            ]
          ]
        ]
      }
    },
    {
      "type": "Feature",
      "properties": {
        "id": 353769696,
        "name": "BKC Office Block",
        "height": 70.0,
        "min_height": 0.0,
        "building": "yes"
      },
      "geometry": {
        "type": "Polygon",
        "coordinates": [
          [
            [
              72.872008,
              19.0527411
            ],
            [
              72.8721208,
              19.0527379
            ],
            [
              72.8721184,
              19.0526609
            ],
            [
              72.8720056,
              19.0526641
            ],
            [
              72.872008,
              19.0527411
            ]
          ]
        ]
      }
    },
    {
      "type": "Feature",
      "properties": {
        "id": 353769697,
        "name": "BKC Office Block",
        "height": 35.0,
        "min_height": 0.0,
        "building": "yes"
      },
      "geometry": {
        "type": "Polygon",
        "coordinates": [
          [
            [
              72.8724154,
              19.052759
            ],
            [
              72.8725547,
              19.0527544
            ],
            [
              72.8725516,
              19.0526679
            ],
            [
              72.8724122,
              19.0526724
            ],
            [
              72.8724154,
              19.052759
            ]
          ]
        ]
      }
    },
    {
      "type": "Feature",
      "properties": {
        "id": 353769698,
        "name": "BKC Office Block",
        "height": 35.0,
        "min_height": 0.0,
        "building": "yes"
      },
      "geometry": {
        "type": "Polygon",
        "coordinates": [
          [
            [
              72.87238,
              19.0527352
            ],
            [
              72.8723767,
              19.0526062
            ],
            [
              72.8723499,
              19.0526069
            ],
            [
              72.8723493,
              19.0525812
            ],
            [
              72.8722794,
              19.0525829
            ],
            [
              72.8722809,
              19.0526409
            ],
            [
              72.8722944,
              19.0526405
            ],
            [
              72.8722947,
              19.0526673
            ],
            [
              72.8722613,
              19.0526682
            ],
            [
              72.8722631,
              19.0527379
            ],
            [
              72.87238,
              19.0527352
            ]
          ]
        ]
      }
    },
    {
      "type": "Feature",
      "properties": {
        "id": 353769699,
        "name": "BKC Office Block",
        "height": 15.0,
        "min_height": 0.0,
        "building": "yes"
      },
      "geometry": {
        "type": "Polygon",
        "coordinates": [
          [
            [
              72.8724324,
              19.052549
            ],
            [
              72.8725256,
              19.0525468
            ],
            [
              72.8725239,
              19.0524816
            ],
            [
              72.8724968,
              19.0524822
            ],
            [
              72.8724952,
              19.0524178
            ],
            [
              72.8725189,
              19.0524172
            ],
            [
              72.8725182,
              19.0523895
            ],
            [
              72.8724283,
              19.0523916
            ],
            [
              72.8724324,
              19.052549
            ]
          ]
        ]
      }
    },
    {
      "type": "Feature",
      "properties": {
        "id": 353792567,
        "name": "BKC Office Block",
        "height": 70.0,
        "min_height": 0.0,
        "building": "yes"
      },
      "geometry": {
        "type": "Polygon",
        "coordinates": [
          [
            [
              72.8772974,
              19.0618981
            ],
            [
              72.8773195,
              19.0620016
            ],
            [
              72.8774082,
              19.0619847
            ],
            [
              72.8773861,
              19.0618811
            ],
            [
              72.8772974,
              19.0618981
            ]
          ]
        ]
      }
    },
    {
      "type": "Feature",
      "properties": {
        "id": 353792576,
        "name": "BKC Office Block",
        "height": 15.0,
        "min_height": 0.0,
        "building": "yes"
      },
      "geometry": {
        "type": "Polygon",
        "coordinates": [
          [
            [
              72.8777755,
              19.0628512
            ],
            [
              72.8779312,
              19.062853
            ],
            [
              72.8779326,
              19.0627487
            ],
            [
              72.8777769,
              19.0627469
            ],
            [
              72.8777755,
              19.0628512
            ]
          ]
        ]
      }
    },
    {
      "type": "Feature",
      "properties": {
        "id": 353792581,
        "name": "BKC Office Block",
        "height": 25.0,
        "min_height": 0.0,
        "building": "yes"
      },
      "geometry": {
        "type": "Polygon",
        "coordinates": [
          [
            [
              72.8771492,
              19.0605514
            ],
            [
              72.8771487,
              19.0606149
            ],
            [
              72.8773261,
              19.0606162
            ],
            [
              72.8773266,
              19.0605527
            ],
            [
              72.8771492,
              19.0605514
            ]
          ]
        ]
      }
    },
    {
      "type": "Feature",
      "properties": {
        "id": 353792583,
        "name": "BKC Office Block",
        "height": 15.0,
        "min_height": 0.0,
        "building": "yes"
      },
      "geometry": {
        "type": "Polygon",
        "coordinates": [
          [
            [
              72.8769023,
              19.0620198
            ],
            [
              72.8769725,
              19.0622924
            ],
            [
              72.8770737,
              19.0622691
            ],
            [
              72.8770035,
              19.0619965
            ],
            [
              72.8769023,
              19.0620198
            ]
          ]
        ]
      }
    },
    {
      "type": "Feature",
      "properties": {
        "id": 353792601,
        "name": "BKC Office Block",
        "height": 15.0,
        "min_height": 0.0,
        "building": "yes"
      },
      "geometry": {
        "type": "Polygon",
        "coordinates": [
          [
            [
              72.8786227,
              19.062249
            ],
            [
              72.8786805,
              19.062248
            ],
            [
              72.8786801,
              19.0622265
            ],
            [
              72.8787387,
              19.0622255
            ],
            [
              72.8787391,
              19.0622471
            ],
            [
              72.8787852,
              19.0622463
            ],
            [
              72.8787848,
              19.0622247
            ],
            [
              72.8787739,
              19.0622249
            ],
            [
              72.8787726,
              19.0621568
            ],
            [
              72.8787833,
              19.0621566
            ],
            [
              72.8787829,
              19.0621326
            ],
            [
              72.8787351,
              19.0621334
            ],
            [
              72.8787354,
              19.0621505
            ],
            [
              72.8786254,
              19.0621524
            ],
            [
              72.8786236,
              19.0620568
            ],
            [
              72.878659,
              19.0620562
            ],
            [
              72.8786587,
              19.0620432
            ],
            [
              72.8786855,
              19.0620428
            ],
            [
              72.8786848,
              19.0620068
            ],
            [
              72.8787127,
              19.0620063
            ],
            [
              72.8787134,
              19.0620423
            ],
            [
              72.8787491,
              19.0620417
            ],
            [
              72.8787494,
              19.0620546
            ],
            [
              72.8787928,
              19.0620539
            ],
            [
              72.8787922,
              19.0620271
            ],
            [
              72.878773,
              19.0620274
            ],
            [
              72.8787721,
              19.0619797
            ],
            [
              72.8787895,
              19.0619794
            ],
            [
              72.878789,
              19.0619564
            ],
            [
              72.8786051,
              19.0619596
            ],
            [
              72.8786056,
              19.0619819
            ],
            [
              72.8786253,
              19.0619816
            ],
            [
              72.8786263,
              19.062031
            ],
            [
              72.8786065,
              19.0620313
            ],
            [
              72.8786068,
              19.0620452
            ],
            [
              72.8785423,
              19.0620463
            ],
            [
              72.8785438,
              19.0621279
            ],
            [
              72.8785715,
              19.0621274
            ],
            [
              72.8785723,
              19.0621678
            ],
            [
              72.878621,
              19.062167
            ],
            [
              72.8786214,
              19.0621862
            ],
            [
              72.8786457,
              19.0621858
            ],
            [
              72.8786464,
              19.0622231
            ],
            [
              72.8786222,
              19.0622235
            ],
            [
              72.8786227,
              19.062249
            ]
          ]
        ]
      }
    },
    {
      "type": "Feature",
      "properties": {
        "id": 353799527,
        "name": "BKC Office Block",
        "height": 15.0,
        "min_height": 0.0,
        "building": "apartments"
      },
      "geometry": {
        "type": "Polygon",
        "coordinates": [
          [
            [
              72.8748912,
              19.0528213
            ],
            [
              72.8750514,
              19.0528333
            ],
            [
              72.8750634,
              19.0526912
            ],
            [
              72.875085,
              19.0526929
            ],
            [
              72.8750949,
              19.052575
            ],
            [
              72.8750729,
              19.0525733
            ],
            [
              72.8750874,
              19.0524424
            ],
            [
              72.8750263,
              19.0524837
            ],
            [
              72.875004,
              19.0525878
            ],
            [
              72.8749915,
              19.0525868
            ],
            [
              72.8749808,
              19.0527131
            ],
            [
              72.8749008,
              19.0527071
            ],
            [
              72.8748912,
              19.0528213
            ]
          ]
        ]
      }
    },
    {
      "type": "Feature",
      "properties": {
        "id": 353799556,
        "name": "BKC Office Block",
        "height": 50.0,
        "min_height": 0.0,
        "building": "yes"
      },
      "geometry": {
        "type": "Polygon",
        "coordinates": [
          [
            [
              72.8719998,
              19.0521219
            ],
            [
              72.8720907,
              19.0521164
            ],
            [
              72.8720897,
              19.0521013
            ],
            [
              72.8720815,
              19.0521017
            ],
            [
              72.8720787,
              19.0520599
            ],
            [
              72.8720973,
              19.0520588
            ],
            [
              72.8720948,
              19.0520218
            ],
            [
              72.8720493,
              19.0520245
            ],
            [
              72.8720523,
              19.0520684
            ],
            [
              72.8720304,
              19.0520697
            ],
            [
              72.8720259,
              19.0520031
            ],
            [
              72.8720865,
              19.0519994
            ],
            [
              72.8720822,
              19.051935
            ],
            [
              72.8719875,
              19.0519407
            ],
            [
              72.8719998,
              19.0521219
            ]
          ]
        ]
      }
    },
    {
      "type": "Feature",
      "properties": {
        "id": 353799562,
        "name": "BKC Office Block",
        "height": 35.0,
        "min_height": 0.0,
        "building": "apartments"
      },
      "geometry": {
        "type": "Polygon",
        "coordinates": [
          [
            [
              72.8749573,
              19.0518962
            ],
            [
              72.8749046,
              19.0519089
            ],
            [
              72.8749148,
              19.0519468
            ],
            [
              72.8748304,
              19.0519673
            ],
            [
              72.8748207,
              19.0519311
            ],
            [
              72.8747756,
              19.051942
            ],
            [
              72.874795,
              19.052014
            ],
            [
              72.8748362,
              19.0520041
            ],
            [
              72.8748547,
              19.0520724
            ],
            [
              72.8748135,
              19.0520824
            ],
            [
              72.8748242,
              19.0521217
            ],
            [
              72.8749531,
              19.0520905
            ],
            [
              72.8749598,
              19.0521154
            ],
            [
              72.8750224,
              19.0521002
            ],
            [
              72.8750028,
              19.0520278
            ],
            [
              72.8749783,
              19.0520338
            ],
            [
              72.8749656,
              19.051987
            ],
            [
              72.8749808,
              19.0519833
            ],
            [
              72.8749573,
              19.0518962
            ]
          ]
        ]
      }
    },
    {
      "type": "Feature",
      "properties": {
        "id": 353799569,
        "name": "BKC Office Block",
        "height": 35.0,
        "min_height": 0.0,
        "building": "yes"
      },
      "geometry": {
        "type": "Polygon",
        "coordinates": [
          [
            [
              72.872089,
              19.0521787
            ],
            [
              72.8720219,
              19.0521816
            ],
            [
              72.8720224,
              19.0521905
            ],
            [
              72.8719983,
              19.0521915
            ],
            [
              72.8719995,
              19.0522155
            ],
            [
              72.8719822,
              19.0522163
            ],
            [
              72.8719839,
              19.0522516
            ],
            [
              72.8719935,
              19.0522511
            ],
            [
              72.8719948,
              19.0522775
            ],
            [
              72.8719845,
              19.052278
            ],
            [
              72.8719857,
              19.0523024
            ],
            [
              72.871996,
              19.052302
            ],
            [
              72.8719969,
              19.0523211
            ],
            [
              72.8720958,
              19.0523168
            ],
            [
              72.8720943,
              19.0522877
            ],
            [
              72.8720774,
              19.0522884
            ],
            [
              72.8720758,
              19.0522548
            ],
            [
              72.8720355,
              19.0522567
            ],
            [
              72.8720339,
              19.0522215
            ],
            [
              72.872091,
              19.052219
            ],
            [
              72.872089,
              19.0521787
            ]
          ]
        ]
      }
    },
    {
      "type": "Feature",
      "properties": {
        "id": 353799577,
        "name": "BKC Office Block",
        "height": 25.0,
        "min_height": 0.0,
        "building": "yes"
      },
      "geometry": {
        "type": "Polygon",
        "coordinates": [
          [
            [
              72.870392,
              19.0519037
            ],
            [
              72.8705775,
              19.0524112
            ],
            [
              72.8705085,
              19.0524337
            ],
            [
              72.8705714,
              19.0526057
            ],
            [
              72.870519,
              19.0526228
            ],
            [
              72.8705427,
              19.0526875
            ],
            [
              72.8705181,
              19.0526955
            ],
            [
              72.8705542,
              19.0527944
            ],
            [
              72.8706803,
              19.0527532
            ],
            [
              72.8706496,
              19.0526695
            ],
            [
              72.8707819,
              19.0526262
            ],
            [
              72.8705042,
              19.0518671
            ],
            [
              72.870392,
              19.0519037
            ]
          ]
        ]
      }
    },
    {
      "type": "Feature",
      "properties": {
        "id": 353799579,
        "name": "BKC Office Block",
        "height": 35.0,
        "min_height": 0.0,
        "building": "yes"
      },
      "geometry": {
        "type": "Polygon",
        "coordinates": [
          [
            [
              72.8734701,
              19.0525003
            ],
            [
              72.8734715,
              19.0526077
            ],
            [
              72.8736196,
              19.0526058
            ],
            [
              72.8736181,
              19.0524985
            ],
            [
              72.8734701,
              19.0525003
            ]
          ]
        ]
      }
    },
    {
      "type": "Feature",
      "properties": {
        "id": 353799581,
        "name": "BKC Office Block",
        "height": 50.0,
        "min_height": 0.0,
        "building": "yes"
      },
      "geometry": {
        "type": "Polygon",
        "coordinates": [
          [
            [
              72.8727551,
              19.0523864
            ],
            [
              72.8727578,
              19.0524202
            ],
            [
              72.872746,
              19.052421
            ],
            [
              72.8727512,
              19.0524853
            ],
            [
              72.872763,
              19.0524845
            ],
            [
              72.8727655,
              19.052516
            ],
            [
              72.8728208,
              19.052512
            ],
            [
              72.8728199,
              19.0525001
            ],
            [
              72.8729249,
              19.0524925
            ],
            [
              72.8729155,
              19.0523749
            ],
            [
              72.8727551,
              19.0523864
            ]
          ]
        ]
      }
    },
    {
      "type": "Feature",
      "properties": {
        "id": 353799585,
        "name": "BKC Office Block",
        "height": 25.0,
        "min_height": 0.0,
        "building": "yes"
      },
      "geometry": {
        "type": "Polygon",
        "coordinates": [
          [
            [
              72.8727523,
              19.0526951
            ],
            [
              72.8729576,
              19.0527016
            ],
            [
              72.8729615,
              19.0525908
            ],
            [
              72.8727562,
              19.0525844
            ],
            [
              72.8727523,
              19.0526951
            ]
          ]
        ]
      }
    },
    {
      "type": "Feature",
      "properties": {
        "id": 353799587,
        "name": "BKC Office Block",
        "height": 70.0,
        "min_height": 0.0,
        "building": "apartments"
      },
      "geometry": {
        "type": "Polygon",
        "coordinates": [
          [
            [
              72.8743241,
              19.0521153
            ],
            [
              72.8742301,
              19.0521117
            ],
            [
              72.8742035,
              19.0525429
            ],
            [
              72.8743775,
              19.0525532
            ],
            [
              72.8743896,
              19.0523722
            ],
            [
              72.8743468,
              19.0523697
            ],
            [
              72.8743433,
              19.0524221
            ],
            [
              72.8743099,
              19.0524201
            ],
            [
              72.8743241,
              19.0521153
            ]
          ]
        ]
      }
    },
    {
      "type": "Feature",
      "properties": {
        "id": 353799593,
        "name": "BKC Office Block",
        "height": 35.0,
        "min_height": 0.0,
        "building": "yes"
      },
      "geometry": {
        "type": "Polygon",
        "coordinates": [
          [
            [
              72.8737385,
              19.0525357
            ],
            [
              72.8736734,
              19.0525367
            ],
            [
              72.8736772,
              19.052762
            ],
            [
              72.8737424,
              19.052761
            ],
            [
              72.8737385,
              19.0525357
            ]
          ]
        ]
      }
    },
    {
      "type": "Feature",
      "properties": {
        "id": 353799595,
        "name": "BKC Office Block",
        "height": 35.0,
        "min_height": 0.0,
        "building": "yes"
      },
      "geometry": {
        "type": "Polygon",
        "coordinates": [
          [
            [
              72.8730863,
              19.052593
            ],
            [
              72.8730829,
              19.0527325
            ],
            [
              72.8733834,
              19.052739
            ],
            [
              72.8733867,
              19.0525994
            ],
            [
              72.8730863,
              19.052593
            ]
          ]
        ]
      }
    },
    {
      "type": "Feature",
      "properties": {
        "id": 353799599,
        "name": "BKC Office Block",
        "height": 70.0,
        "min_height": 0.0,
        "building": "yes"
      },
      "geometry": {
        "type": "Polygon",
        "coordinates": [
          [
            [
              72.8727671,
              19.0521721
            ],
            [
              72.8727725,
              19.0523173
            ],
            [
              72.8729043,
              19.0523129
            ],
            [
              72.8728989,
              19.0521677
            ],
            [
              72.8727671,
              19.0521721
            ]
          ]
        ]
      }
    },
    {
      "type": "Feature",
      "properties": {
        "id": 353799601,
        "name": "BKC Office Block",
        "height": 15.0,
        "min_height": 0.0,
        "building": "yes"
      },
      "geometry": {
        "type": "Polygon",
        "coordinates": [
          [
            [
              72.8730363,
              19.0521558
            ],
            [
              72.873056,
              19.0523485
            ],
            [
              72.8731386,
              19.052341
            ],
            [
              72.8731188,
              19.0521482
            ],
            [
              72.8730363,
              19.0521558
            ]
          ]
        ]
      }
    },
    {
      "type": "Feature",
      "properties": {
        "id": 353799607,
        "name": "BKC Office Block",
        "height": 50.0,
        "min_height": 0.0,
        "building": "yes"
      },
      "geometry": {
        "type": "Polygon",
        "coordinates": [
          [
            [
              72.8701112,
              19.0526847
            ],
            [
              72.8702399,
              19.0526868
            ],
            [
              72.8702425,
              19.052547
            ],
            [
              72.8703084,
              19.0525434
            ],
            [
              72.8703003,
              19.0524132
            ],
            [
              72.8701847,
              19.0524196
            ],
            [
              72.8701921,
              19.0525382
            ],
            [
              72.8701139,
              19.0525369
            ],
            [
              72.8701112,
              19.0526847
            ]
          ]
        ]
      }
    },
    {
      "type": "Feature",
      "properties": {
        "id": 353799610,
        "name": "BKC Office Block",
        "height": 25.0,
        "min_height": 0.0,
        "building": "yes"
      },
      "geometry": {
        "type": "Polygon",
        "coordinates": [
          [
            [
              72.8792571,
              19.0528174
            ],
            [
              72.8791698,
              19.0529692
            ],
            [
              72.8792527,
              19.0530264
            ],
            [
              72.8792645,
              19.0530101
            ],
            [
              72.8793324,
              19.0530536
            ],
            [
              72.8793207,
              19.05307
            ],
            [
              72.8793574,
              19.0530935
            ],
            [
              72.8794129,
              19.0530165
            ],
            [
              72.8793906,
              19.0530022
            ],
            [
              72.8794041,
              19.0529834
            ],
            [
              72.8793738,
              19.052964
            ],
            [
              72.8793603,
              19.0529828
            ],
            [
              72.8792854,
              19.0529348
            ],
            [
              72.8793135,
              19.0528959
            ],
            [
              72.8793362,
              19.0529105
            ],
            [
              72.8793619,
              19.0528749
            ],
            [
              72.8792571,
              19.0528174
            ]
          ]
        ]
      }
    },
    {
      "type": "Feature",
      "properties": {
        "id": 353803535,
        "name": "BKC Office Block",
        "height": 35.0,
        "min_height": 0.0,
        "building": "yes"
      },
      "geometry": {
        "type": "Polygon",
        "coordinates": [
          [
            [
              72.8724639,
              19.0519398
            ],
            [
              72.8724052,
              19.0519475
            ],
            [
              72.8724331,
              19.0521374
            ],
            [
              72.8724917,
              19.0521297
            ],
            [
              72.8724639,
              19.0519398
            ]
          ]
        ]
      }
    },
    {
      "type": "Feature",
      "properties": {
        "id": 353803545,
        "name": "BKC Office Block",
        "height": 50.0,
        "min_height": 0.0,
        "building": "yes"
      },
      "geometry": {
        "type": "Polygon",
        "coordinates": [
          [
            [
              72.8724248,
              19.0521963
            ],
            [
              72.8724315,
              19.0523281
            ],
            [
              72.872496,
              19.0523251
            ],
            [
              72.8724892,
              19.0521934
            ],
            [
              72.8724248,
              19.0521963
            ]
          ]
        ]
      }
    },
    {
      "type": "Feature",
      "properties": {
        "id": 353803551,
        "name": "BKC Office Block",
        "height": 25.0,
        "min_height": 0.0,
        "building": "yes"
      },
      "geometry": {
        "type": "Polygon",
        "coordinates": [
          [
            [
              72.8711129,
              19.052667
            ],
            [
              72.8710231,
              19.052675
            ],
            [
              72.8710346,
              19.0527904
            ],
            [
              72.8711245,
              19.0527824
            ],
            [
              72.8711129,
              19.052667
            ]
          ]
        ]
      }
    },
    {
      "type": "Feature",
      "properties": {
        "id": 353812548,
        "name": "BKC Office Block",
        "height": 35.0,
        "min_height": 0.0,
        "building": "yes"
      },
      "geometry": {
        "type": "Polygon",
        "coordinates": [
          [
            [
              72.8779013,
              19.0558737
            ],
            [
              72.878066,
              19.0557181
            ],
            [
              72.8780214,
              19.0556759
            ],
            [
              72.8779751,
              19.0557195
            ],
            [
              72.8779588,
              19.0557041
            ],
            [
              72.8779961,
              19.0556689
            ],
            [
              72.8779266,
              19.0556032
            ],
            [
              72.8778832,
              19.0556444
            ],
            [
              72.8778998,
              19.0556602
            ],
            [
              72.8778614,
              19.0556966
            ],
            [
              72.8778316,
              19.0556684
            ],
            [
              72.8777751,
              19.0557219
            ],
            [
              72.8778428,
              19.0557859
            ],
            [
              72.8778739,
              19.0557565
            ],
            [
              72.8779027,
              19.0557838
            ],
            [
              72.8778545,
              19.0558294
            ],
            [
              72.8779013,
              19.0558737
            ]
          ]
        ]
      }
    },
    {
      "type": "Feature",
      "properties": {
        "id": 353812550,
        "name": "BKC Office Block",
        "height": 15.0,
        "min_height": 0.0,
        "building": "yes"
      },
      "geometry": {
        "type": "Polygon",
        "coordinates": [
          [
            [
              72.8750733,
              19.0532684
            ],
            [
              72.87512,
              19.0532955
            ],
            [
              72.8751258,
              19.0532865
            ],
            [
              72.875218,
              19.05334
            ],
            [
              72.8752122,
              19.053349
            ],
            [
              72.8752499,
              19.0533708
            ],
            [
              72.8752781,
              19.0533274
            ],
            [
              72.8752966,
              19.0533382
            ],
            [
              72.8753435,
              19.0532659
            ],
            [
              72.8753112,
              19.0532471
            ],
            [
              72.8753163,
              19.0532392
            ],
            [
              72.8751972,
              19.0531701
            ],
            [
              72.8752025,
              19.053162
            ],
            [
              72.8751589,
              19.0531367
            ],
            [
              72.8750733,
              19.0532684
            ]
          ]
        ]
      }
    },
    {
      "type": "Feature",
      "properties": {
        "id": 353812553,
        "name": "BKC Office Block",
        "height": 70.0,
        "min_height": 0.0,
        "building": "yes"
      },
      "geometry": {
        "type": "Polygon",
        "coordinates": [
          [
            [
              72.8753104,
              19.0529537
            ],
            [
              72.8753304,
              19.0529669
            ],
            [
              72.875325,
              19.0529741
            ],
            [
              72.8753476,
              19.052989
            ],
            [
              72.8753818,
              19.0529428
            ],
            [
              72.8753945,
              19.0529512
            ],
            [
              72.8753643,
              19.0529921
            ],
            [
              72.875391,
              19.0530098
            ],
            [
              72.8754045,
              19.0529915
            ],
            [
              72.8754348,
              19.0530115
            ],
            [
              72.8754885,
              19.0529389
            ],
            [
              72.8754513,
              19.0529143
            ],
            [
              72.8754409,
              19.0529283
            ],
            [
              72.8754152,
              19.0529113
            ],
            [
              72.8754079,
              19.0529213
            ],
            [
              72.875378,
              19.0529015
            ],
            [
              72.8753585,
              19.0528887
            ],
            [
              72.8753104,
              19.0529537
            ]
          ]
        ]
      }
    },
    {
      "type": "Feature",
      "properties": {
        "id": 353812558,
        "name": "BKC Office Block",
        "height": 50.0,
        "min_height": 0.0,
        "building": "yes"
      },
      "geometry": {
        "type": "Polygon",
        "coordinates": [
          [
            [
              72.8763898,
              19.0531063
            ],
            [
              72.8764029,
              19.0531038
            ],
            [
              72.876414,
              19.0531566
            ],
            [
              72.8763905,
              19.053161
            ],
            [
              72.8763973,
              19.0531937
            ],
            [
              72.8764584,
              19.0531822
            ],
            [
              72.8764492,
              19.0531381
            ],
            [
              72.8765055,
              19.0531275
            ],
            [
              72.876515,
              19.0531727
            ],
            [
              72.8765624,
              19.0531638
            ],
            [
              72.8765397,
              19.0530557
            ],
            [
              72.8764951,
              19.0530641
            ],
            [
              72.8764928,
              19.0530532
            ],
            [
              72.8764632,
              19.0530587
            ],
            [
              72.8764662,
              19.0530732
            ],
            [
              72.8764259,
              19.0530808
            ],
            [
              72.8764237,
              19.05307
            ],
            [
              72.8763837,
              19.0530775
            ],
            [
              72.8763898,
              19.0531063
            ]
          ]
        ]
      }
    },
    {
      "type": "Feature",
      "properties": {
        "id": 353812573,
        "name": "BKC Office Block",
        "height": 25.0,
        "min_height": 0.0,
        "building": "yes"
      },
      "geometry": {
        "type": "Polygon",
        "coordinates": [
          [
            [
              72.875748,
              19.0521854
            ],
            [
              72.8757553,
              19.0522059
            ],
            [
              72.8757367,
              19.0522118
            ],
            [
              72.8757465,
              19.0522393
            ],
            [
              72.875765,
              19.0522334
            ],
            [
              72.8757762,
              19.0522649
            ],
            [
              72.8757832,
              19.0522627
            ],
            [
              72.8757862,
              19.0522713
            ],
            [
              72.8758196,
              19.0522607
            ],
            [
              72.8758116,
              19.052238
            ],
            [
              72.8758249,
              19.0522337
            ],
            [
              72.8758389,
              19.052273
            ],
            [
              72.8757921,
              19.0522879
            ],
            [
              72.8758082,
              19.0523332
            ],
            [
              72.8758387,
              19.0523235
            ],
            [
              72.8758355,
              19.0523143
            ],
            [
              72.8758756,
              19.0523016
            ],
            [
              72.8758844,
              19.0523263
            ],
            [
              72.8759199,
              19.052315
            ],
            [
              72.8758997,
              19.052258
            ],
            [
              72.8758834,
              19.0522631
            ],
            [
              72.8758638,
              19.052208
            ],
            [
              72.8758917,
              19.0521991
            ],
            [
              72.8758821,
              19.0521719
            ],
            [
              72.8758025,
              19.0521971
            ],
            [
              72.8757932,
              19.052171
            ],
            [
              72.875748,
              19.0521854
            ]
          ]
        ]
      }
    },
    {
      "type": "Feature",
      "properties": {
        "id": 353812576,
        "name": "BKC Office Block",
        "height": 50.0,
        "min_height": 0.0,
        "building": "yes"
      },
      "geometry": {
        "type": "Polygon",
        "coordinates": [
          [
            [
              72.8790644,
              19.0542353
            ],
            [
              72.8793118,
              19.0542314
            ],
            [
              72.8793103,
              19.054144
            ],
            [
              72.8790628,
              19.0541479
            ],
            [
              72.8790644,
              19.0542353
            ]
          ]
        ]
      }
    },
    {
      "type": "Feature",
      "properties": {
        "id": 353812577,
        "name": "BKC Office Block",
        "height": 70.0,
        "min_height": 0.0,
        "building": "yes"
      },
      "geometry": {
        "type": "Polygon",
        "coordinates": [
          [
            [
              72.8791821,
              19.0543183
            ],
            [
              72.8791144,
              19.0543842
            ],
            [
              72.8792639,
              19.0545216
            ],
            [
              72.8793317,
              19.0544558
            ],
            [
              72.8791821,
              19.0543183
            ]
          ]
        ]
      }
    },
    {
      "type": "Feature",
      "properties": {
        "id": 353812578,
        "name": "BKC Office Block",
        "height": 70.0,
        "min_height": 0.0,
        "building": "yes"
      },
      "geometry": {
        "type": "Polygon",
        "coordinates": [
          [
            [
              72.8790653,
              19.0539568
            ],
            [
              72.8790646,
              19.0540459
            ],
            [
              72.8793261,
              19.0540477
            ],
            [
              72.8793268,
              19.0539586
            ],
            [
              72.8790653,
              19.0539568
            ]
          ]
        ]
      }
    },
    {
      "type": "Feature",
      "properties": {
        "id": 353812580,
        "name": "BKC Office Block",
        "height": 25.0,
        "min_height": 0.0,
        "building": "apartments"
      },
      "geometry": {
        "type": "Polygon",
        "coordinates": [
          [
            [
              72.8764025,
              19.0532629
            ],
            [
              72.876411,
              19.0533031
            ],
            [
              72.8763754,
              19.0533098
            ],
            [
              72.8763863,
              19.0533614
            ],
            [
              72.8764507,
              19.0533493
            ],
            [
              72.8764609,
              19.0533977
            ],
            [
              72.876672,
              19.0533578
            ],
            [
              72.8766425,
              19.0532177
            ],
            [
              72.8764025,
              19.0532629
            ]
          ]
        ]
      }
    },
    {
      "type": "Feature",
      "properties": {
        "id": 353812581,
        "name": "BKC Office Block",
        "height": 15.0,
        "min_height": 0.0,
        "building": "yes"
      },
      "geometry": {
        "type": "Polygon",
        "coordinates": [
          [
            [
              72.8782551,
              19.0552718
            ],
            [
              72.878257,
              19.0554427
            ],
            [
              72.878323,
              19.055442
            ],
            [
              72.8783211,
              19.0552712
            ],
            [
              72.8782551,
              19.0552718
            ]
          ]
        ]
      }
    },
    {
      "type": "Feature",
      "properties": {
        "id": 353812584,
        "name": "BKC Office Block",
        "height": 70.0,
        "min_height": 0.0,
        "building": "yes"
      },
      "geometry": {
        "type": "Polygon",
        "coordinates": [
          [
            [
              72.8779378,
              19.0541948
            ],
            [
              72.877927,
              19.0543297
            ],
            [
              72.8779835,
              19.0543338
            ],
            [
              72.8779944,
              19.0541988
            ],
            [
              72.8779378,
              19.0541948
            ]
          ]
        ]
      }
    },
    {
      "type": "Feature",
      "properties": {
        "id": 353812590,
        "name": "BKC Office Block",
        "height": 25.0,
        "min_height": 0.0,
        "building": "yes"
      },
      "geometry": {
        "type": "Polygon",
        "coordinates": [
          [
            [
              72.8756905,
              19.0531833
            ],
            [
              72.8757799,
              19.0532192
            ],
            [
              72.8758027,
              19.0531686
            ],
            [
              72.8757746,
              19.0531573
            ],
            [
              72.8758027,
              19.0530947
            ],
            [
              72.8757414,
              19.05307
            ],
            [
              72.8756905,
              19.0531833
            ]
          ]
        ]
      }
    },
    {
      "type": "Feature",
      "properties": {
        "id": 353812592,
        "name": "BKC Office Block",
        "height": 50.0,
        "min_height": 0.0,
        "building": "yes"
      },
      "geometry": {
        "type": "Polygon",
        "coordinates": [
          [
            [
              72.8787965,
              19.0540492
            ],
            [
              72.8789736,
              19.0540446
            ],
            [
              72.8789691,
              19.0538916
            ],
            [
              72.8788885,
              19.0538937
            ],
            [
              72.8788906,
              19.0539657
            ],
            [
              72.8787941,
              19.0539682
            ],
            [
              72.8787965,
              19.0540492
            ]
          ]
        ]
      }
    },
    {
      "type": "Feature",
      "properties": {
        "id": 353812595,
        "name": "BKC Office Block",
        "height": 35.0,
        "min_height": 0.0,
        "building": "yes"
      },
      "geometry": {
        "type": "Polygon",
        "coordinates": [
          [
            [
              72.8763234,
              19.0531892
            ],
            [
              72.8762753,
              19.0532041
            ],
            [
              72.8762797,
              19.0532167
            ],
            [
              72.8762313,
              19.0532317
            ],
            [
              72.876226,
              19.0532165
            ],
            [
              72.8761388,
              19.0532434
            ],
            [
              72.8761653,
              19.0533202
            ],
            [
              72.876349,
              19.0532635
            ],
            [
              72.8763234,
              19.0531892
            ]
          ]
        ]
      }
    },
    {
      "type": "Feature",
      "properties": {
        "id": 353825111,
        "name": "BKC Office Block",
        "height": 15.0,
        "min_height": 0.0,
        "building": "yes"
      },
      "geometry": {
        "type": "Polygon",
        "coordinates": [
          [
            [
              72.8751909,
              19.0675203
            ],
            [
              72.8756588,
              19.0674484
            ],
            [
              72.8756535,
              19.0673547
            ],
            [
              72.8751751,
              19.0674124
            ],
            [
              72.8751909,
              19.0675203
            ]
          ]
        ]
      }
    },
    {
      "type": "Feature",
      "properties": {
        "id": 353825129,
        "name": "BKC Office Block",
        "height": 25.0,
        "min_height": 0.0,
        "building": "apartments"
      },
      "geometry": {
        "type": "Polygon",
        "coordinates": [
          [
            [
              72.8755155,
              19.0700816
            ],
            [
              72.8755362,
              19.0701621
            ],
            [
              72.8756887,
              19.070127
            ],
            [
              72.8756936,
              19.0701463
            ],
            [
              72.8757527,
              19.0701327
            ],
            [
              72.8757465,
              19.0701085
            ],
            [
              72.8758789,
              19.0700781
            ],
            [
              72.8758595,
              19.0700026
            ],
            [
              72.8755155,
              19.0700816
            ]
          ]
        ]
      }
    },
    {
      "type": "Feature",
      "properties": {
        "id": 353825131,
        "name": "BKC Office Block",
        "height": 15.0,
        "min_height": 0.0,
        "building": "apartments"
      },
      "geometry": {
        "type": "Polygon",
        "coordinates": [
          [
            [
              72.8766826,
              19.0678714
            ],
            [
              72.8767243,
              19.0679338
            ],
            [
              72.8767509,
              19.0679183
            ],
            [
              72.8767636,
              19.0679376
            ],
            [
              72.8767887,
              19.0679215
            ],
            [
              72.8767994,
              19.0679377
            ],
            [
              72.8769304,
              19.0678421
            ],
            [
              72.876923,
              19.0678308
            ],
            [
              72.8769512,
              19.0678137
            ],
            [
              72.8769365,
              19.0677941
            ],
            [
              72.8769703,
              19.0677753
            ],
            [
              72.8769182,
              19.0677152
            ],
            [
              72.8766826,
              19.0678714
            ]
          ]
        ]
      }
    },
    {
      "type": "Feature",
      "properties": {
        "id": 353825133,
        "name": "BKC Office Block",
        "height": 15.0,
        "min_height": 0.0,
        "building": "apartments"
      },
      "geometry": {
        "type": "Polygon",
        "coordinates": [
          [
            [
              72.8760966,
              19.0674274
            ],
            [
              72.8761069,
              19.0675014
            ],
            [
              72.8761628,
              19.0674945
            ],
            [
              72.8761676,
              19.0675291
            ],
            [
              72.8761147,
              19.0675356
            ],
            [
              72.8761252,
              19.0676111
            ],
            [
              72.8761799,
              19.0676043
            ],
            [
              72.8761757,
              19.0675741
            ],
            [
              72.8762108,
              19.0675698
            ],
            [
              72.8762053,
              19.0675302
            ],
            [
              72.876255,
              19.067524
            ],
            [
              72.8762453,
              19.0674539
            ],
            [
              72.8762213,
              19.0674569
            ],
            [
              72.8762182,
              19.0674345
            ],
            [
              72.8761541,
              19.0674424
            ],
            [
              72.8761511,
              19.0674206
            ],
            [
              72.8760966,
              19.0674274
            ]
          ]
        ]
      }
    },
    {
      "type": "Feature",
      "properties": {
        "id": 353825136,
        "name": "BKC Office Block",
        "height": 15.0,
        "min_height": 0.0,
        "building": "apartments"
      },
      "geometry": {
        "type": "Polygon",
        "coordinates": [
          [
            [
              72.8767141,
              19.0698656
            ],
            [
              72.8766737,
              19.0698853
            ],
            [
              72.876667,
              19.0698731
            ],
            [
              72.8766381,
              19.0698872
            ],
            [
              72.876662,
              19.0699311
            ],
            [
              72.8766456,
              19.0699391
            ],
            [
              72.8766646,
              19.0699738
            ],
            [
              72.8766807,
              19.069966
            ],
            [
              72.8767172,
              19.0700329
            ],
            [
              72.8767012,
              19.0700407
            ],
            [
              72.8767201,
              19.0700754
            ],
            [
              72.8767384,
              19.0700665
            ],
            [
              72.8767715,
              19.0701272
            ],
            [
              72.8767532,
              19.0701361
            ],
            [
              72.8767715,
              19.0701697
            ],
            [
              72.876785,
              19.0701631
            ],
            [
              72.8768019,
              19.0701941
            ],
            [
              72.8768308,
              19.07018
            ],
            [
              72.8768223,
              19.0701645
            ],
            [
              72.8768656,
              19.0701434
            ],
            [
              72.8767141,
              19.0698656
            ]
          ]
        ]
      }
    },
    {
      "type": "Feature",
      "properties": {
        "id": 353825139,
        "name": "BKC Office Block",
        "height": 15.0,
        "min_height": 0.0,
        "building": "apartments"
      },
      "geometry": {
        "type": "Polygon",
        "coordinates": [
          [
            [
              72.8766213,
              19.0673624
            ],
            [
              72.8766243,
              19.0673855
            ],
            [
              72.8765997,
              19.0673884
            ],
            [
              72.8766099,
              19.0674664
            ],
            [
              72.8766751,
              19.0674589
            ],
            [
              72.8766807,
              19.067502
            ],
            [
              72.876629,
              19.0675081
            ],
            [
              72.8766407,
              19.0675978
            ],
            [
              72.8766643,
              19.0675951
            ],
            [
              72.8766683,
              19.0676253
            ],
            [
              72.8767167,
              19.0676197
            ],
            [
              72.8767129,
              19.0675911
            ],
            [
              72.8767577,
              19.0675858
            ],
            [
              72.8767455,
              19.0674928
            ],
            [
              72.8766969,
              19.0674984
            ],
            [
              72.8766927,
              19.0674659
            ],
            [
              72.8767449,
              19.0674598
            ],
            [
              72.8767316,
              19.0673582
            ],
            [
              72.8766631,
              19.0673662
            ],
            [
              72.876662,
              19.0673576
            ],
            [
              72.8766213,
              19.0673624
            ]
          ]
        ]
      }
    },
    {
      "type": "Feature",
      "properties": {
        "id": 353825141,
        "name": "BKC Office Block",
        "height": 15.0,
        "min_height": 0.0,
        "building": "yes"
      },
      "geometry": {
        "type": "Polygon",
        "coordinates": [
          [
            [
              72.8765432,
              19.0682492
            ],
            [
              72.8765538,
              19.068303
            ],
            [
              72.8765877,
              19.068297
            ],
            [
              72.8765974,
              19.068346
            ],
            [
              72.8766307,
              19.0683402
            ],
            [
              72.8766349,
              19.0683612
            ],
            [
              72.8766002,
              19.0683673
            ],
            [
              72.8766031,
              19.0683819
            ],
            [
              72.8765706,
              19.0683877
            ],
            [
              72.8765836,
              19.0684536
            ],
            [
              72.876626,
              19.0684461
            ],
            [
              72.8766219,
              19.0684254
            ],
            [
              72.8766671,
              19.0684174
            ],
            [
              72.876673,
              19.0684472
            ],
            [
              72.8767501,
              19.0684336
            ],
            [
              72.8767192,
              19.0682768
            ],
            [
              72.8767367,
              19.0682737
            ],
            [
              72.8767284,
              19.0682317
            ],
            [
              72.8766999,
              19.0682367
            ],
            [
              72.876697,
              19.068222
            ],
            [
              72.8765432,
              19.0682492
            ]
          ]
        ]
      }
    },
    {
      "type": "Feature",
      "properties": {
        "id": 353825143,
        "name": "BKC Office Block",
        "height": 35.0,
        "min_height": 0.0,
        "building": "yes"
      },
      "geometry": {
        "type": "Polygon",
        "coordinates": [
          [
            [
              72.8762799,
              19.0690153
            ],
            [
              72.8762799,
              19.0690506
            ],
            [
              72.8763554,
              19.0690507
            ],
            [
              72.8763554,
              19.0690279
            ],
            [
              72.8764308,
              19.0690279
            ],
            [
              72.8764308,
              19.0690403
            ],
            [
              72.8764724,
              19.0690403
            ],
            [
              72.8764724,
              19.0690156
            ],
            [
              72.876504,
              19.0690157
            ],
            [
              72.876504,
              19.0689751
            ],
            [
              72.876488,
              19.0689751
            ],
            [
              72.876488,
              19.0689426
            ],
            [
              72.8763964,
              19.0689426
            ],
            [
              72.8763964,
              19.0689803
            ],
            [
              72.8763672,
              19.0689803
            ],
            [
              72.8763672,
              19.0689482
            ],
            [
              72.8762815,
              19.0689482
            ],
            [
              72.8762815,
              19.0689857
            ],
            [
              72.8762652,
              19.0689857
            ],
            [
              72.8762652,
              19.0690153
            ],
            [
              72.8762799,
              19.0690153
            ]
          ]
        ]
      }
    },
    {
      "type": "Feature",
      "properties": {
        "id": 353825144,
        "name": "BKC Office Block",
        "height": 25.0,
        "min_height": 0.0,
        "building": "apartments"
      },
      "geometry": {
        "type": "Polygon",
        "coordinates": [
          [
            [
              72.8769037,
              19.0698574
            ],
            [
              72.876924,
              19.0699403
            ],
            [
              72.8769599,
              19.0699325
            ],
            [
              72.8769672,
              19.0699621
            ],
            [
              72.8769313,
              19.06997
            ],
            [
              72.8769511,
              19.070051
            ],
            [
              72.8769756,
              19.0700456
            ],
            [
              72.8769825,
              19.0700742
            ],
            [
              72.8769581,
              19.0700795
            ],
            [
              72.8769783,
              19.0701621
            ],
            [
              72.8770434,
              19.0701479
            ],
            [
              72.8770396,
              19.070132
            ],
            [
              72.8770631,
              19.0701268
            ],
            [
              72.8770511,
              19.0700778
            ],
            [
              72.8770334,
              19.0700816
            ],
            [
              72.8770184,
              19.0700205
            ],
            [
              72.8770362,
              19.0700166
            ],
            [
              72.8770274,
              19.0699807
            ],
            [
              72.8769919,
              19.0699885
            ],
            [
              72.8769727,
              19.06991
            ],
            [
              72.8770082,
              19.0699022
            ],
            [
              72.8769883,
              19.0698209
            ],
            [
              72.8769315,
              19.0698333
            ],
            [
              72.8769357,
              19.0698504
            ],
            [
              72.8769037,
              19.0698574
            ]
          ]
        ]
      }
    },
    {
      "type": "Feature",
      "properties": {
        "id": 353825146,
        "name": "BKC Office Block",
        "height": 70.0,
        "min_height": 0.0,
        "building": "yes"
      },
      "geometry": {
        "type": "Polygon",
        "coordinates": [
          [
            [
              72.8762614,
              19.0668957
            ],
            [
              72.8762735,
              19.0669653
            ],
            [
              72.876309,
              19.0669597
            ],
            [
              72.8763181,
              19.0670119
            ],
            [
              72.8762924,
              19.0670159
            ],
            [
              72.8763007,
              19.0670638
            ],
            [
              72.8763137,
              19.0670617
            ],
            [
              72.8763199,
              19.0670971
            ],
            [
              72.8763085,
              19.0670988
            ],
            [
              72.876313,
              19.0671247
            ],
            [
              72.8763452,
              19.0671196
            ],
            [
              72.8763581,
              19.0671934
            ],
            [
              72.8763281,
              19.0671981
            ],
            [
              72.8763331,
              19.067227
            ],
            [
              72.8764724,
              19.0672053
            ],
            [
              72.8764627,
              19.0671498
            ],
            [
              72.8764219,
              19.0671562
            ],
            [
              72.8764088,
              19.0670809
            ],
            [
              72.8763527,
              19.0670897
            ],
            [
              72.8763436,
              19.0670378
            ],
            [
              72.8763733,
              19.0670331
            ],
            [
              72.8763651,
              19.0669862
            ],
            [
              72.8763848,
              19.0669831
            ],
            [
              72.8763742,
              19.0669224
            ],
            [
              72.8764151,
              19.066916
            ],
            [
              72.8764076,
              19.0668729
            ],
            [
              72.8762614,
              19.0668957
            ]
          ]
        ]
      }
    },
    {
      "type": "Feature",
      "properties": {
        "id": 353825147,
        "name": "BKC Office Block",
        "height": 50.0,
        "min_height": 0.0,
        "building": "yes"
      },
      "geometry": {
        "type": "Polygon",
        "coordinates": [
          [
            [
              72.8766182,
              19.0689787
            ],
            [
              72.8765825,
              19.068985
            ],
            [
              72.8765795,
              19.0689694
            ],
            [
              72.8765479,
              19.068975
            ],
            [
              72.8765567,
              19.0690195
            ],
            [
              72.8765397,
              19.0690225
            ],
            [
              72.8765487,
              19.0690684
            ],
            [
              72.8765729,
              19.0690641
            ],
            [
              72.8765871,
              19.0691364
            ],
            [
              72.8765621,
              19.0691408
            ],
            [
              72.8765696,
              19.0691787
            ],
            [
              72.8765925,
              19.0691747
            ],
            [
              72.8766062,
              19.0692446
            ],
            [
              72.8765826,
              19.0692488
            ],
            [
              72.8765907,
              19.0692898
            ],
            [
              72.8766121,
              19.069286
            ],
            [
              72.8766175,
              19.0693136
            ],
            [
              72.8766457,
              19.0693087
            ],
            [
              72.876642,
              19.06929
            ],
            [
              72.8766804,
              19.0692833
            ],
            [
              72.8766647,
              19.0692035
            ],
            [
              72.8766421,
              19.0692074
            ],
            [
              72.8766374,
              19.0691834
            ],
            [
              72.8766601,
              19.0691794
            ],
            [
              72.8766434,
              19.0690944
            ],
            [
              72.87662,
              19.0690985
            ],
            [
              72.8766121,
              19.0690582
            ],
            [
              72.8766331,
              19.0690545
            ],
            [
              72.8766182,
              19.0689787
            ]
          ]
        ]
      }
    },
    {
      "type": "Feature",
      "properties": {
        "id": 353825148,
        "name": "BKC Office Block",
        "height": 15.0,
        "min_height": 0.0,
        "building": "apartments"
      },
      "geometry": {
        "type": "Polygon",
        "coordinates": [
          [
            [
              72.8771631,
              19.0697949
            ],
            [
              72.8771262,
              19.0698024
            ],
            [
              72.8771217,
              19.0697823
            ],
            [
              72.8770961,
              19.0697875
            ],
            [
              72.8771065,
              19.0698335
            ],
            [
              72.8770841,
              19.069838
            ],
            [
              72.8770946,
              19.0698842
            ],
            [
              72.8771169,
              19.0698797
            ],
            [
              72.8771322,
              19.0699471
            ],
            [
              72.8771121,
              19.0699512
            ],
            [
              72.8771217,
              19.0699932
            ],
            [
              72.8771519,
              19.0699871
            ],
            [
              72.8771672,
              19.0700547
            ],
            [
              72.8771445,
              19.0700593
            ],
            [
              72.8771539,
              19.0701007
            ],
            [
              72.8771734,
              19.0700968
            ],
            [
              72.8771801,
              19.0701265
            ],
            [
              72.8772126,
              19.0701199
            ],
            [
              72.8772076,
              19.0700981
            ],
            [
              72.8772226,
              19.0700951
            ],
            [
              72.8772148,
              19.0700607
            ],
            [
              72.8772322,
              19.0700572
            ],
            [
              72.8772222,
              19.0700131
            ],
            [
              72.8771952,
              19.0700186
            ],
            [
              72.8771896,
              19.0699938
            ],
            [
              72.8772158,
              19.0699885
            ],
            [
              72.877197,
              19.0699057
            ],
            [
              72.8771679,
              19.0699116
            ],
            [
              72.8771494,
              19.0698298
            ],
            [
              72.87717,
              19.0698256
            ],
            [
              72.8771631,
              19.0697949
            ]
          ]
        ]
      }
    },
    {
      "type": "Feature",
      "properties": {
        "id": 353825149,
        "name": "BKC Office Block",
        "height": 25.0,
        "min_height": 0.0,
        "building": "yes"
      },
      "geometry": {
        "type": "Polygon",
        "coordinates": [
          [
            [
              72.8760906,
              19.0673168
            ],
            [
              72.8761469,
              19.0673049
            ],
            [
              72.8761409,
              19.0672794
            ],
            [
              72.8761634,
              19.0672747
            ],
            [
              72.8761604,
              19.0672621
            ],
            [
              72.8761964,
              19.0672545
            ],
            [
              72.8761979,
              19.0672607
            ],
            [
              72.8762351,
              19.0672529
            ],
            [
              72.8762211,
              19.0671936
            ],
            [
              72.8761842,
              19.0672014
            ],
            [
              72.8761778,
              19.0671742
            ],
            [
              72.8761542,
              19.0671792
            ],
            [
              72.8761446,
              19.0671384
            ],
            [
              72.876112,
              19.0671453
            ],
            [
              72.8760992,
              19.067091
            ],
            [
              72.8761294,
              19.0670847
            ],
            [
              72.8761202,
              19.0670458
            ],
            [
              72.8761466,
              19.0670402
            ],
            [
              72.8761326,
              19.0669809
            ],
            [
              72.8761729,
              19.0669724
            ],
            [
              72.876165,
              19.0669387
            ],
            [
              72.8760855,
              19.0669554
            ],
            [
              72.876074,
              19.0669067
            ],
            [
              72.8759922,
              19.066924
            ],
            [
              72.8760119,
              19.0670075
            ],
            [
              72.8760406,
              19.0670014
            ],
            [
              72.876056,
              19.0670665
            ],
            [
              72.8760514,
              19.0670674
            ],
            [
              72.8760577,
              19.0670939
            ],
            [
              72.8760478,
              19.0670959
            ],
            [
              72.8760674,
              19.0671789
            ],
            [
              72.8760983,
              19.0671724
            ],
            [
              72.8761121,
              19.0672309
            ],
            [
              72.8760723,
              19.0672392
            ],
            [
              72.8760906,
              19.0673168
            ]
          ]
        ]
      }
    },
    {
      "type": "Feature",
      "properties": {
        "id": 353825150,
        "name": "BKC Office Block",
        "height": 70.0,
        "min_height": 0.0,
        "building": "yes"
      },
      "geometry": {
        "type": "Polygon",
        "coordinates": [
          [
            [
              72.8783595,
              19.0683761
            ],
            [
              72.8784912,
              19.0683697
            ],
            [
              72.8784872,
              19.0682945
            ],
            [
              72.8783555,
              19.0683008
            ],
            [
              72.8783595,
              19.0683761
            ]
          ]
        ]
      }
    },
    {
      "type": "Feature",
      "properties": {
        "id": 353825151,
        "name": "BKC Office Block",
        "height": 70.0,
        "min_height": 0.0,
        "building": "yes"
      },
      "geometry": {
        "type": "Polygon",
        "coordinates": [
          [
            [
              72.8756019,
              19.0664508
            ],
            [
              72.8757809,
              19.0664491
            ],
            [
              72.8757805,
              19.066411
            ],
            [
              72.8757479,
              19.0664113
            ],
            [
              72.8757475,
              19.0663801
            ],
            [
              72.8757055,
              19.0663804
            ],
            [
              72.8757053,
              19.066367
            ],
            [
              72.875601,
              19.066368
            ],
            [
              72.8756019,
              19.0664508
            ]
          ]
        ]
      }
    },
    {
      "type": "Feature",
      "properties": {
        "id": 353825153,
        "name": "BKC Office Block",
        "height": 70.0,
        "min_height": 0.0,
        "building": "yes"
      },
      "geometry": {
        "type": "Polygon",
        "coordinates": [
          [
            [
              72.8768684,
              19.0671067
            ],
            [
              72.8768971,
              19.0672239
            ],
            [
              72.8770022,
              19.0672009
            ],
            [
              72.8769955,
              19.0671733
            ],
            [
              72.8770092,
              19.0671703
            ],
            [
              72.8769873,
              19.0670808
            ],
            [
              72.8768684,
              19.0671067
            ]
          ]
        ]
      }
    },
    {
      "type": "Feature",
      "properties": {
        "id": 353825154,
        "name": "Rajasthan Chambers",
        "height": 70.0,
        "min_height": 0.0,
        "building": "yes"
      },
      "geometry": {
        "type": "Polygon",
        "coordinates": [
          [
            [
              72.8779503,
              19.0672955
            ],
            [
              72.8780583,
              19.0672618
            ],
            [
              72.8779739,
              19.0670199
            ],
            [
              72.8778658,
              19.0670536
            ],
            [
              72.8779503,
              19.0672955
            ]
          ]
        ]
      }
    },
    {
      "type": "Feature",
      "properties": {
        "id": 353825155,
        "name": "BKC Office Block",
        "height": 15.0,
        "min_height": 0.0,
        "building": "yes"
      },
      "geometry": {
        "type": "Polygon",
        "coordinates": [
          [
            [
              72.864299,
              19.0720412
            ],
            [
              72.8645858,
              19.0720258
            ],
            [
              72.8645812,
              19.0719483
            ],
            [
              72.8642943,
              19.0719637
            ],
            [
              72.864299,
              19.0720412
            ]
          ]
        ]
      }
    },
    {
      "type": "Feature",
      "properties": {
        "id": 353825156,
        "name": "BKC Office Block",
        "height": 70.0,
        "min_height": 0.0,
        "building": "yes"
      },
      "geometry": {
        "type": "Polygon",
        "coordinates": [
          [
            [
              72.8768201,
              19.0682381
            ],
            [
              72.8768682,
              19.0684834
            ],
            [
              72.8769436,
              19.0684702
            ],
            [
              72.8768956,
              19.0682249
            ],
            [
              72.8768201,
              19.0682381
            ]
          ]
        ]
      }
    },
    {
      "type": "Feature",
      "properties": {
        "id": 353825157,
        "name": "BKC Office Block",
        "height": 50.0,
        "min_height": 0.0,
        "building": "yes"
      },
      "geometry": {
        "type": "Polygon",
        "coordinates": [
          [
            [
              72.8756033,
              19.0680705
            ],
            [
              72.8757014,
              19.0680588
            ],
            [
              72.8756764,
              19.0678708
            ],
            [
              72.8755783,
              19.0678824
            ],
            [
              72.8756033,
              19.0680705
            ]
          ]
        ]
      }
    },
    {
      "type": "Feature",
      "properties": {
        "id": 353825158,
        "name": "BKC Office Block",
        "height": 25.0,
        "min_height": 0.0,
        "building": "yes"
      },
      "geometry": {
        "type": "Polygon",
        "coordinates": [
          [
            [
              72.8770791,
              19.0695103
            ],
            [
              72.877068,
              19.0695979
            ],
            [
              72.877388,
              19.0696344
            ],
            [
              72.8773992,
              19.0695468
            ],
            [
              72.8770791,
              19.0695103
            ]
          ]
        ]
      }
    },
    {
      "type": "Feature",
      "properties": {
        "id": 353825159,
        "name": "BKC Office Block",
        "height": 70.0,
        "min_height": 0.0,
        "building": "yes"
      },
      "geometry": {
        "type": "Polygon",
        "coordinates": [
          [
            [
              72.8753223,
              19.0685656
            ],
            [
              72.8754745,
              19.0685566
            ],
            [
              72.8754673,
              19.0684474
            ],
            [
              72.8753959,
              19.0684517
            ],
            [
              72.8753975,
              19.0684757
            ],
            [
              72.8753571,
              19.068478
            ],
            [
              72.8753585,
              19.0684994
            ],
            [
              72.875318,
              19.0685018
            ],
            [
              72.8753223,
              19.0685656
            ]
          ]
        ]
      }
    },
    {
      "type": "Feature",
      "properties": {
        "id": 353825160,
        "name": "BKC Office Block",
        "height": 25.0,
        "min_height": 0.0,
        "building": "yes"
      },
      "geometry": {
        "type": "Polygon",
        "coordinates": [
          [
            [
              72.875463,
              19.0671704
            ],
            [
              72.8754818,
              19.0673393
            ],
            [
              72.8755065,
              19.0673369
            ],
            [
              72.8755087,
              19.0673566
            ],
            [
              72.8755626,
              19.0673513
            ],
            [
              72.8755603,
              19.0673308
            ],
            [
              72.8755752,
              19.0673293
            ],
            [
              72.8755565,
              19.0671611
            ],
            [
              72.875463,
              19.0671704
            ]
          ]
        ]
      }
    },
    {
      "type": "Feature",
      "properties": {
        "id": 353825161,
        "name": "BKC Office Block",
        "height": 15.0,
        "min_height": 0.0,
        "building": "yes"
      },
      "geometry": {
        "type": "Polygon",
        "coordinates": [
          [
            [
              72.875313,
              19.0687056
            ],
            [
              72.8754734,
              19.0686902
            ],
            [
              72.8754653,
              19.0686145
            ],
            [
              72.8753049,
              19.0686299
            ],
            [
              72.875313,
              19.0687056
            ]
          ]
        ]
      }
    },
    {
      "type": "Feature",
      "properties": {
        "id": 353825162,
        "name": "BKC Office Block",
        "height": 35.0,
        "min_height": 0.0,
        "building": "yes"
      },
      "geometry": {
        "type": "Polygon",
        "coordinates": [
          [
            [
              72.877421,
              19.0694902
            ],
            [
              72.8774036,
              19.0695839
            ],
            [
              72.8776303,
              19.0696218
            ],
            [
              72.8776997,
              19.0695444
            ],
            [
              72.877421,
              19.0694902
            ]
          ]
        ]
      }
    },
    {
      "type": "Feature",
      "properties": {
        "id": 353825164,
        "name": "Shri Jain",
        "height": 70.0,
        "min_height": 0.0,
        "building": "yes"
      },
      "geometry": {
        "type": "Polygon",
        "coordinates": [
          [
            [
              72.8781214,
              19.0675301
            ],
            [
              72.8782195,
              19.0675265
            ],
            [
              72.87821,
              19.0672977
            ],
            [
              72.8781119,
              19.0673014
            ],
            [
              72.8781214,
              19.0675301
            ]
          ]
        ]
      }
    },
    {
      "type": "Feature",
      "properties": {
        "id": 353825165,
        "name": "BKC Office Block",
        "height": 35.0,
        "min_height": 0.0,
        "building": "yes"
      },
      "geometry": {
        "type": "Polygon",
        "coordinates": [
          [
            [
              72.8751229,
              19.0671778
            ],
            [
              72.8754377,
              19.0671347
            ],
            [
              72.8754233,
              19.067041
            ],
            [
              72.8750908,
              19.0670864
            ],
            [
              72.8750981,
              19.0671342
            ],
            [
              72.8751159,
              19.0671318
            ],
            [
              72.8751229,
              19.0671778
            ]
          ]
        ]
      }
    },
    {
      "type": "Feature",
      "properties": {
        "id": 353825168,
        "name": "BKC Office Block",
        "height": 35.0,
        "min_height": 0.0,
        "building": "yes"
      },
      "geometry": {
        "type": "Polygon",
        "coordinates": [
          [
            [
              72.8752606,
              19.0680294
            ],
            [
              72.8753847,
              19.0680103
            ],
            [
              72.875388,
              19.0680288
            ],
            [
              72.8754597,
              19.0680178
            ],
            [
              72.8754565,
              19.0679992
            ],
            [
              72.8755733,
              19.0679813
            ],
            [
              72.8755625,
              19.0679185
            ],
            [
              72.8752498,
              19.0679665
            ],
            [
              72.8752606,
              19.0680294
            ]
          ]
        ]
      }
    },
    {
      "type": "Feature",
      "properties": {
        "id": 353980642,
        "name": "BKC Office Block",
        "height": 15.0,
        "min_height": 0.0,
        "building": "yes"
      },
      "geometry": {
        "type": "Polygon",
        "coordinates": [
          [
            [
              72.8685762,
              19.0521035
            ],
            [
              72.8686632,
              19.0520982
            ],
            [
              72.8686614,
              19.052073
            ],
            [
              72.868721,
              19.0520693
            ],
            [
              72.8687228,
              19.0520945
            ],
            [
              72.8688052,
              19.0520894
            ],
            [
              72.8687976,
              19.0519796
            ],
            [
              72.8688374,
              19.0519772
            ],
            [
              72.8688345,
              19.0519354
            ],
            [
              72.8688081,
              19.051937
            ],
            [
              72.8688047,
              19.0518879
            ],
            [
              72.8688311,
              19.0518863
            ],
            [
              72.8688204,
              19.0517333
            ],
            [
              72.8686975,
              19.0517409
            ],
            [
              72.8687039,
              19.0518328
            ],
            [
              72.8686824,
              19.0518342
            ],
            [
              72.8686859,
              19.0518844
            ],
            [
              72.8687019,
              19.0518834
            ],
            [
              72.8687071,
              19.0519586
            ],
            [
              72.8687295,
              19.0519573
            ],
            [
              72.868736,
              19.0520509
            ],
            [
              72.8687094,
              19.0520525
            ],
            [
              72.8687034,
              19.051965
            ],
            [
              72.8685672,
              19.0519734
            ],
            [
              72.8685762,
              19.0521035
            ]
          ]
        ]
      }
    },
    {
      "type": "Feature",
      "properties": {
        "id": 353980644,
        "name": "BKC Office Block",
        "height": 50.0,
        "min_height": 0.0,
        "building": "yes"
      },
      "geometry": {
        "type": "Polygon",
        "coordinates": [
          [
            [
              72.8749802,
              19.0711821
            ],
            [
              72.8749822,
              19.0712826
            ],
            [
              72.8750442,
              19.0712816
            ],
            [
              72.8750434,
              19.0712386
            ],
            [
              72.8750731,
              19.0712381
            ],
            [
              72.875074,
              19.0712811
            ],
            [
              72.8752441,
              19.0712781
            ],
            [
              72.8752439,
              19.0712646
            ],
            [
              72.875278,
              19.071264
            ],
            [
              72.8752782,
              19.0712775
            ],
            [
              72.8752984,
              19.0712772
            ],
            [
              72.8752965,
              19.0711766
            ],
            [
              72.8749802,
              19.0711821
            ]
          ]
        ]
      }
    },
    {
      "type": "Feature",
      "properties": {
        "id": 353980650,
        "name": "BKC Office Block",
        "height": 35.0,
        "min_height": 0.0,
        "building": "yes"
      },
      "geometry": {
        "type": "Polygon",
        "coordinates": [
          [
            [
              72.8685239,
              19.0521113
            ],
            [
              72.8685319,
              19.0522729
            ],
            [
              72.8685938,
              19.0522702
            ],
            [
              72.868598,
              19.0523557
            ],
            [
              72.8687691,
              19.0523482
            ],
            [
              72.868765,
              19.0522659
            ],
            [
              72.868823,
              19.0522633
            ],
            [
              72.8688149,
              19.0520985
            ],
            [
              72.8687262,
              19.0521024
            ],
            [
              72.8687274,
              19.0521263
            ],
            [
              72.8687111,
              19.052127
            ],
            [
              72.8687155,
              19.0522152
            ],
            [
              72.8687318,
              19.0522145
            ],
            [
              72.8687332,
              19.0522445
            ],
            [
              72.8686271,
              19.0522492
            ],
            [
              72.8686201,
              19.052107
            ],
            [
              72.8685239,
              19.0521113
            ]
          ]
        ]
      }
    },
    {
      "type": "Feature",
      "properties": {
        "id": 353980651,
        "name": "BKC Office Block",
        "height": 35.0,
        "min_height": 0.0,
        "building": "yes"
      },
      "geometry": {
        "type": "Polygon",
        "coordinates": [
          [
            [
              72.8690001,
              19.0543613
            ],
            [
              72.8690237,
              19.0543976
            ],
            [
              72.8690312,
              19.0543933
            ],
            [
              72.8690465,
              19.054417
            ],
            [
              72.8690729,
              19.0544016
            ],
            [
              72.8690969,
              19.0544384
            ],
            [
              72.8690692,
              19.0544545
            ],
            [
              72.86911,
              19.0545174
            ],
            [
              72.8692201,
              19.0544535
            ],
            [
              72.869176,
              19.0543857
            ],
            [
              72.8691475,
              19.0544023
            ],
            [
              72.8691295,
              19.0543746
            ],
            [
              72.8691686,
              19.0543519
            ],
            [
              72.8691619,
              19.0543415
            ],
            [
              72.8691854,
              19.0543279
            ],
            [
              72.8691505,
              19.0542742
            ],
            [
              72.8691007,
              19.0543031
            ],
            [
              72.8691079,
              19.0543142
            ],
            [
              72.8690533,
              19.0543459
            ],
            [
              72.869046,
              19.0543347
            ],
            [
              72.8690001,
              19.0543613
            ]
          ]
        ]
      }
    },
    {
      "type": "Feature",
      "properties": {
        "id": 353980653,
        "name": "Sharad Pawar Indoor Cricket Academy",
        "height": 50.0,
        "min_height": 0.0,
        "building": "yes"
      },
      "geometry": {
        "type": "Polygon",
        "coordinates": [
          [
            [
              72.8658241,
              19.0600207
            ],
            [
              72.8657844,
              19.060036
            ],
            [
              72.8660025,
              19.0605414
            ],
            [
              72.8661391,
              19.0604888
            ],
            [
              72.8659245,
              19.0599917
            ],
            [
              72.8661325,
              19.0599115
            ],
            [
              72.8661455,
              19.0600028
            ],
            [
              72.8662284,
              19.0600337
            ],
            [
              72.8662841,
              19.0599874
            ],
            [
              72.866382,
              19.0602084
            ],
            [
              72.8663577,
              19.0604747
            ],
            [
              72.8666559,
              19.060499
            ],
            [
              72.8666905,
              19.0601197
            ],
            [
              72.8666281,
              19.0601146
            ],
            [
              72.8664555,
              19.0597362
            ],
            [
              72.8662949,
              19.0598016
            ],
            [
              72.8663227,
              19.059736
            ],
            [
              72.8662569,
              19.0597111
            ],
            [
              72.8662305,
              19.0597734
            ],
            [
              72.8662074,
              19.059775
            ],
            [
              72.8661455,
              19.0596315
            ],
            [
              72.8660562,
              19.0596659
            ],
            [
              72.8660853,
              19.0597336
            ],
            [
              72.8657551,
              19.0598608
            ],
            [
              72.8658241,
              19.0600207
            ]
          ]
        ]
      }
    },
    {
      "type": "Feature",
      "properties": {
        "id": 353980660,
        "name": "BKC Office Block",
        "height": 15.0,
        "min_height": 0.0,
        "building": "yes"
      },
      "geometry": {
        "type": "Polygon",
        "coordinates": [
          [
            [
              72.874265,
              19.0577485
            ],
            [
              72.8744063,
              19.0577358
            ],
            [
              72.8743967,
              19.0576398
            ],
            [
              72.8742554,
              19.0576525
            ],
            [
              72.874265,
              19.0577485
            ]
          ]
        ]
      }
    },
    {
      "type": "Feature",
      "properties": {
        "id": 353980661,
        "name": "BKC Office Block",
        "height": 35.0,
        "min_height": 0.0,
        "building": "yes"
      },
      "geometry": {
        "type": "Polygon",
        "coordinates": [
          [
            [
              72.8692882,
              19.0535684
            ],
            [
              72.86945,
              19.0541171
            ],
            [
              72.8695352,
              19.0540947
            ],
            [
              72.8693734,
              19.053546
            ],
            [
              72.8692882,
              19.0535684
            ]
          ]
        ]
      }
    },
    {
      "type": "Feature",
      "properties": {
        "id": 353988580,
        "name": "BKC Office Block",
        "height": 70.0,
        "min_height": 0.0,
        "building": "yes"
      },
      "geometry": {
        "type": "Polygon",
        "coordinates": [
          [
            [
              72.8740643,
              19.0686972
            ],
            [
              72.8740869,
              19.0686967
            ],
            [
              72.8740839,
              19.0685747
            ],
            [
              72.8741022,
              19.0685743
            ],
            [
              72.8741043,
              19.0686591
            ],
            [
              72.8741658,
              19.0686577
            ],
            [
              72.8741665,
              19.0686859
            ],
            [
              72.8741902,
              19.0686854
            ],
            [
              72.8741897,
              19.0686657
            ],
            [
              72.8742125,
              19.0686652
            ],
            [
              72.8742116,
              19.0686286
            ],
            [
              72.8741845,
              19.0686292
            ],
            [
              72.8741823,
              19.0685433
            ],
            [
              72.8742124,
              19.0685427
            ],
            [
              72.8742109,
              19.0684847
            ],
            [
              72.8742509,
              19.0684838
            ],
            [
              72.8742499,
              19.0684431
            ],
            [
              72.874297,
              19.068442
            ],
            [
              72.8742975,
              19.0684647
            ],
            [
              72.8743214,
              19.0684641
            ],
            [
              72.8743229,
              19.0685248
            ],
            [
              72.8743608,
              19.0685239
            ],
            [
              72.8743625,
              19.0685923
            ],
            [
              72.8743284,
              19.068593
            ],
            [
              72.87433,
              19.0686565
            ],
            [
              72.874384,
              19.0686552
            ],
            [
              72.8743832,
              19.0686219
            ],
            [
              72.8744545,
              19.0686203
            ],
            [
              72.8744549,
              19.0686349
            ],
            [
              72.8745102,
              19.0686336
            ],
            [
              72.8745087,
              19.0685751
            ],
            [
              72.8744698,
              19.068576
            ],
            [
              72.874468,
              19.0685056
            ],
            [
              72.8745549,
              19.0685037
            ],
            [
              72.8745537,
              19.068458
            ],
            [
              72.874616,
              19.0684566
            ],
            [
              72.8746168,
              19.0684859
            ],
            [
              72.8746726,
              19.0684847
            ],
            [
              72.8746711,
              19.0684291
            ],
            [
              72.8746489,
              19.0684296
            ],
            [
              72.8746472,
              19.0683607
            ],
            [
              72.8746781,
              19.06836
            ],
            [
              72.874677,
              19.0683185
            ],
            [
              72.8746197,
              19.0683198
            ],
            [
              72.8746206,
              19.0683536
            ],
            [
              72.8745979,
              19.0683541
            ],
            [
              72.8745981,
              19.068363
            ],
            [
              72.8745415,
              19.0683643
            ],
            [
              72.8745405,
              19.0683266
            ],
            [
              72.8744874,
              19.0683278
            ],
            [
              72.8744886,
              19.0683741
            ],
            [
              72.8745131,
              19.0683735
            ],
            [
              72.8745145,
              19.0684307
            ],
            [
              72.8744987,
              19.0684311
            ],
            [
              72.8744995,
              19.0684624
            ],
            [
              72.8744643,
              19.0684632
            ],
            [
              72.8744647,
              19.0684803
            ],
            [
              72.874371,
              19.0684824
            ],
            [
              72.8743697,
              19.0684312
            ],
            [
              72.8743464,
              19.0684317
            ],
            [
              72.8743458,
              19.0684076
            ],
            [
              72.8743359,
              19.0684078
            ],
            [
              72.8743342,
              19.0683427
            ],
            [
              72.874366,
              19.068342
            ],
            [
              72.8743647,
              19.0682928
            ],
            [
              72.8743006,
              19.0682942
            ],
            [
              72.8743017,
              19.0683374
            ],
            [
              72.8742261,
              19.0683391
            ],
            [
              72.8742252,
              19.0683045
            ],
            [
              72.8741778,
              19.0683055
            ],
            [
              72.8741744,
              19.068173
            ],
            [
              72.874125,
              19.0681741
            ],
            [
              72.8741256,
              19.0682002
            ],
            [
              72.8740988,
              19.0682008
            ],
            [
              72.8740984,
              19.0681865
            ],
            [
              72.8740469,
              19.0681876
            ],
            [
              72.874048,
              19.0682306
            ],
            [
              72.8740589,
              19.0682304
            ],
            [
              72.87406,
              19.0682736
            ],
            [
              72.8740901,
              19.0682729
            ],
            [
              72.8740912,
              19.0683183
            ],
            [
              72.8740741,
              19.0683187
            ],
            [
              72.8740747,
              19.0683416
            ],
            [
              72.8740616,
              19.0683418
            ],
            [
              72.8740623,
              19.0683709
            ],
            [
              72.8741009,
              19.0683701
            ],
            [
              72.8741003,
              19.0683459
            ],
            [
              72.8741422,
              19.068345
            ],
            [
              72.8741426,
              19.0683602
            ],
            [
              72.8741967,
              19.068359
            ],
            [
              72.874198,
              19.0684138
            ],
            [
              72.8741827,
              19.0684142
            ],
            [
              72.8741843,
              19.0684776
            ],
            [
              72.8741499,
              19.0684783
            ],
            [
              72.8741516,
              19.0685437
            ],
            [
              72.8740778,
              19.0685453
            ],
            [
              72.8740769,
              19.0685094
            ],
            [
              72.8740199,
              19.0685107
            ],
            [
              72.8740214,
              19.0685684
            ],
            [
              72.8740549,
              19.0685677
            ],
            [
              72.874057,
              19.0686488
            ],
            [
              72.8740307,
              19.0686493
            ],
            [
              72.8740316,
              19.0686822
            ],
            [
              72.8740639,
              19.0686815
            ],
            [
              72.8740643,
              19.0686972
            ]
          ]
        ]
      }
    },
    {
      "type": "Feature",
      "properties": {
        "id": 353988581,
        "name": "BKC Office Block",
        "height": 50.0,
        "min_height": 0.0,
        "building": "yes"
      },
      "geometry": {
        "type": "Polygon",
        "coordinates": [
          [
            [
              72.8757562,
              19.0692564
            ],
            [
              72.8760144,
              19.0691656
            ],
            [
              72.8759981,
              19.0691243
            ],
            [
              72.8758945,
              19.0691607
            ],
            [
              72.8758932,
              19.0691573
            ],
            [
              72.8758611,
              19.0691686
            ],
            [
              72.8758511,
              19.0691433
            ],
            [
              72.8757987,
              19.0691617
            ],
            [
              72.8757845,
              19.0691256
            ],
            [
              72.8757569,
              19.0691353
            ],
            [
              72.8757422,
              19.0690979
            ],
            [
              72.8756997,
              19.0691128
            ],
            [
              72.8757562,
              19.0692564
            ]
          ]
        ]
      }
    },
    {
      "type": "Feature",
      "properties": {
        "id": 353988582,
        "name": "BKC Office Block",
        "height": 50.0,
        "min_height": 0.0,
        "building": "yes"
      },
      "geometry": {
        "type": "Polygon",
        "coordinates": [
          [
            [
              72.8740353,
              19.0688142
            ],
            [
              72.874047,
              19.068916
            ],
            [
              72.874136,
              19.0689068
            ],
            [
              72.8741388,
              19.0689304
            ],
            [
              72.8741649,
              19.0689277
            ],
            [
              72.8741614,
              19.0688976
            ],
            [
              72.8742472,
              19.0688887
            ],
            [
              72.8742361,
              19.0687934
            ],
            [
              72.8740353,
              19.0688142
            ]
          ]
        ]
      }
    },
    {
      "type": "Feature",
      "properties": {
        "id": 353988583,
        "name": "BKC Office Block",
        "height": 25.0,
        "min_height": 0.0,
        "building": "yes"
      },
      "geometry": {
        "type": "Polygon",
        "coordinates": [
          [
            [
              72.8740594,
              19.0670164
            ],
            [
              72.874083,
              19.0670162
            ],
            [
              72.874083,
              19.0670253
            ],
            [
              72.8741109,
              19.0670251
            ],
            [
              72.8741108,
              19.0670075
            ],
            [
              72.8741219,
              19.0670074
            ],
            [
              72.874122,
              19.0670208
            ],
            [
              72.874167,
              19.0670205
            ],
            [
              72.8741668,
              19.0669943
            ],
            [
              72.8741824,
              19.0669942
            ],
            [
              72.8741821,
              19.0669666
            ],
            [
              72.8741766,
              19.0669666
            ],
            [
              72.8741764,
              19.0669458
            ],
            [
              72.8741119,
              19.0669463
            ],
            [
              72.8741118,
              19.0669308
            ],
            [
              72.8740745,
              19.0669311
            ],
            [
              72.8740747,
              19.0669571
            ],
            [
              72.8740589,
              19.0669573
            ],
            [
              72.8740594,
              19.0670164
            ]
          ]
        ]
      }
    },
    {
      "type": "Feature",
      "properties": {
        "id": 353988584,
        "name": "BKC Office Block",
        "height": 35.0,
        "min_height": 0.0,
        "building": "yes"
      },
      "geometry": {
        "type": "Polygon",
        "coordinates": [
          [
            [
              72.8755606,
              19.0685604
            ],
            [
              72.8756292,
              19.0685601
            ],
            [
              72.8756288,
              19.0684638
            ],
            [
              72.8756894,
              19.0684635
            ],
            [
              72.8756897,
              19.0685289
            ],
            [
              72.8757549,
              19.0685255
            ],
            [
              72.8757588,
              19.0683739
            ],
            [
              72.8755902,
              19.0683721
            ],
            [
              72.8755903,
              19.0683939
            ],
            [
              72.8755711,
              19.068394
            ],
            [
              72.875571,
              19.0683722
            ],
            [
              72.8755392,
              19.0683724
            ],
            [
              72.8755393,
              19.0683964
            ],
            [
              72.8755275,
              19.0683964
            ],
            [
              72.8755277,
              19.0684355
            ],
            [
              72.8755593,
              19.0684354
            ],
            [
              72.8755593,
              19.0684468
            ],
            [
              72.8755472,
              19.0684468
            ],
            [
              72.8755473,
              19.0684614
            ],
            [
              72.8755717,
              19.0684613
            ],
            [
              72.8755718,
              19.0684909
            ],
            [
              72.8755886,
              19.0684909
            ],
            [
              72.8755886,
              19.0685053
            ],
            [
              72.8755604,
              19.0685055
            ],
            [
              72.8755606,
              19.0685604
            ]
          ]
        ]
      }
    },
    {
      "type": "Feature",
      "properties": {
        "id": 353988585,
        "name": "BKC Office Block",
        "height": 70.0,
        "min_height": 0.0,
        "building": "yes"
      },
      "geometry": {
        "type": "Polygon",
        "coordinates": [
          [
            [
              72.8739206,
              19.0671888
            ],
            [
              72.8739449,
              19.0671877
            ],
            [
              72.8739472,
              19.0672357
            ],
            [
              72.873987,
              19.0672341
            ],
            [
              72.8739863,
              19.0672194
            ],
            [
              72.8740339,
              19.0672174
            ],
            [
              72.8740304,
              19.0671435
            ],
            [
              72.8740058,
              19.0671446
            ],
            [
              72.8740045,
              19.0671162
            ],
            [
              72.8739755,
              19.0671174
            ],
            [
              72.8739748,
              19.0671035
            ],
            [
              72.873972,
              19.0670428
            ],
            [
              72.8740011,
              19.0670416
            ],
            [
              72.8740018,
              19.067057
            ],
            [
              72.8740213,
              19.0670562
            ],
            [
              72.8740205,
              19.0670394
            ],
            [
              72.8740331,
              19.0670389
            ],
            [
              72.8740307,
              19.0669873
            ],
            [
              72.8740055,
              19.0669884
            ],
            [
              72.8740062,
              19.0670033
            ],
            [
              72.8739779,
              19.0670045
            ],
            [
              72.8739774,
              19.0669932
            ],
            [
              72.8739517,
              19.0669942
            ],
            [
              72.8739533,
              19.0670285
            ],
            [
              72.8739437,
              19.0670289
            ],
            [
              72.8739474,
              19.0671074
            ],
            [
              72.8739168,
              19.0671086
            ],
            [
              72.8739206,
              19.0671888
            ]
          ]
        ]
      }
    },
    {
      "type": "Feature",
      "properties": {
        "id": 353988586,
        "name": "BKC Office Block",
        "height": 25.0,
        "min_height": 0.0,
        "building": "yes"
      },
      "geometry": {
        "type": "Polygon",
        "coordinates": [
          [
            [
              72.8740348,
              19.0681124
            ],
            [
              72.8742221,
              19.0681049
            ],
            [
              72.8742205,
              19.0680682
            ],
            [
              72.8742284,
              19.0680679
            ],
            [
              72.8742278,
              19.0680559
            ],
            [
              72.8742185,
              19.0680563
            ],
            [
              72.8742171,
              19.0680248
            ],
            [
              72.8742308,
              19.0680243
            ],
            [
              72.8742277,
              19.0679555
            ],
            [
              72.8741807,
              19.0679574
            ],
            [
              72.8741815,
              19.067975
            ],
            [
              72.8740806,
              19.067979
            ],
            [
              72.8740802,
              19.0679699
            ],
            [
              72.8740304,
              19.0679719
            ],
            [
              72.8740332,
              19.0680334
            ],
            [
              72.8740666,
              19.0680321
            ],
            [
              72.874068,
              19.0680634
            ],
            [
              72.8740476,
              19.0680642
            ],
            [
              72.8740471,
              19.0680537
            ],
            [
              72.8740322,
              19.0680543
            ],
            [
              72.8740348,
              19.0681124
            ]
          ]
        ]
      }
    },
    {
      "type": "Feature",
      "properties": {
        "id": 353988587,
        "name": "BKC Office Block",
        "height": 25.0,
        "min_height": 0.0,
        "building": "yes"
      },
      "geometry": {
        "type": "Polygon",
        "coordinates": [
          [
            [
              72.876046,
              19.0703368
            ],
            [
              72.8760495,
              19.0703818
            ],
            [
              72.8760661,
              19.0703806
            ],
            [
              72.8760724,
              19.0704602
            ],
            [
              72.876061,
              19.070461
            ],
            [
              72.8760645,
              19.0705053
            ],
            [
              72.8763649,
              19.0704756
            ],
            [
              72.8763592,
              19.0703803
            ],
            [
              72.8763532,
              19.070304
            ],
            [
              72.87627,
              19.0703099
            ],
            [
              72.8762679,
              19.0702836
            ],
            [
              72.8762137,
              19.0702874
            ],
            [
              72.8762155,
              19.0703106
            ],
            [
              72.8761974,
              19.0703119
            ],
            [
              72.8762019,
              19.0703686
            ],
            [
              72.8762914,
              19.0703623
            ],
            [
              72.8762967,
              19.0704298
            ],
            [
              72.8761371,
              19.0704411
            ],
            [
              72.8761362,
              19.0704301
            ],
            [
              72.8761493,
              19.0704292
            ],
            [
              72.8761473,
              19.0704041
            ],
            [
              72.8761289,
              19.0704054
            ],
            [
              72.8761271,
              19.0703829
            ],
            [
              72.8761341,
              19.0703824
            ],
            [
              72.87613,
              19.0703309
            ],
            [
              72.876046,
              19.0703368
            ]
          ]
        ]
      }
    },
    {
      "type": "Feature",
      "properties": {
        "id": 353988588,
        "name": "BKC Office Block",
        "height": 50.0,
        "min_height": 0.0,
        "building": "yes"
      },
      "geometry": {
        "type": "Polygon",
        "coordinates": [
          [
            [
              72.8740626,
              19.0674886
            ],
            [
              72.8740538,
              19.0673598
            ],
            [
              72.8740259,
              19.0673615
            ],
            [
              72.8740197,
              19.0672697
            ],
            [
              72.8739194,
              19.0672758
            ],
            [
              72.8739377,
              19.0675439
            ],
            [
              72.8739729,
              19.0675417
            ],
            [
              72.8739758,
              19.067584
            ],
            [
              72.8740887,
              19.0675771
            ],
            [
              72.8740871,
              19.0675548
            ],
            [
              72.8741285,
              19.0675523
            ],
            [
              72.87413,
              19.0675752
            ],
            [
              72.874165,
              19.067573
            ],
            [
              72.8741634,
              19.0675502
            ],
            [
              72.8742303,
              19.0675461
            ],
            [
              72.8742262,
              19.0674859
            ],
            [
              72.8741743,
              19.0674891
            ],
            [
              72.8741712,
              19.0674437
            ],
            [
              72.8742115,
              19.0674412
            ],
            [
              72.8742061,
              19.067363
            ],
            [
              72.874182,
              19.0673645
            ],
            [
              72.8741789,
              19.0673186
            ],
            [
              72.8742038,
              19.0673171
            ],
            [
              72.8741992,
              19.0672507
            ],
            [
              72.8740903,
              19.0672573
            ],
            [
              72.8741058,
              19.067486
            ],
            [
              72.8740626,
              19.0674886
            ]
          ]
        ]
      }
    },
    {
      "type": "Feature",
      "properties": {
        "id": 353988589,
        "name": "BKC Office Block",
        "height": 50.0,
        "min_height": 0.0,
        "building": "yes"
      },
      "geometry": {
        "type": "Polygon",
        "coordinates": [
          [
            [
              72.8754729,
              19.0694498
            ],
            [
              72.8755745,
              19.0694175
            ],
            [
              72.8755626,
              19.069384
            ],
            [
              72.8756089,
              19.0693692
            ],
            [
              72.8756194,
              19.0693987
            ],
            [
              72.8756933,
              19.0693752
            ],
            [
              72.8756787,
              19.0693343
            ],
            [
              72.8757008,
              19.0693272
            ],
            [
              72.8756825,
              19.0692758
            ],
            [
              72.8756674,
              19.0692806
            ],
            [
              72.8756471,
              19.0692236
            ],
            [
              72.8756247,
              19.0692307
            ],
            [
              72.8756326,
              19.0692527
            ],
            [
              72.8756121,
              19.0692592
            ],
            [
              72.8756034,
              19.0692347
            ],
            [
              72.8755793,
              19.0692423
            ],
            [
              72.8755906,
              19.0692741
            ],
            [
              72.8755785,
              19.069278
            ],
            [
              72.8755903,
              19.0693112
            ],
            [
              72.8755511,
              19.0693237
            ],
            [
              72.8755409,
              19.0692953
            ],
            [
              72.875489,
              19.0693118
            ],
            [
              72.8754973,
              19.069335
            ],
            [
              72.8754837,
              19.0693394
            ],
            [
              72.8754777,
              19.0693225
            ],
            [
              72.8754326,
              19.0693368
            ],
            [
              72.8754729,
              19.0694498
            ]
          ]
        ]
      }
    },
    {
      "type": "Feature",
      "properties": {
        "id": 353988591,
        "name": "BKC Office Block",
        "height": 70.0,
        "min_height": 0.0,
        "building": "yes"
      },
      "geometry": {
        "type": "Polygon",
        "coordinates": [
          [
            [
              72.8740769,
              19.0671986
            ],
            [
              72.8742071,
              19.0671917
            ],
            [
              72.8742027,
              19.0671173
            ],
            [
              72.8741387,
              19.0671207
            ],
            [
              72.8741409,
              19.0671582
            ],
            [
              72.8740747,
              19.0671618
            ],
            [
              72.8740769,
              19.0671986
            ]
          ]
        ]
      }
    },
    {
      "type": "Feature",
      "properties": {
        "id": 353988592,
        "name": "BKC Office Block",
        "height": 50.0,
        "min_height": 0.0,
        "building": "apartments"
      },
      "geometry": {
        "type": "Polygon",
        "coordinates": [
          [
            [
              72.8757605,
              19.06993
            ],
            [
              72.8759439,
              19.0698885
            ],
            [
              72.8759156,
              19.0697768
            ],
            [
              72.8757482,
              19.0698146
            ],
            [
              72.8757623,
              19.0698703
            ],
            [
              72.8757463,
              19.069874
            ],
            [
              72.8757605,
              19.06993
            ]
          ]
        ]
      }
    },
    {
      "type": "Feature",
      "properties": {
        "id": 353988593,
        "name": "BKC Office Block",
        "height": 70.0,
        "min_height": 0.0,
        "building": "yes"
      },
      "geometry": {
        "type": "Polygon",
        "coordinates": [
          [
            [
              72.8760478,
              19.0688076
            ],
            [
              72.8760526,
              19.068895
            ],
            [
              72.8760967,
              19.0688928
            ],
            [
              72.876092,
              19.0688054
            ],
            [
              72.8760478,
              19.0688076
            ]
          ]
        ]
      }
    },
    {
      "type": "Feature",
      "properties": {
        "id": 353988594,
        "name": "BKC Office Block",
        "height": 50.0,
        "min_height": 0.0,
        "building": "yes"
      },
      "geometry": {
        "type": "Polygon",
        "coordinates": [
          [
            [
              72.8747987,
              19.0691293
            ],
            [
              72.8749916,
              19.0691185
            ],
            [
              72.8749871,
              19.0690471
            ],
            [
              72.8747942,
              19.0690579
            ],
            [
              72.8747987,
              19.0691293
            ]
          ]
        ]
      }
    },
    {
      "type": "Feature",
      "properties": {
        "id": 353988595,
        "name": "BKC Office Block",
        "height": 15.0,
        "min_height": 0.0,
        "building": "apartments"
      },
      "geometry": {
        "type": "Polygon",
        "coordinates": [
          [
            [
              72.8755307,
              19.0699818
            ],
            [
              72.875648,
              19.0699581
            ],
            [
              72.8756248,
              19.0698552
            ],
            [
              72.8755075,
              19.0698789
            ],
            [
              72.8755307,
              19.0699818
            ]
          ]
        ]
      }
    },
    {
      "type": "Feature",
      "properties": {
        "id": 353988596,
        "name": "BKC Office Block",
        "height": 25.0,
        "min_height": 0.0,
        "building": "apartments"
      },
      "geometry": {
        "type": "Polygon",
        "coordinates": [
          [
            [
              72.8756077,
              19.0703411
            ],
            [
              72.8756949,
              19.07032
            ],
            [
              72.8756988,
              19.0703343
            ],
            [
              72.87573,
              19.0703268
            ],
            [
              72.8757261,
              19.0703124
            ],
            [
              72.8758089,
              19.0702923
            ],
            [
              72.8757847,
              19.070203
            ],
            [
              72.8755834,
              19.0702518
            ],
            [
              72.8756077,
              19.0703411
            ]
          ]
        ]
      }
    },
    {
      "type": "Feature",
      "properties": {
        "id": 353988597,
        "name": "BKC Office Block",
        "height": 35.0,
        "min_height": 0.0,
        "building": "yes"
      },
      "geometry": {
        "type": "Polygon",
        "coordinates": [
          [
            [
              72.8747805,
              19.0684713
            ],
            [
              72.8747873,
              19.0685573
            ],
            [
              72.8749205,
              19.0685479
            ],
            [
              72.8749161,
              19.0684922
            ],
            [
              72.8748376,
              19.0684977
            ],
            [
              72.8748352,
              19.0684674
            ],
            [
              72.8747805,
              19.0684713
            ]
          ]
        ]
      }
    },
    {
      "type": "Feature",
      "properties": {
        "id": 353988598,
        "name": "BKC Office Block",
        "height": 70.0,
        "min_height": 0.0,
        "building": "yes"
      },
      "geometry": {
        "type": "Polygon",
        "coordinates": [
          [
            [
              72.8749314,
              19.068709
            ],
            [
              72.8749244,
              19.0685649
            ],
            [
              72.8748737,
              19.0685671
            ],
            [
              72.8748746,
              19.0685853
            ],
            [
              72.874774,
              19.0685897
            ],
            [
              72.8747801,
              19.0687156
            ],
            [
              72.8749314,
              19.068709
            ]
          ]
        ]
      }
    },
    {
      "type": "Feature",
      "properties": {
        "id": 353988599,
        "name": "BKC Office Block",
        "height": 50.0,
        "min_height": 0.0,
        "building": "yes"
      },
      "geometry": {
        "type": "Polygon",
        "coordinates": [
          [
            [
              72.8742972,
              19.0682392
            ],
            [
              72.8743428,
              19.0682389
            ],
            [
              72.8743426,
              19.0682147
            ],
            [
              72.8743808,
              19.0682145
            ],
            [
              72.8743809,
              19.0682392
            ],
            [
              72.8744139,
              19.068239
            ],
            [
              72.8744136,
              19.0682088
            ],
            [
              72.8743972,
              19.068209
            ],
            [
              72.8743964,
              19.0680899
            ],
            [
              72.8746019,
              19.0680886
            ],
            [
              72.8746021,
              19.0681284
            ],
            [
              72.8746119,
              19.0681283
            ],
            [
              72.8746122,
              19.0681773
            ],
            [
              72.8746037,
              19.0681774
            ],
            [
              72.8746038,
              19.0681976
            ],
            [
              72.8745918,
              19.0681976
            ],
            [
              72.874592,
              19.0682241
            ],
            [
              72.874629,
              19.0682238
            ],
            [
              72.8746289,
              19.0682068
            ],
            [
              72.8746791,
              19.0682065
            ],
            [
              72.8746793,
              19.0682261
            ],
            [
              72.8747126,
              19.0682259
            ],
            [
              72.8747124,
              19.0681975
            ],
            [
              72.8746951,
              19.0681976
            ],
            [
              72.8746949,
              19.068175
            ],
            [
              72.8746793,
              19.0681751
            ],
            [
              72.8746788,
              19.0681072
            ],
            [
              72.8746954,
              19.0681071
            ],
            [
              72.8746953,
              19.0680846
            ],
            [
              72.874707,
              19.0680845
            ],
            [
              72.8747068,
              19.068059
            ],
            [
              72.8746365,
              19.0680594
            ],
            [
              72.8746363,
              19.0680318
            ],
            [
              72.874594,
              19.068032
            ],
            [
              72.8745941,
              19.0680508
            ],
            [
              72.8745634,
              19.068051
            ],
            [
              72.8745631,
              19.0680068
            ],
            [
              72.8745829,
              19.0680067
            ],
            [
              72.8745825,
              19.0679525
            ],
            [
              72.8745524,
              19.0679526
            ],
            [
              72.8745526,
              19.0679798
            ],
            [
              72.8744462,
              19.0679805
            ],
            [
              72.8744461,
              19.0679545
            ],
            [
              72.8744101,
              19.0679548
            ],
            [
              72.8744105,
              19.0680189
            ],
            [
              72.8744339,
              19.0680188
            ],
            [
              72.8744342,
              19.068062
            ],
            [
              72.8743763,
              19.0680624
            ],
            [
              72.8743764,
              19.068085
            ],
            [
              72.8743313,
              19.0680853
            ],
            [
              72.8743312,
              19.0680666
            ],
            [
              72.8742868,
              19.0680669
            ],
            [
              72.874287,
              19.0680964
            ],
            [
              72.8743029,
              19.0680964
            ],
            [
              72.8743032,
              19.0681327
            ],
            [
              72.874321,
              19.0681326
            ],
            [
              72.8743211,
              19.0681533
            ],
            [
              72.8743049,
              19.0681534
            ],
            [
              72.8743052,
              19.068203
            ],
            [
              72.874297,
              19.0682031
            ],
            [
              72.8742972,
              19.0682392
            ]
          ]
        ]
      }
    },
    {
      "type": "Feature",
      "properties": {
        "id": 353988601,
        "name": "BKC Office Block",
        "height": 15.0,
        "min_height": 0.0,
        "building": "yes"
      },
      "geometry": {
        "type": "Polygon",
        "coordinates": [
          [
            [
              72.8748882,
              19.0684443
            ],
            [
              72.8749725,
              19.0684405
            ],
            [
              72.8749609,
              19.0682095
            ],
            [
              72.8749153,
              19.0682115
            ],
            [
              72.8749115,
              19.0682117
            ],
            [
              72.8749065,
              19.0681121
            ],
            [
              72.8748875,
              19.0681129
            ],
            [
              72.8748715,
              19.0681137
            ],
            [
              72.8748882,
              19.0684443
            ]
          ]
        ]
      }
    },
    {
      "type": "Feature",
      "properties": {
        "id": 353988602,
        "name": "BKC Office Block",
        "height": 70.0,
        "min_height": 0.0,
        "building": "apartments"
      },
      "geometry": {
        "type": "Polygon",
        "coordinates": [
          [
            [
              72.8759375,
              19.0702546
            ],
            [
              72.8761606,
              19.070191
            ],
            [
              72.8761098,
              19.0700321
            ],
            [
              72.876048,
              19.0700497
            ],
            [
              72.8760673,
              19.0701099
            ],
            [
              72.876031,
              19.0701203
            ],
            [
              72.8760365,
              19.0701374
            ],
            [
              72.8759115,
              19.0701731
            ],
            [
              72.8759375,
              19.0702546
            ]
          ]
        ]
      }
    },
    {
      "type": "Feature",
      "properties": {
        "id": 353988604,
        "name": "BKC Office Block",
        "height": 35.0,
        "min_height": 0.0,
        "building": "yes"
      },
      "geometry": {
        "type": "Polygon",
        "coordinates": [
          [
            [
              72.8741993,
              19.0696995
            ],
            [
              72.8742516,
              19.0696964
            ],
            [
              72.8742499,
              19.0696707
            ],
            [
              72.8742639,
              19.0696699
            ],
            [
              72.8742654,
              19.0696912
            ],
            [
              72.8743315,
              19.0696873
            ],
            [
              72.8743303,
              19.069669
            ],
            [
              72.8743521,
              19.0696677
            ],
            [
              72.8743531,
              19.0696836
            ],
            [
              72.8743962,
              19.069681
            ],
            [
              72.8743935,
              19.0696396
            ],
            [
              72.8743539,
              19.069642
            ],
            [
              72.8743513,
              19.0696034
            ],
            [
              72.8743816,
              19.0696016
            ],
            [
              72.8743773,
              19.0695364
            ],
            [
              72.8743932,
              19.0695354
            ],
            [
              72.8743918,
              19.0695145
            ],
            [
              72.874423,
              19.0695127
            ],
            [
              72.8744241,
              19.0695296
            ],
            [
              72.8744412,
              19.0695285
            ],
            [
              72.8744436,
              19.0695655
            ],
            [
              72.8744725,
              19.0695638
            ],
            [
              72.8744748,
              19.0695982
            ],
            [
              72.8744444,
              19.0696
            ],
            [
              72.8744473,
              19.0696433
            ],
            [
              72.8745008,
              19.0696401
            ],
            [
              72.8744989,
              19.0696114
            ],
            [
              72.8745722,
              19.069607
            ],
            [
              72.8745737,
              19.0696296
            ],
            [
              72.8746387,
              19.0696257
            ],
            [
              72.8746358,
              19.0695822
            ],
            [
              72.8746055,
              19.069584
            ],
            [
              72.8746031,
              19.0695493
            ],
            [
              72.8746267,
              19.0695479
            ],
            [
              72.8746225,
              19.0694843
            ],
            [
              72.8746685,
              19.0694816
            ],
            [
              72.8746703,
              19.0695083
            ],
            [
              72.8747063,
              19.0695062
            ],
            [
              72.8747037,
              19.0694667
            ],
            [
              72.8746828,
              19.0694679
            ],
            [
              72.8746819,
              19.0694558
            ],
            [
              72.8746698,
              19.0694565
            ],
            [
              72.8746649,
              19.0693825
            ],
            [
              72.8746762,
              19.0693818
            ],
            [
              72.8746749,
              19.0693615
            ],
            [
              72.8747052,
              19.0693597
            ],
            [
              72.8747016,
              19.0693054
            ],
            [
              72.8746527,
              19.0693083
            ],
            [
              72.8746554,
              19.0693492
            ],
            [
              72.8746156,
              19.0693515
            ],
            [
              72.8746146,
              19.0693366
            ],
            [
              72.8745625,
              19.0693397
            ],
            [
              72.8745649,
              19.0693754
            ],
            [
              72.8745881,
              19.069374
            ],
            [
              72.8745949,
              19.0694775
            ],
            [
              72.8745892,
              19.0694779
            ],
            [
              72.8745918,
              19.0695185
            ],
            [
              72.8745522,
              19.0695208
            ],
            [
              72.8745529,
              19.0695316
            ],
            [
              72.8745308,
              19.0695329
            ],
            [
              72.8745342,
              19.0695844
            ],
            [
              72.8745099,
              19.0695858
            ],
            [
              72.8745063,
              19.0695323
            ],
            [
              72.8744738,
              19.0695342
            ],
            [
              72.8744709,
              19.0694911
            ],
            [
              72.8744551,
              19.0694921
            ],
            [
              72.8744478,
              19.0693823
            ],
            [
              72.8744641,
              19.0693813
            ],
            [
              72.8744615,
              19.0693437
            ],
            [
              72.8744152,
              19.0693464
            ],
            [
              72.8744171,
              19.0693742
            ],
            [
              72.8743706,
              19.0693769
            ],
            [
              72.8743692,
              19.0693561
            ],
            [
              72.8743366,
              19.069358
            ],
            [
              72.8743392,
              19.0693971
            ],
            [
              72.8743468,
              19.0693966
            ],
            [
              72.8743489,
              19.0694291
            ],
            [
              72.8743699,
              19.0694278
            ],
            [
              72.8743733,
              19.0694784
            ],
            [
              72.8743595,
              19.0694792
            ],
            [
              72.8743608,
              19.0694984
            ],
            [
              72.8743497,
              19.0694991
            ],
            [
              72.874354,
              19.0695643
            ],
            [
              72.8741909,
              19.069574
            ],
            [
              72.8741936,
              19.0696154
            ],
            [
              72.8742147,
              19.0696141
            ],
            [
              72.8742173,
              19.0696531
            ],
            [
              72.8741963,
              19.0696543
            ],
            [
              72.8741993,
              19.0696995
            ]
          ]
        ]
      }
    },
    {
      "type": "Feature",
      "properties": {
        "id": 353988605,
        "name": "BKC Office Block",
        "height": 25.0,
        "min_height": 0.0,
        "building": "yes"
      },
      "geometry": {
        "type": "Polygon",
        "coordinates": [
          [
            [
              72.8741282,
              19.0693098
            ],
            [
              72.8741791,
              19.069308
            ],
            [
              72.8741776,
              19.0692669
            ],
            [
              72.874201,
              19.0692661
            ],
            [
              72.8742024,
              19.0693043
            ],
            [
              72.874247,
              19.0693027
            ],
            [
              72.8742462,
              19.0692815
            ],
            [
              72.8742783,
              19.0692804
            ],
            [
              72.8742761,
              19.0692236
            ],
            [
              72.8742902,
              19.0692231
            ],
            [
              72.8742885,
              19.0691772
            ],
            [
              72.8743075,
              19.0691765
            ],
            [
              72.8743067,
              19.0691556
            ],
            [
              72.8743556,
              19.0691539
            ],
            [
              72.8743565,
              19.0691769
            ],
            [
              72.8744185,
              19.0691748
            ],
            [
              72.87442,
              19.0692138
            ],
            [
              72.8743998,
              19.0692145
            ],
            [
              72.8744012,
              19.0692503
            ],
            [
              72.8744267,
              19.0692495
            ],
            [
              72.8744262,
              19.0692374
            ],
            [
              72.8744496,
              19.0692366
            ],
            [
              72.8744489,
              19.0692175
            ],
            [
              72.874532,
              19.0692146
            ],
            [
              72.8745325,
              19.0692278
            ],
            [
              72.8745553,
              19.069227
            ],
            [
              72.8745557,
              19.0692383
            ],
            [
              72.8745779,
              19.0692375
            ],
            [
              72.8745764,
              19.0691986
            ],
            [
              72.8745505,
              19.0691994
            ],
            [
              72.8745487,
              19.0691536
            ],
            [
              72.8745695,
              19.0691529
            ],
            [
              72.8745691,
              19.0691422
            ],
            [
              72.8745871,
              19.0691416
            ],
            [
              72.8745865,
              19.0691256
            ],
            [
              72.8745994,
              19.0691252
            ],
            [
              72.8745991,
              19.0691168
            ],
            [
              72.8746535,
              19.0691149
            ],
            [
              72.8746542,
              19.069133
            ],
            [
              72.8746881,
              19.0691319
            ],
            [
              72.8746871,
              19.0691064
            ],
            [
              72.8746691,
              19.069107
            ],
            [
              72.8746686,
              19.0690927
            ],
            [
              72.8746512,
              19.0690933
            ],
            [
              72.8746482,
              19.069015
            ],
            [
              72.8746578,
              19.0690147
            ],
            [
              72.874657,
              19.0689957
            ],
            [
              72.8746719,
              19.0689952
            ],
            [
              72.8746709,
              19.0689673
            ],
            [
              72.8746349,
              19.0689686
            ],
            [
              72.8746359,
              19.0689951
            ],
            [
              72.8745932,
              19.0689965
            ],
            [
              72.8745922,
              19.0689711
            ],
            [
              72.8745497,
              19.0689725
            ],
            [
              72.8745512,
              19.0690113
            ],
            [
              72.8745765,
              19.0690105
            ],
            [
              72.8745808,
              19.069123
            ],
            [
              72.8745447,
              19.0691243
            ],
            [
              72.8745452,
              19.0691375
            ],
            [
              72.8745266,
              19.0691381
            ],
            [
              72.8745268,
              19.0691427
            ],
            [
              72.8744242,
              19.0691462
            ],
            [
              72.8744239,
              19.0691378
            ],
            [
              72.8743707,
              19.0691396
            ],
            [
              72.8743664,
              19.0690283
            ],
            [
              72.8743783,
              19.0690279
            ],
            [
              72.874377,
              19.0689934
            ],
            [
              72.8743308,
              19.068995
            ],
            [
              72.8743321,
              19.0690282
            ],
            [
              72.8742916,
              19.0690296
            ],
            [
              72.8742907,
              19.0690073
            ],
            [
              72.8742528,
              19.0690086
            ],
            [
              72.8742543,
              19.0690474
            ],
            [
              72.8742676,
              19.069047
            ],
            [
              72.8742682,
              19.0690618
            ],
            [
              72.8742909,
              19.069061
            ],
            [
              72.8742935,
              19.0691292
            ],
            [
              72.8742812,
              19.0691297
            ],
            [
              72.8742823,
              19.0691572
            ],
            [
              72.8742539,
              19.0691582
            ],
            [
              72.8742553,
              19.0691937
            ],
            [
              72.8742344,
              19.0691944
            ],
            [
              72.8742353,
              19.069218
            ],
            [
              72.8741679,
              19.0692203
            ],
            [
              72.8741673,
              19.0692045
            ],
            [
              72.874108,
              19.0692066
            ],
            [
              72.8741093,
              19.0692418
            ],
            [
              72.8741411,
              19.0692407
            ],
            [
              72.8741425,
              19.0692763
            ],
            [
              72.8741269,
              19.0692769
            ],
            [
              72.8741282,
              19.0693098
            ]
          ]
        ]
      }
    },
    {
      "type": "Feature",
      "properties": {
        "id": 353988606,
        "name": "BKC Office Block",
        "height": 15.0,
        "min_height": 0.0,
        "building": "yes"
      },
      "geometry": {
        "type": "Polygon",
        "coordinates": [
          [
            [
              72.8745868,
              19.0702435
            ],
            [
              72.8745027,
              19.0702485
            ],
            [
              72.8745017,
              19.0702327
            ],
            [
              72.8744777,
              19.0702342
            ],
            [
              72.874475,
              19.0701928
            ],
            [
              72.8743746,
              19.0701988
            ],
            [
              72.8742742,
              19.0702047
            ],
            [
              72.8742777,
              19.0702566
            ],
            [
              72.8742811,
              19.0703084
            ],
            [
              72.8743734,
              19.0703029
            ],
            [
              72.8743742,
              19.0703141
            ],
            [
              72.8744274,
              19.0703109
            ],
            [
              72.8744262,
              19.0702923
            ],
            [
              72.8744448,
              19.0702912
            ],
            [
              72.8744462,
              19.0703128
            ],
            [
              72.8744719,
              19.0703113
            ],
            [
              72.8744739,
              19.0703414
            ],
            [
              72.8745327,
              19.0703379
            ],
            [
              72.8745294,
              19.070288
            ],
            [
              72.8745469,
              19.0702869
            ],
            [
              72.8745508,
              19.0703456
            ],
            [
              72.8745827,
              19.0703437
            ],
            [
              72.8745814,
              19.0703247
            ],
            [
              72.8746118,
              19.0703229
            ],
            [
              72.8746128,
              19.070338
            ],
            [
              72.8746398,
              19.0703364
            ],
            [
              72.8746387,
              19.0703199
            ],
            [
              72.8746603,
              19.0703186
            ],
            [
              72.8746672,
              19.0704224
            ],
            [
              72.8746628,
              19.0704227
            ],
            [
              72.8746337,
              19.0704244
            ],
            [
              72.8746352,
              19.0704482
            ],
            [
              72.8746256,
              19.0704488
            ],
            [
              72.8746248,
              19.0704366
            ],
            [
              72.8745869,
              19.0704389
            ],
            [
              72.8745881,
              19.0704562
            ],
            [
              72.8745782,
              19.0704568
            ],
            [
              72.8745769,
              19.0704368
            ],
            [
              72.8744874,
              19.0704421
            ],
            [
              72.8744901,
              19.0704823
            ],
            [
              72.8745173,
              19.0704806
            ],
            [
              72.8745206,
              19.0705309
            ],
            [
              72.8745067,
              19.0705317
            ],
            [
              72.8745099,
              19.0705797
            ],
            [
              72.8744934,
              19.0705807
            ],
            [
              72.874494,
              19.0705894
            ],
            [
              72.8744723,
              19.0705907
            ],
            [
              72.8744712,
              19.0705744
            ],
            [
              72.8743883,
              19.0705793
            ],
            [
              72.8743896,
              19.0705994
            ],
            [
              72.874335,
              19.0706026
            ],
            [
              72.8743372,
              19.0706358
            ],
            [
              72.8743632,
              19.0706343
            ],
            [
              72.8743652,
              19.0706642
            ],
            [
              72.8743395,
              19.0706657
            ],
            [
              72.8743416,
              19.0706979
            ],
            [
              72.8745342,
              19.0706865
            ],
            [
              72.8745316,
              19.0706472
            ],
            [
              72.8745003,
              19.0706491
            ],
            [
              72.874498,
              19.070615
            ],
            [
              72.8745378,
              19.0706126
            ],
            [
              72.8745342,
              19.0705577
            ],
            [
              72.874556,
              19.0705564
            ],
            [
              72.8745543,
              19.0705303
            ],
            [
              72.8746373,
              19.0705253
            ],
            [
              72.8746384,
              19.0705422
            ],
            [
              72.8746567,
              19.0705411
            ],
            [
              72.8746575,
              19.0705524
            ],
            [
              72.8746872,
              19.0705506
            ],
            [
              72.8746837,
              19.070497
            ],
            [
              72.8747068,
              19.0704956
            ],
            [
              72.8747027,
              19.0704334
            ],
            [
              72.874747,
              19.0704307
            ],
            [
              72.874749,
              19.0704613
            ],
            [
              72.8747786,
              19.0704596
            ],
            [
              72.8747762,
              19.070423
            ],
            [
              72.8747625,
              19.0704239
            ],
            [
              72.8747611,
              19.070402
            ],
            [
              72.8747422,
              19.0704031
            ],
            [
              72.8747374,
              19.0703302
            ],
            [
              72.8747625,
              19.0703287
            ],
            [
              72.8747586,
              19.0702701
            ],
            [
              72.8747203,
              19.0702724
            ],
            [
              72.8747225,
              19.0703054
            ],
            [
              72.8746779,
              19.070308
            ],
            [
              72.8746766,
              19.0702877
            ],
            [
              72.8746187,
              19.0702911
            ],
            [
              72.8746155,
              19.0702434
            ],
            [
              72.8746374,
              19.0702421
            ],
            [
              72.8746349,
              19.0701767
            ],
            [
              72.8747066,
              19.0701732
            ],
            [
              72.874708,
              19.0701987
            ],
            [
              72.874762,
              19.070196
            ],
            [
              72.8747584,
              19.0701318
            ],
            [
              72.8747182,
              19.0701338
            ],
            [
              72.874715,
              19.0700772
            ],
            [
              72.8747499,
              19.0700755
            ],
            [
              72.8747458,
              19.0700028
            ],
            [
              72.8747061,
              19.0700048
            ],
            [
              72.874707,
              19.0700209
            ],
            [
              72.8746837,
              19.0700221
            ],
            [
              72.874685,
              19.0700458
            ],
            [
              72.8746197,
              19.0700491
            ],
            [
              72.8746151,
              19.0699658
            ],
            [
              72.8745901,
              19.069967
            ],
            [
              72.8745864,
              19.0699011
            ],
            [
              72.87466,
              19.0698975
            ],
            [
              72.8746577,
              19.0698577
            ],
            [
              72.8747175,
              19.0698547
            ],
            [
              72.8747195,
              19.0698897
            ],
            [
              72.8747705,
              19.0698872
            ],
            [
              72.8747673,
              19.0698303
            ],
            [
              72.874748,
              19.0698313
            ],
            [
              72.8747444,
              19.0697664
            ],
            [
              72.8747648,
              19.0697654
            ],
            [
              72.8747621,
              19.0697171
            ],
            [
              72.8747127,
              19.0697196
            ],
            [
              72.8747151,
              19.0697625
            ],
            [
              72.8746405,
              19.0697662
            ],
            [
              72.8746386,
              19.0697335
            ],
            [
              72.8745783,
              19.0697365
            ],
            [
              72.8745811,
              19.0697868
            ],
            [
              72.874621,
              19.0697848
            ],
            [
              72.8746242,
              19.0698417
            ],
            [
              72.8746001,
              19.0698429
            ],
            [
              72.8746015,
              19.0698675
            ],
            [
              72.8745771,
              19.0698687
            ],
            [
              72.8745756,
              19.0698407
            ],
            [
              72.8745442,
              19.0698423
            ],
            [
              72.8745474,
              19.0698991
            ],
            [
              72.8745284,
              19.0699
            ],
            [
              72.8745316,
              19.0699572
            ],
            [
              72.8744977,
              19.0699588
            ],
            [
              72.8744946,
              19.0699041
            ],
            [
              72.8744789,
              19.0699049
            ],
            [
              72.8744767,
              19.0698656
            ],
            [
              72.8744287,
              19.069868
            ],
            [
              72.8744304,
              19.0698975
            ],
            [
              72.8744035,
              19.0698989
            ],
            [
              72.8743997,
              19.0698321
            ],
            [
              72.8744307,
              19.0698305
            ],
            [
              72.874427,
              19.069764
            ],
            [
              72.8743604,
              19.0697673
            ],
            [
              72.8743627,
              19.0698095
            ],
            [
              72.8743126,
              19.069812
            ],
            [
              72.8743114,
              19.0697894
            ],
            [
              72.874228,
              19.0697935
            ],
            [
              72.8742311,
              19.0698506
            ],
            [
              72.8742744,
              19.0698484
            ],
            [
              72.8742777,
              19.069907
            ],
            [
              72.874246,
              19.0699086
            ],
            [
              72.87425,
              19.0699802
            ],
            [
              72.8743168,
              19.0699768
            ],
            [
              72.8743139,
              19.0699256
            ],
            [
              72.8743791,
              19.0699223
            ],
            [
              72.8743817,
              19.0699686
            ],
            [
              72.8744522,
              19.0699651
            ],
            [
              72.8744534,
              19.0699858
            ],
            [
              72.8744337,
              19.0699867
            ],
            [
              72.8744369,
              19.0700444
            ],
            [
              72.8744959,
              19.0700414
            ],
            [
              72.8744937,
              19.0700023
            ],
            [
              72.8745478,
              19.0699996
            ],
            [
              72.8745492,
              19.0700256
            ],
            [
              72.8745729,
              19.0700244
            ],
            [
              72.8745767,
              19.0700932
            ],
            [
              72.8746134,
              19.0700914
            ],
            [
              72.8746167,
              19.0701496
            ],
            [
              72.8745844,
              19.0701512
            ],
            [
              72.8745868,
              19.0702435
            ]
          ]
        ]
      }
    },
    {
      "type": "Feature",
      "properties": {
        "id": 353997195,
        "name": "BKC Office Block",
        "height": 15.0,
        "min_height": 0.0,
        "building": "yes"
      },
      "geometry": {
        "type": "Polygon",
        "coordinates": [
          [
            [
              72.8776647,
              19.0685362
            ],
            [
              72.87788,
              19.0685324
            ],
            [
              72.8778761,
              19.0683381
            ],
            [
              72.8778654,
              19.0683383
            ],
            [
              72.8778634,
              19.0682363
            ],
            [
              72.87772,
              19.0682389
            ],
            [
              72.8777186,
              19.0681669
            ],
            [
              72.8776565,
              19.068168
            ],
            [
              72.8776599,
              19.0683409
            ],
            [
              72.8777573,
              19.0683392
            ],
            [
              72.877758,
              19.0683714
            ],
            [
              72.8777774,
              19.0683711
            ],
            [
              72.8777787,
              19.0684376
            ],
            [
              72.8777507,
              19.0684381
            ],
            [
              72.8777503,
              19.0684211
            ],
            [
              72.8776624,
              19.0684226
            ],
            [
              72.8776647,
              19.0685362
            ]
          ]
        ]
      }
    },
    {
      "type": "Feature",
      "properties": {
        "id": 353997207,
        "name": "Apran General Hospital",
        "height": 50.0,
        "min_height": 0.0,
        "building": "hospital"
      },
      "geometry": {
        "type": "Polygon",
        "coordinates": [
          [
            [
              72.8783995,
              19.0687896
            ],
            [
              72.8785215,
              19.0687848
            ],
            [
              72.8785197,
              19.0687455
            ],
            [
              72.8784945,
              19.0687465
            ],
            [
              72.8784928,
              19.0687096
            ],
            [
              72.8785148,
              19.0687087
            ],
            [
              72.878511,
              19.0686225
            ],
            [
              72.8782658,
              19.0686322
            ],
            [
              72.878268,
              19.0686814
            ],
            [
              72.8782954,
              19.0686803
            ],
            [
              72.878297,
              19.0687153
            ],
            [
              72.878396,
              19.0687114
            ],
            [
              72.8783995,
              19.0687896
            ]
          ]
        ]
      }
    },
    {
      "type": "Feature",
      "properties": {
        "id": 353997220,
        "name": "BKC Office Block",
        "height": 25.0,
        "min_height": 0.0,
        "building": "yes"
      },
      "geometry": {
        "type": "Polygon",
        "coordinates": [
          [
            [
              72.8774481,
              19.0691084
            ],
            [
              72.8774535,
              19.0691128
            ],
            [
              72.8774881,
              19.0690444
            ],
            [
              72.8775121,
              19.0690552
            ],
            [
              72.8775677,
              19.0689907
            ],
            [
              72.8775199,
              19.0689538
            ],
            [
              72.8774849,
              19.0689944
            ],
            [
              72.8773788,
              19.0689454
            ],
            [
              72.8773561,
              19.0689892
            ],
            [
              72.8773759,
              19.0689918
            ],
            [
              72.8773548,
              19.0690151
            ],
            [
              72.8774021,
              19.0690534
            ],
            [
              72.8773792,
              19.0690787
            ],
            [
              72.87737,
              19.0690713
            ],
            [
              72.8773388,
              19.0691057
            ],
            [
              72.877325,
              19.0690945
            ],
            [
              72.877299,
              19.0691232
            ],
            [
              72.8773279,
              19.0691467
            ],
            [
              72.877352,
              19.0691202
            ],
            [
              72.8773681,
              19.0691332
            ],
            [
              72.8773466,
              19.0691569
            ],
            [
              72.8773798,
              19.0691838
            ],
            [
              72.8774481,
              19.0691084
            ]
          ]
        ]
      }
    },
    {
      "type": "Feature",
      "properties": {
        "id": 353997270,
        "name": "Moghe",
        "height": 25.0,
        "min_height": 0.0,
        "building": "yes"
      },
      "geometry": {
        "type": "Polygon",
        "coordinates": [
          [
            [
              72.8799166,
              19.0666087
            ],
            [
              72.8798213,
              19.0666576
            ],
            [
              72.8799059,
              19.0668048
            ],
            [
              72.8800012,
              19.0667559
            ],
            [
              72.8799166,
              19.0666087
            ]
          ]
        ]
      }
    },
    {
      "type": "Feature",
      "properties": {
        "id": 353997276,
        "name": "BKC Office Block",
        "height": 70.0,
        "min_height": 0.0,
        "building": "yes"
      },
      "geometry": {
        "type": "Polygon",
        "coordinates": [
          [
            [
              72.8776799,
              19.0688228
            ],
            [
              72.8776785,
              19.0689063
            ],
            [
              72.8777526,
              19.0689074
            ],
            [
              72.877754,
              19.0688238
            ],
            [
              72.8776799,
              19.0688228
            ]
          ]
        ]
      }
    },
    {
      "type": "Feature",
      "properties": {
        "id": 353997283,
        "name": "BKC Office Block",
        "height": 15.0,
        "min_height": 0.0,
        "building": "yes"
      },
      "geometry": {
        "type": "Polygon",
        "coordinates": [
          [
            [
              72.8771829,
              19.0693527
            ],
            [
              72.8772117,
              19.0693661
            ],
            [
              72.8772214,
              19.0693474
            ],
            [
              72.8772504,
              19.0693609
            ],
            [
              72.8772406,
              19.0693796
            ],
            [
              72.8773004,
              19.0694074
            ],
            [
              72.8773273,
              19.0693558
            ],
            [
              72.8773094,
              19.0693475
            ],
            [
              72.8773215,
              19.0693243
            ],
            [
              72.8773394,
              19.0693326
            ],
            [
              72.8773695,
              19.069275
            ],
            [
              72.8773274,
              19.0692554
            ],
            [
              72.8773223,
              19.069265
            ],
            [
              72.8772953,
              19.0692524
            ],
            [
              72.8772893,
              19.0692639
            ],
            [
              72.8772409,
              19.0692414
            ],
            [
              72.8771829,
              19.0693527
            ]
          ]
        ]
      }
    },
    {
      "type": "Feature",
      "properties": {
        "id": 353997289,
        "name": "Jain Mandir Chawl",
        "height": 50.0,
        "min_height": 0.0,
        "building": "yes"
      },
      "geometry": {
        "type": "Polygon",
        "coordinates": [
          [
            [
              72.8779802,
              19.068055
            ],
            [
              72.8779659,
              19.067907
            ],
            [
              72.877797,
              19.0679216
            ],
            [
              72.8778113,
              19.0680696
            ],
            [
              72.8779802,
              19.068055
            ]
          ]
        ]
      }
    },
    {
      "type": "Feature",
      "properties": {
        "id": 353997295,
        "name": "BKC Office Block",
        "height": 25.0,
        "min_height": 0.0,
        "building": "yes"
      },
      "geometry": {
        "type": "Polygon",
        "coordinates": [
          [
            [
              72.8795325,
              19.0675822
            ],
            [
              72.8795896,
              19.0677389
            ],
            [
              72.8796725,
              19.067712
            ],
            [
              72.8796154,
              19.0675552
            ],
            [
              72.8795325,
              19.0675822
            ]
          ]
        ]
      }
    },
    {
      "type": "Feature",
      "properties": {
        "id": 353997299,
        "name": "Shri Balaji Mandir",
        "height": 50.0,
        "min_height": 0.0,
        "building": "yes"
      },
      "geometry": {
        "type": "Polygon",
        "coordinates": [
          [
            [
              72.8800717,
              19.0667301
            ],
            [
              72.8802628,
              19.066633
            ],
            [
              72.879973,
              19.066401
            ],
            [
              72.8798849,
              19.0665001
            ],
            [
              72.8800717,
              19.0667301
            ]
          ]
        ]
      }
    },
    {
      "type": "Feature",
      "properties": {
        "id": 353997302,
        "name": "BKC Office Block",
        "height": 35.0,
        "min_height": 0.0,
        "building": "yes"
      },
      "geometry": {
        "type": "Polygon",
        "coordinates": [
          [
            [
              72.8728027,
              19.0607305
            ],
            [
              72.8728472,
              19.0608315
            ],
            [
              72.8730481,
              19.0607525
            ],
            [
              72.8730037,
              19.0606515
            ],
            [
              72.8728027,
              19.0607305
            ]
          ]
        ]
      }
    },
    {
      "type": "Feature",
      "properties": {
        "id": 353997305,
        "name": "BKC Office Block",
        "height": 35.0,
        "min_height": 0.0,
        "building": "yes"
      },
      "geometry": {
        "type": "Polygon",
        "coordinates": [
          [
            [
              72.8756344,
              19.0638599
            ],
            [
              72.8757049,
              19.0639258
            ],
            [
              72.8758626,
              19.0637749
            ],
            [
              72.875792,
              19.063709
            ],
            [
              72.8756344,
              19.0638599
            ]
          ]
        ]
      }
    },
    {
      "type": "Feature",
      "properties": {
        "id": 353997308,
        "name": "BKC Office Block",
        "height": 15.0,
        "min_height": 0.0,
        "building": "yes"
      },
      "geometry": {
        "type": "Polygon",
        "coordinates": [
          [
            [
              72.8757276,
              19.0639244
            ],
            [
              72.8758026,
              19.0639938
            ],
            [
              72.8759468,
              19.0638548
            ],
            [
              72.8758718,
              19.0637854
            ],
            [
              72.8757276,
              19.0639244
            ]
          ]
        ]
      }
    },
    {
      "type": "Feature",
      "properties": {
        "id": 353997315,
        "name": "Patel Mansion",
        "height": 50.0,
        "min_height": 0.0,
        "building": "yes"
      },
      "geometry": {
        "type": "Polygon",
        "coordinates": [
          [
            [
              72.8784766,
              19.0661179
            ],
            [
              72.8785278,
              19.0661782
            ],
            [
              72.8785593,
              19.0662154
            ],
            [
              72.8786439,
              19.0661513
            ],
            [
              72.8785612,
              19.0660538
            ],
            [
              72.8784766,
              19.0661179
            ]
          ]
        ]
      }
    },
    {
      "type": "Feature",
      "properties": {
        "id": 353997331,
        "name": "BKC Office Block",
        "height": 70.0,
        "min_height": 0.0,
        "building": "yes"
      },
      "geometry": {
        "type": "Polygon",
        "coordinates": [
          [
            [
              72.8755612,
              19.0637904
            ],
            [
              72.8756286,
              19.0638525
            ],
            [
              72.8757445,
              19.0637402
            ],
            [
              72.875677,
              19.0636781
            ],
            [
              72.8755612,
              19.0637904
            ]
          ]
        ]
      }
    },
    {
      "type": "Feature",
      "properties": {
        "id": 353997332,
        "name": "BKC Office Block",
        "height": 70.0,
        "min_height": 0.0,
        "building": "yes"
      },
      "geometry": {
        "type": "Polygon",
        "coordinates": [
          [
            [
              72.8769716,
              19.0689287
            ],
            [
              72.8769661,
              19.0691612
            ],
            [
              72.8770471,
              19.0691629
            ],
            [
              72.8770525,
              19.0689304
            ],
            [
              72.8769716,
              19.0689287
            ]
          ]
        ]
      }
    },
    {
      "type": "Feature",
      "properties": {
        "id": 353997346,
        "name": "BKC Office Block",
        "height": 25.0,
        "min_height": 0.0,
        "building": "yes"
      },
      "geometry": {
        "type": "Polygon",
        "coordinates": [
          [
            [
              72.8783916,
              19.0655004
            ],
            [
              72.8782872,
              19.0655274
            ],
            [
              72.8783228,
              19.0656501
            ],
            [
              72.8784271,
              19.0656231
            ],
            [
              72.8783916,
              19.0655004
            ]
          ]
        ]
      }
    },
    {
      "type": "Feature",
      "properties": {
        "id": 353997364,
        "name": "BKC Office Block",
        "height": 25.0,
        "min_height": 0.0,
        "building": "yes"
      },
      "geometry": {
        "type": "Polygon",
        "coordinates": [
          [
            [
              72.8787018,
              19.0624462
            ],
            [
              72.878787,
              19.0624379
            ],
            [
              72.8787784,
              19.0623588
            ],
            [
              72.8786534,
              19.0623711
            ],
            [
              72.8786569,
              19.0624026
            ],
            [
              72.8786966,
              19.0623987
            ],
            [
              72.8787018,
              19.0624462
            ]
          ]
        ]
      }
    },
    {
      "type": "Feature",
      "properties": {
        "id": 353997368,
        "name": "BKC Office Block",
        "height": 25.0,
        "min_height": 0.0,
        "building": "yes"
      },
      "geometry": {
        "type": "Polygon",
        "coordinates": [
          [
            [
              72.8679816,
              19.0667126
            ],
            [
              72.8679776,
              19.066699
            ],
            [
              72.8679465,
              19.0666613
            ],
            [
              72.8679024,
              19.0666377
            ],
            [
              72.8678821,
              19.0666354
            ],
            [
              72.8676849,
              19.0663266
            ],
            [
              72.8676941,
              19.0662989
            ],
            [
              72.8676895,
              19.0662506
            ],
            [
              72.8676656,
              19.0662077
            ],
            [
              72.8676263,
              19.0661766
            ],
            [
              72.8675773,
              19.0661622
            ],
            [
              72.8675262,
              19.0661666
            ],
            [
              72.8674808,
              19.0661891
            ],
            [
              72.8674479,
              19.0662263
            ],
            [
              72.8674326,
              19.0662726
            ],
            [
              72.8674372,
              19.0663209
            ],
            [
              72.867461,
              19.0663638
            ],
            [
              72.8675004,
              19.0663949
            ],
            [
              72.8675395,
              19.0664064
            ],
            [
              72.8677384,
              19.066718
            ],
            [
              72.8677325,
              19.0667632
            ],
            [
              72.8677346,
              19.0667848
            ],
            [
              72.8677413,
              19.0668094
            ],
            [
              72.8677506,
              19.0668261
            ],
            [
              72.8677243,
              19.0668123
            ],
            [
              72.8675377,
              19.0669023
            ],
            [
              72.8675531,
              19.0670508
            ],
            [
              72.8678802,
              19.0672676
            ],
            [
              72.8680877,
              19.0669879
            ],
            [
              72.8680757,
              19.0669799
            ],
            [
              72.8681002,
              19.0669469
            ],
            [
              72.8682422,
              19.0670206
            ],
            [
              72.868242,
              19.0670421
            ],
            [
              72.8682619,
              19.0670886
            ],
            [
              72.8682992,
              19.0671244
            ],
            [
              72.868348,
              19.067144
            ],
            [
              72.8684011,
              19.0671444
            ],
            [
              72.8684503,
              19.0671255
            ],
            [
              72.8684881,
              19.0670903
            ],
            [
              72.8685088,
              19.0670441
            ],
            [
              72.8685093,
              19.066994
            ],
            [
              72.8684893,
              19.0669475
            ],
            [
              72.8684521,
              19.0669117
            ],
            [
              72.8684032,
              19.0668922
            ],
            [
              72.8683502,
              19.0668918
            ],
            [
              72.8683367,
              19.0668969
            ],
            [
              72.8679816,
              19.0667126
            ]
          ]
        ]
      }
    },
    {
      "type": "Feature",
      "properties": {
        "id": 354008008,
        "name": "BKC Office Block",
        "height": 35.0,
        "min_height": 0.0,
        "building": "yes"
      },
      "geometry": {
        "type": "Polygon",
        "coordinates": [
          [
            [
              72.8730271,
              19.0634238
            ],
            [
              72.8728752,
              19.0634973
            ],
            [
              72.8730297,
              19.0638134
            ],
            [
              72.8735456,
              19.0635623
            ],
            [
              72.8735086,
              19.0634954
            ],
            [
              72.8735429,
              19.0634814
            ],
            [
              72.8734313,
              19.0632371
            ],
            [
              72.8733235,
              19.0632801
            ],
            [
              72.8734192,
              19.0634897
            ],
            [
              72.8731288,
              19.0636331
            ],
            [
              72.8730271,
              19.0634238
            ]
          ]
        ]
      }
    },
    {
      "type": "Feature",
      "properties": {
        "id": 354008010,
        "name": "BKC Office Block",
        "height": 25.0,
        "min_height": 0.0,
        "building": "yes"
      },
      "geometry": {
        "type": "Polygon",
        "coordinates": [
          [
            [
              72.877722,
              19.0593179
            ],
            [
              72.877739,
              19.0593982
            ],
            [
              72.8777755,
              19.0593913
            ],
            [
              72.8777671,
              19.0593516
            ],
            [
              72.8777856,
              19.0593481
            ],
            [
              72.8777974,
              19.0594035
            ],
            [
              72.8778701,
              19.0593897
            ],
            [
              72.8778646,
              19.0593637
            ],
            [
              72.8779118,
              19.0593547
            ],
            [
              72.8779046,
              19.0593206
            ],
            [
              72.8779292,
              19.0593159
            ],
            [
              72.8779417,
              19.059375
            ],
            [
              72.8780067,
              19.0593626
            ],
            [
              72.8779932,
              19.0592989
            ],
            [
              72.8780092,
              19.0592959
            ],
            [
              72.8780201,
              19.059347
            ],
            [
              72.8780783,
              19.059336
            ],
            [
              72.8780543,
              19.0592227
            ],
            [
              72.8779497,
              19.0592425
            ],
            [
              72.8779563,
              19.0592735
            ],
            [
              72.877722,
              19.0593179
            ]
          ]
        ]
      }
    },
    {
      "type": "Feature",
      "properties": {
        "id": 354008011,
        "name": "BKC Office Block",
        "height": 15.0,
        "min_height": 0.0,
        "building": "yes"
      },
      "geometry": {
        "type": "Polygon",
        "coordinates": [
          [
            [
              72.8776169,
              19.0592926
            ],
            [
              72.8776366,
              19.059403
            ],
            [
              72.8776937,
              19.0593938
            ],
            [
              72.877674,
              19.0592835
            ],
            [
              72.8776169,
              19.0592926
            ]
          ]
        ]
      }
    },
    {
      "type": "Feature",
      "properties": {
        "id": 354008012,
        "name": "BKC Office Block",
        "height": 35.0,
        "min_height": 0.0,
        "building": "yes"
      },
      "geometry": {
        "type": "Polygon",
        "coordinates": [
          [
            [
              72.8771042,
              19.0595929
            ],
            [
              72.8769846,
              19.0595943
            ],
            [
              72.8769928,
              19.0602213
            ],
            [
              72.8771123,
              19.06022
            ],
            [
              72.8771042,
              19.0595929
            ]
          ]
        ]
      }
    },
    {
      "type": "Feature",
      "properties": {
        "id": 354008013,
        "name": "BKC Office Block",
        "height": 50.0,
        "min_height": 0.0,
        "building": "yes"
      },
      "geometry": {
        "type": "Polygon",
        "coordinates": [
          [
            [
              72.8767765,
              19.0602199
            ],
            [
              72.8767505,
              19.0604188
            ],
            [
              72.8768749,
              19.0604333
            ],
            [
              72.8769009,
              19.0602344
            ],
            [
              72.8767765,
              19.0602199
            ]
          ]
        ]
      }
    },
    {
      "type": "Feature",
      "properties": {
        "id": 354008014,
        "name": "17th j",
        "height": 70.0,
        "min_height": 0.0,
        "building": "yes"
      },
      "geometry": {
        "type": "Polygon",
        "coordinates": [
          [
            [
              72.87799,
              19.0581123
            ],
            [
              72.8779602,
              19.0582213
            ],
            [
              72.87806,
              19.0582457
            ],
            [
              72.8780898,
              19.0581366
            ],
            [
              72.87799,
              19.0581123
            ]
          ]
        ]
      }
    },
    {
      "type": "Feature",
      "properties": {
        "id": 354008015,
        "name": "BKC Office Block",
        "height": 70.0,
        "min_height": 0.0,
        "building": "yes"
      },
      "geometry": {
        "type": "Polygon",
        "coordinates": [
          [
            [
              72.878857,
              19.0556802
            ],
            [
              72.8791058,
              19.0556687
            ],
            [
              72.8791022,
              19.0555995
            ],
            [
              72.8788534,
              19.0556111
            ],
            [
              72.878857,
              19.0556802
            ]
          ]
        ]
      }
    },
    {
      "type": "Feature",
      "properties": {
        "id": 354008017,
        "name": "BKC Office Block",
        "height": 35.0,
        "min_height": 0.0,
        "building": "yes"
      },
      "geometry": {
        "type": "Polygon",
        "coordinates": [
          [
            [
              72.8774983,
              19.0586182
            ],
            [
              72.8776805,
              19.0591027
            ],
            [
              72.8778971,
              19.0590299
            ],
            [
              72.8777149,
              19.0585455
            ],
            [
              72.8774983,
              19.0586182
            ]
          ]
        ]
      }
    },
    {
      "type": "Feature",
      "properties": {
        "id": 354008018,
        "name": "BKC Office Block",
        "height": 50.0,
        "min_height": 0.0,
        "building": "yes"
      },
      "geometry": {
        "type": "Polygon",
        "coordinates": [
          [
            [
              72.873274,
              19.061021
            ],
            [
              72.8733597,
              19.0611418
            ],
            [
              72.873433,
              19.0610954
            ],
            [
              72.8733473,
              19.0609746
            ],
            [
              72.873274,
              19.061021
            ]
          ]
        ]
      }
    },
    {
      "type": "Feature",
      "properties": {
        "id": 354008019,
        "name": "BKC Office Block",
        "height": 15.0,
        "min_height": 0.0,
        "building": "yes"
      },
      "geometry": {
        "type": "Polygon",
        "coordinates": [
          [
            [
              72.8784742,
              19.059372
            ],
            [
              72.8786265,
              19.0590173
            ],
            [
              72.8784584,
              19.0589748
            ],
            [
              72.8784518,
              19.0589452
            ],
            [
              72.8782027,
              19.0590066
            ],
            [
              72.8782476,
              19.0591582
            ],
            [
              72.8782892,
              19.0593427
            ],
            [
              72.8783449,
              19.0593609
            ],
            [
              72.8783555,
              19.05932
            ],
            [
              72.8784742,
              19.059372
            ]
          ]
        ]
      }
    },
    {
      "type": "Feature",
      "properties": {
        "id": 354025006,
        "name": "Laxmi Tower",
        "height": 35.0,
        "min_height": 0.0,
        "building": "commercial"
      },
      "geometry": {
        "type": "Polygon",
        "coordinates": [
          [
            [
              72.863452,
              19.0631563
            ],
            [
              72.863634,
              19.0633363
            ],
            [
              72.8636653,
              19.0633774
            ],
            [
              72.8638407,
              19.0635731
            ],
            [
              72.8640389,
              19.0634058
            ],
            [
              72.86398,
              19.0633468
            ],
            [
              72.864361,
              19.0630069
            ],
            [
              72.8644047,
              19.0630507
            ],
            [
              72.8646316,
              19.0628484
            ],
            [
              72.8645061,
              19.0627227
            ],
            [
              72.8645292,
              19.0626867
            ],
            [
              72.8645304,
              19.0626491
            ],
            [
              72.8645167,
              19.0626149
            ],
            [
              72.8644721,
              19.0625911
            ],
            [
              72.8644292,
              19.0626008
            ],
            [
              72.8644043,
              19.0625701
            ],
            [
              72.8643401,
              19.0626097
            ],
            [
              72.8643109,
              19.0625744
            ],
            [
              72.8642087,
              19.0626641
            ],
            [
              72.8641554,
              19.0626128
            ],
            [
              72.8640893,
              19.0626355
            ],
            [
              72.8640281,
              19.0626838
            ],
            [
              72.8638339,
              19.062812
            ],
            [
              72.8637969,
              19.0628783
            ],
            [
              72.863452,
              19.0631563
            ]
          ]
        ]
      }
    },
    {
      "type": "Feature",
      "properties": {
        "id": 354025007,
        "name": "BKC Office Block",
        "height": 70.0,
        "min_height": 0.0,
        "building": "yes"
      },
      "geometry": {
        "type": "Polygon",
        "coordinates": [
          [
            [
              72.8738085,
              19.0539262
            ],
            [
              72.8738636,
              19.053917
            ],
            [
              72.8738526,
              19.0538579
            ],
            [
              72.8737975,
              19.053867
            ],
            [
              72.8738085,
              19.0539262
            ]
          ]
        ]
      }
    },
    {
      "type": "Feature",
      "properties": {
        "id": 354025010,
        "name": "BKC Office Block",
        "height": 35.0,
        "min_height": 0.0,
        "building": "house"
      },
      "geometry": {
        "type": "Polygon",
        "coordinates": [
          [
            [
              72.8760282,
              19.0558919
            ],
            [
              72.8760303,
              19.0559914
            ],
            [
              72.8761503,
              19.0559769
            ],
            [
              72.8761482,
              19.0558774
            ],
            [
              72.8760282,
              19.0558919
            ]
          ]
        ]
      }
    },
    {
      "type": "Feature",
      "properties": {
        "id": 354025011,
        "name": "BKC Office Block",
        "height": 35.0,
        "min_height": 0.0,
        "building": "house"
      },
      "geometry": {
        "type": "Polygon",
        "coordinates": [
          [
            [
              72.8758214,
              19.0560012
            ],
            [
              72.8759786,
              19.0559924
            ],
            [
              72.8759765,
              19.0558929
            ],
            [
              72.8758237,
              19.0559053
            ],
            [
              72.8758214,
              19.0560012
            ]
          ]
        ]
      }
    },
    {
      "type": "Feature",
      "properties": {
        "id": 354025012,
        "name": "BKC Office Block",
        "height": 70.0,
        "min_height": 0.0,
        "building": "house"
      },
      "geometry": {
        "type": "Polygon",
        "coordinates": [
          [
            [
              72.8760272,
              19.0558809
            ],
            [
              72.8759713,
              19.0558851
            ],
            [
              72.8759692,
              19.0558287
            ],
            [
              72.8759601,
              19.0558128
            ],
            [
              72.8759584,
              19.0557916
            ],
            [
              72.8760252,
              19.0557845
            ],
            [
              72.8760272,
              19.0558809
            ]
          ]
        ]
      }
    },
    {
      "type": "Feature",
      "properties": {
        "id": 354025013,
        "name": "BKC Office Block",
        "height": 70.0,
        "min_height": 0.0,
        "building": "yes"
      },
      "geometry": {
        "type": "Polygon",
        "coordinates": [
          [
            [
              72.8763629,
              19.0526499
            ],
            [
              72.8764163,
              19.0528268
            ],
            [
              72.8765353,
              19.0527947
            ],
            [
              72.8764818,
              19.0526178
            ],
            [
              72.8763629,
              19.0526499
            ]
          ]
        ]
      }
    },
    {
      "type": "Feature",
      "properties": {
        "id": 354025014,
        "name": "BKC Office Block",
        "height": 50.0,
        "min_height": 0.0,
        "building": "yes"
      },
      "geometry": {
        "type": "Polygon",
        "coordinates": [
          [
            [
              72.8738855,
              19.0539064
            ],
            [
              72.8739482,
              19.0538978
            ],
            [
              72.8739424,
              19.0538599
            ],
            [
              72.8739182,
              19.0538632
            ],
            [
              72.8739046,
              19.0537744
            ],
            [
              72.8738662,
              19.0537797
            ],
            [
              72.8738855,
              19.0539064
            ]
          ]
        ]
      }
    },
    {
      "type": "Feature",
      "properties": {
        "id": 354025015,
        "name": "BKC Office Block",
        "height": 70.0,
        "min_height": 0.0,
        "building": "house"
      },
      "geometry": {
        "type": "Polygon",
        "coordinates": [
          [
            [
              72.8759786,
              19.0559924
            ],
            [
              72.8760303,
              19.0559914
            ],
            [
              72.8760282,
              19.0558919
            ],
            [
              72.8759765,
              19.0558929
            ],
            [
              72.8759786,
              19.0559924
            ]
          ]
        ]
      }
    },
    {
      "type": "Feature",
      "properties": {
        "id": 354025016,
        "name": "BKC Office Block",
        "height": 70.0,
        "min_height": 0.0,
        "building": "yes"
      },
      "geometry": {
        "type": "Polygon",
        "coordinates": [
          [
            [
              72.876181,
              19.0524245
            ],
            [
              72.8762203,
              19.0523753
            ],
            [
              72.8762364,
              19.0523867
            ],
            [
              72.8762571,
              19.0523607
            ],
            [
              72.8762104,
              19.0523275
            ],
            [
              72.8761946,
              19.0523473
            ],
            [
              72.876168,
              19.0523283
            ],
            [
              72.8761301,
              19.0523759
            ],
            [
              72.876167,
              19.0524022
            ],
            [
              72.8761607,
              19.05241
            ],
            [
              72.876181,
              19.0524245
            ]
          ]
        ]
      }
    },
    {
      "type": "Feature",
      "properties": {
        "id": 354025017,
        "name": "BKC Office Block",
        "height": 70.0,
        "min_height": 0.0,
        "building": "house"
      },
      "geometry": {
        "type": "Polygon",
        "coordinates": [
          [
            [
              72.8760252,
              19.0557845
            ],
            [
              72.8760913,
              19.0557774
            ],
            [
              72.8760908,
              19.0557745
            ],
            [
              72.8761353,
              19.0557717
            ],
            [
              72.8761383,
              19.0558726
            ],
            [
              72.8760272,
              19.0558809
            ],
            [
              72.8760252,
              19.0557845
            ]
          ]
        ]
      }
    },
    {
      "type": "Feature",
      "properties": {
        "id": 354025019,
        "name": "BKC Office Block",
        "height": 15.0,
        "min_height": 0.0,
        "building": "apartments"
      },
      "geometry": {
        "type": "Polygon",
        "coordinates": [
          [
            [
              72.8753932,
              19.0550177
            ],
            [
              72.8754358,
              19.0550277
            ],
            [
              72.8754422,
              19.0550036
            ],
            [
              72.8754611,
              19.055008
            ],
            [
              72.8754812,
              19.0549319
            ],
            [
              72.8754611,
              19.0549272
            ],
            [
              72.8754695,
              19.0548951
            ],
            [
              72.8754896,
              19.0548998
            ],
            [
              72.8754998,
              19.0548614
            ],
            [
              72.8754845,
              19.0548578
            ],
            [
              72.8754982,
              19.0548056
            ],
            [
              72.8755135,
              19.0548092
            ],
            [
              72.8755302,
              19.0547457
            ],
            [
              72.8755468,
              19.0547496
            ],
            [
              72.8755573,
              19.0547097
            ],
            [
              72.8755341,
              19.0547042
            ],
            [
              72.8755391,
              19.0546855
            ],
            [
              72.87553,
              19.0546834
            ],
            [
              72.8755363,
              19.0546595
            ],
            [
              72.8755553,
              19.0546639
            ],
            [
              72.8755535,
              19.0546708
            ],
            [
              72.8756638,
              19.0546967
            ],
            [
              72.8756774,
              19.054645
            ],
            [
              72.8756613,
              19.0546412
            ],
            [
              72.8756715,
              19.0546026
            ],
            [
              72.875544,
              19.0545726
            ],
            [
              72.875538,
              19.0545953
            ],
            [
              72.8754893,
              19.0545839
            ],
            [
              72.8754797,
              19.0546201
            ],
            [
              72.8755096,
              19.0546271
            ],
            [
              72.8755047,
              19.0546457
            ],
            [
              72.8754748,
              19.0546387
            ],
            [
              72.875453,
              19.0547215
            ],
            [
              72.8754807,
              19.054728
            ],
            [
              72.8754708,
              19.0547656
            ],
            [
              72.8754431,
              19.0547591
            ],
            [
              72.8753919,
              19.0549536
            ],
            [
              72.875409,
              19.0549577
            ],
            [
              72.8753932,
              19.0550177
            ]
          ]
        ]
      }
    },
    {
      "type": "Feature",
      "properties": {
        "id": 354027053,
        "name": "BKC Office Block",
        "height": 50.0,
        "min_height": 0.0,
        "building": "apartments"
      },
      "geometry": {
        "type": "Polygon",
        "coordinates": [
          [
            [
              72.8762966,
              19.0674754
            ],
            [
              72.8765003,
              19.0674358
            ],
            [
              72.8764732,
              19.0673113
            ],
            [
              72.8762696,
              19.0673508
            ],
            [
              72.8762851,
              19.0674221
            ],
            [
              72.8763125,
              19.0674168
            ],
            [
              72.8763173,
              19.0674387
            ],
            [
              72.8762898,
              19.067444
            ],
            [
              72.8762966,
              19.0674754
            ]
          ]
        ]
      }
    },
    {
      "type": "Feature",
      "properties": {
        "id": 356258871,
        "name": "MMRDA Old Building",
        "height": 15.0,
        "min_height": 0.0,
        "building": "yes"
      },
      "geometry": {
        "type": "Polygon",
        "coordinates": [
          [
            [
              72.8517464,
              19.0546368
            ],
            [
              72.8515612,
              19.0548131
            ],
            [
              72.8518561,
              19.0550899
            ],
            [
              72.8518135,
              19.0551305
            ],
            [
              72.8519186,
              19.0552242
            ],
            [
              72.8519755,
              19.0552241
            ],
            [
              72.8520396,
              19.0552216
            ],
            [
              72.8521556,
              19.0551098
            ],
            [
              72.8520066,
              19.0549699
            ],
            [
              72.8519697,
              19.055005
            ],
            [
              72.8518224,
              19.0548668
            ],
            [
              72.8519064,
              19.0547869
            ],
            [
              72.8517464,
              19.0546368
            ]
          ]
        ]
      }
    },
    {
      "type": "Feature",
      "properties": {
        "id": 356258907,
        "name": "Bharat Petroleum Residential Colony",
        "height": 70.0,
        "min_height": 0.0,
        "building": "apartments"
      },
      "geometry": {
        "type": "Polygon",
        "coordinates": [
          [
            [
              72.8568517,
              19.0656734
            ],
            [
              72.8568028,
              19.0658372
            ],
            [
              72.8566586,
              19.0658595
            ],
            [
              72.8566727,
              19.0659253
            ],
            [
              72.8566827,
              19.0659234
            ],
            [
              72.8566945,
              19.0659784
            ],
            [
              72.8568124,
              19.0659558
            ],
            [
              72.8569074,
              19.0661193
            ],
            [
              72.8569596,
              19.0660922
            ],
            [
              72.8569461,
              19.0660691
            ],
            [
              72.8569905,
              19.0660461
            ],
            [
              72.8568964,
              19.0658531
            ],
            [
              72.8569523,
              19.0657312
            ],
            [
              72.8568517,
              19.0656734
            ]
          ]
        ]
      }
    },
    {
      "type": "Feature",
      "properties": {
        "id": 356258925,
        "name": "State Bank of India",
        "height": 35.0,
        "min_height": 0.0,
        "building": "office"
      },
      "geometry": {
        "type": "Polygon",
        "coordinates": [
          [
            [
              72.8608651,
              19.0598152
            ],
            [
              72.8608126,
              19.059848
            ],
            [
              72.8608049,
              19.0598907
            ],
            [
              72.8607453,
              19.0598902
            ],
            [
              72.8608201,
              19.0601048
            ],
            [
              72.860852,
              19.0603126
            ],
            [
              72.8609524,
              19.0603404
            ],
            [
              72.8609586,
              19.0602774
            ],
            [
              72.8611451,
              19.060294
            ],
            [
              72.8611426,
              19.060367
            ],
            [
              72.861182,
              19.0603691
            ],
            [
              72.8611849,
              19.0603509
            ],
            [
              72.8612066,
              19.0603526
            ],
            [
              72.8612479,
              19.0603169
            ],
            [
              72.8612637,
              19.0602755
            ],
            [
              72.8612608,
              19.060231
            ],
            [
              72.8612395,
              19.0601847
            ],
            [
              72.8613013,
              19.0601335
            ],
            [
              72.8613172,
              19.0600071
            ],
            [
              72.8612608,
              19.0599708
            ],
            [
              72.8612889,
              19.0599232
            ],
            [
              72.8612802,
              19.0598785
            ],
            [
              72.8612467,
              19.0598435
            ],
            [
              72.8611869,
              19.0598439
            ],
            [
              72.8611812,
              19.0599005
            ],
            [
              72.8609839,
              19.0598829
            ],
            [
              72.8609896,
              19.0598263
            ],
            [
              72.8608651,
              19.0598152
            ]
          ]
        ]
      }
    },
    {
      "type": "Feature",
      "properties": {
        "id": 356259108,
        "name": "BKC Office Block",
        "height": 15.0,
        "min_height": 0.0,
        "building": "yes"
      },
      "geometry": {
        "type": "Polygon",
        "coordinates": [
          [
            [
              72.8519065,
              19.0545328
            ],
            [
              72.8520214,
              19.0544197
            ],
            [
              72.8518867,
              19.0542974
            ],
            [
              72.8518352,
              19.0543482
            ],
            [
              72.8519128,
              19.0544186
            ],
            [
              72.8518494,
              19.0544809
            ],
            [
              72.8519065,
              19.0545328
            ]
          ]
        ]
      }
    },
    {
      "type": "Feature",
      "properties": {
        "id": 357067906,
        "name": "BKC Office Block",
        "height": 50.0,
        "min_height": 0.0,
        "building": "yes"
      },
      "geometry": {
        "type": "Polygon",
        "coordinates": [
          [
            [
              72.8768551,
              19.0626132
            ],
            [
              72.877084,
              19.0625657
            ],
            [
              72.8770528,
              19.0624313
            ],
            [
              72.8768239,
              19.0624788
            ],
            [
              72.8768551,
              19.0626132
            ]
          ]
        ]
      }
    },
    {
      "type": "Feature",
      "properties": {
        "id": 357067907,
        "name": "BKC Office Block",
        "height": 50.0,
        "min_height": 0.0,
        "building": "yes"
      },
      "geometry": {
        "type": "Polygon",
        "coordinates": [
          [
            [
              72.8744395,
              19.0669336
            ],
            [
              72.8744744,
              19.0669301
            ],
            [
              72.8744803,
              19.0669826
            ],
            [
              72.8745637,
              19.0669742
            ],
            [
              72.8745692,
              19.0670226
            ],
            [
              72.8747092,
              19.0670084
            ],
            [
              72.8746974,
              19.0669041
            ],
            [
              72.8745521,
              19.0669188
            ],
            [
              72.8745455,
              19.0668601
            ],
            [
              72.8744325,
              19.0668715
            ],
            [
              72.8744395,
              19.0669336
            ]
          ]
        ]
      }
    },
    {
      "type": "Feature",
      "properties": {
        "id": 357067908,
        "name": "BKC Office Block",
        "height": 25.0,
        "min_height": 0.0,
        "building": "yes"
      },
      "geometry": {
        "type": "Polygon",
        "coordinates": [
          [
            [
              72.8769402,
              19.0612892
            ],
            [
              72.8769501,
              19.0614012
            ],
            [
              72.877013,
              19.0613963
            ],
            [
              72.8770031,
              19.0612843
            ],
            [
              72.8769402,
              19.0612892
            ]
          ]
        ]
      }
    },
    {
      "type": "Feature",
      "properties": {
        "id": 357067909,
        "name": "BKC Office Block",
        "height": 15.0,
        "min_height": 0.0,
        "building": "yes"
      },
      "geometry": {
        "type": "Polygon",
        "coordinates": [
          [
            [
              72.87727,
              19.0608098
            ],
            [
              72.8772996,
              19.0609591
            ],
            [
              72.8774567,
              19.0609313
            ],
            [
              72.8773935,
              19.0607932
            ],
            [
              72.87727,
              19.0608098
            ]
          ]
        ]
      }
    },
    {
      "type": "Feature",
      "properties": {
        "id": 357067910,
        "name": "BKC Office Block",
        "height": 15.0,
        "min_height": 0.0,
        "building": "yes"
      },
      "geometry": {
        "type": "Polygon",
        "coordinates": [
          [
            [
              72.8752281,
              19.0678753
            ],
            [
              72.8755445,
              19.0678262
            ],
            [
              72.8755349,
              19.0677709
            ],
            [
              72.8755925,
              19.067762
            ],
            [
              72.87556,
              19.0675749
            ],
            [
              72.8754624,
              19.06759
            ],
            [
              72.8754802,
              19.0676923
            ],
            [
              72.8754347,
              19.0676993
            ],
            [
              72.8754237,
              19.0676357
            ],
            [
              72.8751927,
              19.0676715
            ],
            [
              72.8752281,
              19.0678753
            ]
          ]
        ]
      }
    },
    {
      "type": "Feature",
      "properties": {
        "id": 357067912,
        "name": "BKC Office Block",
        "height": 50.0,
        "min_height": 0.0,
        "building": "yes"
      },
      "geometry": {
        "type": "Polygon",
        "coordinates": [
          [
            [
              72.8770152,
              19.0610655
            ],
            [
              72.8770291,
              19.0612204
            ],
            [
              72.8771564,
              19.0612103
            ],
            [
              72.8771487,
              19.0611251
            ],
            [
              72.8771055,
              19.0611285
            ],
            [
              72.8770993,
              19.0610588
            ],
            [
              72.8770152,
              19.0610655
            ]
          ]
        ]
      }
    },
    {
      "type": "Feature",
      "properties": {
        "id": 357069654,
        "name": "BKC Office Block",
        "height": 15.0,
        "min_height": 0.0,
        "building": "yes"
      },
      "geometry": {
        "type": "Polygon",
        "coordinates": [
          [
            [
              72.8714996,
              19.0527398
            ],
            [
              72.8715707,
              19.0527402
            ],
            [
              72.8715717,
              19.0525825
            ],
            [
              72.8715006,
              19.0525821
            ],
            [
              72.8714996,
              19.0527398
            ]
          ]
        ]
      }
    },
    {
      "type": "Feature",
      "properties": {
        "id": 357069655,
        "name": "BKC Office Block",
        "height": 15.0,
        "min_height": 0.0,
        "building": "yes"
      },
      "geometry": {
        "type": "Polygon",
        "coordinates": [
          [
            [
              72.8709279,
              19.0522661
            ],
            [
              72.8711066,
              19.0522107
            ],
            [
              72.8710828,
              19.0521422
            ],
            [
              72.8709041,
              19.0521976
            ],
            [
              72.8709279,
              19.0522661
            ]
          ]
        ]
      }
    },
    {
      "type": "Feature",
      "properties": {
        "id": 357069656,
        "name": "BKC Office Block",
        "height": 25.0,
        "min_height": 0.0,
        "building": "yes"
      },
      "geometry": {
        "type": "Polygon",
        "coordinates": [
          [
            [
              72.8706959,
              19.0518585
            ],
            [
              72.8708229,
              19.0521488
            ],
            [
              72.871091,
              19.052044
            ],
            [
              72.8710556,
              19.0519631
            ],
            [
              72.8708974,
              19.052025
            ],
            [
              72.8708383,
              19.05189
            ],
            [
              72.8709966,
              19.0518281
            ],
            [
              72.870964,
              19.0517536
            ],
            [
              72.8706959,
              19.0518585
            ]
          ]
        ]
      }
    },
    {
      "type": "Feature",
      "properties": {
        "id": 357364448,
        "name": "Mumbai University Canteen",
        "height": 15.0,
        "min_height": 0.0,
        "building": "yes"
      },
      "geometry": {
        "type": "Polygon",
        "coordinates": [
          [
            [
              72.8591376,
              19.0708106
            ],
            [
              72.8591743,
              19.0707813
            ],
            [
              72.8591188,
              19.0707193
            ],
            [
              72.8590822,
              19.0707485
            ],
            [
              72.8590077,
              19.070665
            ],
            [
              72.8589432,
              19.0707164
            ],
            [
              72.8590178,
              19.0708001
            ],
            [
              72.8589863,
              19.0708253
            ],
            [
              72.8590418,
              19.0708873
            ],
            [
              72.8590732,
              19.0708621
            ],
            [
              72.8591145,
              19.0709085
            ],
            [
              72.859179,
              19.0708571
            ],
            [
              72.8591376,
              19.0708106
            ]
          ]
        ]
      }
    },
    {
      "type": "Feature",
      "properties": {
        "id": 357364449,
        "name": "Jeevanshree CHS",
        "height": 15.0,
        "min_height": 0.0,
        "building": "apartments"
      },
      "geometry": {
        "type": "Polygon",
        "coordinates": [
          [
            [
              72.8532197,
              19.0616256
            ],
            [
              72.8531636,
              19.0617176
            ],
            [
              72.8531911,
              19.0617326
            ],
            [
              72.8531736,
              19.0617613
            ],
            [
              72.853146,
              19.0617463
            ],
            [
              72.8531317,
              19.0617697
            ],
            [
              72.8531489,
              19.0617791
            ],
            [
              72.8531358,
              19.0618006
            ],
            [
              72.8531186,
              19.0617912
            ],
            [
              72.8530944,
              19.0618309
            ],
            [
              72.853192,
              19.0618842
            ],
            [
              72.853246,
              19.0617958
            ],
            [
              72.853313,
              19.0618323
            ],
            [
              72.8533843,
              19.0617154
            ],
            [
              72.8532197,
              19.0616256
            ]
          ]
        ]
      }
    },
    {
      "type": "Feature",
      "properties": {
        "id": 357364451,
        "name": "BKC Office Block",
        "height": 35.0,
        "min_height": 0.0,
        "building": "yes"
      },
      "geometry": {
        "type": "Polygon",
        "coordinates": [
          [
            [
              72.8576294,
              19.0701492
            ],
            [
              72.8577477,
              19.0702826
            ],
            [
              72.8578573,
              19.0701958
            ],
            [
              72.8578192,
              19.0701529
            ],
            [
              72.8577879,
              19.0701047
            ],
            [
              72.8577938,
              19.0700633
            ],
            [
              72.8578416,
              19.0700339
            ],
            [
              72.8578301,
              19.0700197
            ],
            [
              72.8578798,
              19.069984
            ],
            [
              72.8578001,
              19.069885
            ],
            [
              72.8576457,
              19.0699961
            ],
            [
              72.8577021,
              19.070058
            ],
            [
              72.8577041,
              19.0700971
            ],
            [
              72.8576294,
              19.0701492
            ]
          ]
        ]
      }
    },
    {
      "type": "Feature",
      "properties": {
        "id": 357364452,
        "name": "BKC Office Block",
        "height": 15.0,
        "min_height": 0.0,
        "building": "yes"
      },
      "geometry": {
        "type": "Polygon",
        "coordinates": [
          [
            [
              72.8541086,
              19.060277
            ],
            [
              72.8541412,
              19.0602967
            ],
            [
              72.8541255,
              19.0603199
            ],
            [
              72.8542183,
              19.0603761
            ],
            [
              72.8542369,
              19.0603487
            ],
            [
              72.8542727,
              19.0603704
            ],
            [
              72.8543046,
              19.0603233
            ],
            [
              72.8542909,
              19.060315
            ],
            [
              72.8543136,
              19.0602814
            ],
            [
              72.8542956,
              19.0602705
            ],
            [
              72.8543215,
              19.0602323
            ],
            [
              72.8542194,
              19.0601706
            ],
            [
              72.8542057,
              19.0601909
            ],
            [
              72.8541782,
              19.0601742
            ],
            [
              72.8541086,
              19.060277
            ]
          ]
        ]
      }
    },
    {
      "type": "Feature",
      "properties": {
        "id": 357364454,
        "name": "BKC Office Block",
        "height": 25.0,
        "min_height": 0.0,
        "building": "yes"
      },
      "geometry": {
        "type": "Polygon",
        "coordinates": [
          [
            [
              72.8565712,
              19.0675811
            ],
            [
              72.8566101,
              19.0676243
            ],
            [
              72.8566405,
              19.0676013
            ],
            [
              72.8565711,
              19.0675197
            ],
            [
              72.8565398,
              19.0675434
            ],
            [
              72.8565023,
              19.0675018
            ],
            [
              72.8564181,
              19.067566
            ],
            [
              72.8564219,
              19.0675751
            ],
            [
              72.8564108,
              19.0675819
            ],
            [
              72.8563998,
              19.0675687
            ],
            [
              72.8563753,
              19.0675837
            ],
            [
              72.8563868,
              19.0675969
            ],
            [
              72.8563703,
              19.0676065
            ],
            [
              72.8564062,
              19.0676486
            ],
            [
              72.8563959,
              19.0676569
            ],
            [
              72.8564243,
              19.0676878
            ],
            [
              72.8564373,
              19.0676782
            ],
            [
              72.8564587,
              19.0676949
            ],
            [
              72.8565345,
              19.0676331
            ],
            [
              72.8565263,
              19.0676202
            ],
            [
              72.8565712,
              19.0675811
            ]
          ]
        ]
      }
    },
    {
      "type": "Feature",
      "properties": {
        "id": 357364461,
        "name": "BKC Office Block",
        "height": 25.0,
        "min_height": 0.0,
        "building": "yes"
      },
      "geometry": {
        "type": "Polygon",
        "coordinates": [
          [
            [
              72.8526092,
              19.0551415
            ],
            [
              72.8526643,
              19.0551925
            ],
            [
              72.8527289,
              19.0551302
            ],
            [
              72.8526737,
              19.0550791
            ],
            [
              72.8526092,
              19.0551415
            ]
          ]
        ]
      }
    },
    {
      "type": "Feature",
      "properties": {
        "id": 357364462,
        "name": "BKC Office Block",
        "height": 15.0,
        "min_height": 0.0,
        "building": "yes"
      },
      "geometry": {
        "type": "Polygon",
        "coordinates": [
          [
            [
              72.8517838,
              19.0582699
            ],
            [
              72.8520204,
              19.0584743
            ],
            [
              72.8520985,
              19.0583934
            ],
            [
              72.851862,
              19.0581891
            ],
            [
              72.8517838,
              19.0582699
            ]
          ]
        ]
      }
    },
    {
      "type": "Feature",
      "properties": {
        "id": 357364468,
        "name": "BKC Office Block",
        "height": 70.0,
        "min_height": 0.0,
        "building": "yes"
      },
      "geometry": {
        "type": "Polygon",
        "coordinates": [
          [
            [
              72.8595733,
              19.0705634
            ],
            [
              72.8597514,
              19.0707626
            ],
            [
              72.8598185,
              19.070709
            ],
            [
              72.8596404,
              19.0705098
            ],
            [
              72.8595733,
              19.0705634
            ]
          ]
        ]
      }
    },
    {
      "type": "Feature",
      "properties": {
        "id": 357364477,
        "name": "BKC Office Block",
        "height": 25.0,
        "min_height": 0.0,
        "building": "yes"
      },
      "geometry": {
        "type": "Polygon",
        "coordinates": [
          [
            [
              72.8544676,
              19.0603406
            ],
            [
              72.8545302,
              19.0602862
            ],
            [
              72.8545488,
              19.0601684
            ],
            [
              72.854423,
              19.0601127
            ],
            [
              72.8543187,
              19.060225
            ],
            [
              72.8544676,
              19.0603406
            ]
          ]
        ]
      }
    },
    {
      "type": "Feature",
      "properties": {
        "id": 357364480,
        "name": "BKC Office Block",
        "height": 35.0,
        "min_height": 0.0,
        "building": "yes"
      },
      "geometry": {
        "type": "Polygon",
        "coordinates": [
          [
            [
              72.8625879,
              19.0716954
            ],
            [
              72.8627542,
              19.0717172
            ],
            [
              72.8627771,
              19.0715615
            ],
            [
              72.8626423,
              19.0715439
            ],
            [
              72.8626328,
              19.0716084
            ],
            [
              72.8626013,
              19.0716043
            ],
            [
              72.8625879,
              19.0716954
            ]
          ]
        ]
      }
    },
    {
      "type": "Feature",
      "properties": {
        "id": 357364481,
        "name": "BKC Office Block",
        "height": 35.0,
        "min_height": 0.0,
        "building": "yes"
      },
      "geometry": {
        "type": "Polygon",
        "coordinates": [
          [
            [
              72.8566326,
              19.0687178
            ],
            [
              72.8566775,
              19.0687694
            ],
            [
              72.856659,
              19.0687838
            ],
            [
              72.856697,
              19.0688275
            ],
            [
              72.8567155,
              19.0688131
            ],
            [
              72.8567518,
              19.068855
            ],
            [
              72.8568422,
              19.0687848
            ],
            [
              72.856723,
              19.0686476
            ],
            [
              72.8566326,
              19.0687178
            ]
          ]
        ]
      }
    },
    {
      "type": "Feature",
      "properties": {
        "id": 357364482,
        "name": "Alkesh Dinesh Modi Institute",
        "height": 70.0,
        "min_height": 0.0,
        "building": "yes"
      },
      "geometry": {
        "type": "Polygon",
        "coordinates": [
          [
            [
              72.8587999,
              19.0700376
            ],
            [
              72.8588503,
              19.0694216
            ],
            [
              72.8585816,
              19.069402
            ],
            [
              72.8585705,
              19.0695372
            ],
            [
              72.8583173,
              19.0695187
            ],
            [
              72.8582974,
              19.0697616
            ],
            [
              72.8585094,
              19.0697771
            ],
            [
              72.85849,
              19.0700149
            ],
            [
              72.8587999,
              19.0700376
            ]
          ]
        ]
      }
    },
    {
      "type": "Feature",
      "properties": {
        "id": 357364486,
        "name": "BKC Office Block",
        "height": 25.0,
        "min_height": 0.0,
        "building": "yes"
      },
      "geometry": {
        "type": "Polygon",
        "coordinates": [
          [
            [
              72.8615927,
              19.072127
            ],
            [
              72.8617142,
              19.0721715
            ],
            [
              72.8617529,
              19.0720775
            ],
            [
              72.8618621,
              19.0721175
            ],
            [
              72.8619203,
              19.0719749
            ],
            [
              72.8618613,
              19.0719501
            ],
            [
              72.8618512,
              19.0719717
            ],
            [
              72.8617726,
              19.0719388
            ],
            [
              72.8617851,
              19.0719122
            ],
            [
              72.8617231,
              19.0718668
            ],
            [
              72.861649,
              19.0719789
            ],
            [
              72.8615927,
              19.072127
            ]
          ]
        ]
      }
    },
    {
      "type": "Feature",
      "properties": {
        "id": 357403001,
        "name": "BKC Office Block",
        "height": 21.0,
        "min_height": 0.0,
        "building": "yes"
      },
      "geometry": {
        "type": "Polygon",
        "coordinates": [
          [
            [
              72.8623544,
              19.0693537
            ],
            [
              72.8623362,
              19.069505
            ],
            [
              72.8623611,
              19.0695077
            ],
            [
              72.8623501,
              19.0695985
            ],
            [
              72.8624594,
              19.0696102
            ],
            [
              72.8624636,
              19.0695756
            ],
            [
              72.862581,
              19.0695882
            ],
            [
              72.8625775,
              19.0696172
            ],
            [
              72.8626667,
              19.0696268
            ],
            [
              72.8626856,
              19.0694694
            ],
            [
              72.8626317,
              19.0694636
            ],
            [
              72.8626412,
              19.0693845
            ],
            [
              72.8623544,
              19.0693537
            ]
          ]
        ]
      }
    },
    {
      "type": "Feature",
      "properties": {
        "id": 357403008,
        "name": "BKC Office Block",
        "height": 15.0,
        "min_height": 0.0,
        "building": "yes"
      },
      "geometry": {
        "type": "Polygon",
        "coordinates": [
          [
            [
              72.8618372,
              19.0612977
            ],
            [
              72.861822,
              19.0614715
            ],
            [
              72.8619237,
              19.0614472
            ],
            [
              72.8620243,
              19.0614061
            ],
            [
              72.8621154,
              19.0613508
            ],
            [
              72.8622024,
              19.0612789
            ],
            [
              72.8622744,
              19.0611761
            ],
            [
              72.8623253,
              19.0610609
            ],
            [
              72.8621352,
              19.0610542
            ],
            [
              72.8621111,
              19.0610738
            ],
            [
              72.8621279,
              19.0610922
            ],
            [
              72.8618879,
              19.0612883
            ],
            [
              72.8618711,
              19.06127
            ],
            [
              72.8618372,
              19.0612977
            ]
          ]
        ]
      }
    },
    {
      "type": "Feature",
      "properties": {
        "id": 357403010,
        "name": "BKC Office Block",
        "height": 28.0,
        "min_height": 0.0,
        "building": "yes"
      },
      "geometry": {
        "type": "Polygon",
        "coordinates": [
          [
            [
              72.8613676,
              19.0691255
            ],
            [
              72.8613259,
              19.069461
            ],
            [
              72.8614258,
              19.0694723
            ],
            [
              72.8614186,
              19.0695297
            ],
            [
              72.861715,
              19.0695626
            ],
            [
              72.8617091,
              19.0696103
            ],
            [
              72.8618871,
              19.0696061
            ],
            [
              72.8618951,
              19.0695607
            ],
            [
              72.8622397,
              19.0695991
            ],
            [
              72.8622451,
              19.0695554
            ],
            [
              72.8622795,
              19.0695592
            ],
            [
              72.8623077,
              19.0693336
            ],
            [
              72.8622732,
              19.0693298
            ],
            [
              72.8622858,
              19.0692276
            ],
            [
              72.8613676,
              19.0691255
            ]
          ]
        ]
      }
    },
    {
      "type": "Feature",
      "properties": {
        "id": 357403011,
        "name": "BKC Office Block",
        "height": 35.0,
        "min_height": 0.0,
        "building": "yes"
      },
      "geometry": {
        "type": "Polygon",
        "coordinates": [
          [
            [
              72.8604921,
              19.0650863
            ],
            [
              72.8605546,
              19.0656568
            ],
            [
              72.8607415,
              19.0656481
            ],
            [
              72.8608594,
              19.065525
            ],
            [
              72.8609286,
              19.0654868
            ],
            [
              72.8609594,
              19.0653996
            ],
            [
              72.861092,
              19.0652088
            ],
            [
              72.861242,
              19.0652034
            ],
            [
              72.8612189,
              19.0651161
            ],
            [
              72.8611574,
              19.0650544
            ],
            [
              72.8610862,
              19.0650126
            ],
            [
              72.8609788,
              19.0649995
            ],
            [
              72.8609978,
              19.0651252
            ],
            [
              72.8606191,
              19.0651616
            ],
            [
              72.860596,
              19.0650762
            ],
            [
              72.8604921,
              19.0650863
            ]
          ]
        ]
      }
    },
    {
      "type": "Feature",
      "properties": {
        "id": 357403017,
        "name": "BKC Office Block",
        "height": 28.0,
        "min_height": 0.0,
        "building": "yes"
      },
      "geometry": {
        "type": "Polygon",
        "coordinates": [
          [
            [
              72.8621043,
              19.0684594
            ],
            [
              72.8620869,
              19.0685063
            ],
            [
              72.8620914,
              19.0685448
            ],
            [
              72.8621106,
              19.0686447
            ],
            [
              72.8621116,
              19.0686611
            ],
            [
              72.862127,
              19.0687283
            ],
            [
              72.8621645,
              19.068831
            ],
            [
              72.8622068,
              19.0689391
            ],
            [
              72.8622894,
              19.0690372
            ],
            [
              72.8623846,
              19.0691063
            ],
            [
              72.8624903,
              19.0691499
            ],
            [
              72.862598,
              19.0691699
            ],
            [
              72.8627105,
              19.069178
            ],
            [
              72.8627108,
              19.0691305
            ],
            [
              72.8628277,
              19.0691044
            ],
            [
              72.8628934,
              19.0690406
            ],
            [
              72.8629023,
              19.0689744
            ],
            [
              72.8626749,
              19.0687556
            ],
            [
              72.8624073,
              19.0685683
            ],
            [
              72.8623823,
              19.0686191
            ],
            [
              72.8621043,
              19.0684594
            ]
          ]
        ]
      }
    },
    {
      "type": "Feature",
      "properties": {
        "id": 357403020,
        "name": "BKC Office Block",
        "height": 25.0,
        "min_height": 0.0,
        "building": "yes"
      },
      "geometry": {
        "type": "Polygon",
        "coordinates": [
          [
            [
              72.8618787,
              19.0645235
            ],
            [
              72.8618783,
              19.0646015
            ],
            [
              72.8619283,
              19.0646624
            ],
            [
              72.8620106,
              19.0646649
            ],
            [
              72.8621301,
              19.0645472
            ],
            [
              72.8622054,
              19.0645515
            ],
            [
              72.8623194,
              19.0646677
            ],
            [
              72.8624209,
              19.0646755
            ],
            [
              72.8624604,
              19.0646454
            ],
            [
              72.862451,
              19.0645381
            ],
            [
              72.8627175,
              19.0643061
            ],
            [
              72.8628091,
              19.0643241
            ],
            [
              72.8628492,
              19.0642906
            ],
            [
              72.8628417,
              19.0641981
            ],
            [
              72.862728,
              19.064076
            ],
            [
              72.8627194,
              19.0640009
            ],
            [
              72.8628549,
              19.0639046
            ],
            [
              72.8628578,
              19.0638219
            ],
            [
              72.8627276,
              19.0637737
            ],
            [
              72.8625454,
              19.0639037
            ],
            [
              72.8625406,
              19.0639455
            ],
            [
              72.8624781,
              19.06394
            ],
            [
              72.8624666,
              19.0639682
            ],
            [
              72.8625223,
              19.0639809
            ],
            [
              72.8625223,
              19.0641254
            ],
            [
              72.8624647,
              19.0641227
            ],
            [
              72.862455,
              19.0641554
            ],
            [
              72.8625214,
              19.0641681
            ],
            [
              72.86253,
              19.0642335
            ],
            [
              72.8623878,
              19.0643616
            ],
            [
              72.8623195,
              19.0642817
            ],
            [
              72.862283,
              19.0642917
            ],
            [
              72.862283,
              19.0643298
            ],
            [
              72.862134,
              19.0643289
            ],
            [
              72.8621301,
              19.0642798
            ],
            [
              72.8620946,
              19.0642871
            ],
            [
              72.8620965,
              19.064358
            ],
            [
              72.8620369,
              19.0643534
            ],
            [
              72.8618787,
              19.0645235
            ]
          ]
        ]
      }
    },
    {
      "type": "Feature",
      "properties": {
        "id": 357403030,
        "name": "BKC Office Block",
        "height": 35.0,
        "min_height": 0.0,
        "building": "yes"
      },
      "geometry": {
        "type": "Polygon",
        "coordinates": [
          [
            [
              72.8584937,
              19.0627415
            ],
            [
              72.8585825,
              19.0627911
            ],
            [
              72.8586967,
              19.0626087
            ],
            [
              72.8586079,
              19.0625591
            ],
            [
              72.8584937,
              19.0627415
            ]
          ]
        ]
      }
    },
    {
      "type": "Feature",
      "properties": {
        "id": 357403033,
        "name": "BKC Office Block",
        "height": 35.0,
        "min_height": 0.0,
        "building": "yes"
      },
      "geometry": {
        "type": "Polygon",
        "coordinates": [
          [
            [
              72.8578614,
              19.0623231
            ],
            [
              72.8584487,
              19.0626533
            ],
            [
              72.8584977,
              19.0625755
            ],
            [
              72.8579104,
              19.0622453
            ],
            [
              72.8578614,
              19.0623231
            ]
          ]
        ]
      }
    },
    {
      "type": "Feature",
      "properties": {
        "id": 357403036,
        "name": "BKC Office Block",
        "height": 15.0,
        "min_height": 0.0,
        "building": "yes"
      },
      "geometry": {
        "type": "Polygon",
        "coordinates": [
          [
            [
              72.8579321,
              19.0622019
            ],
            [
              72.8584956,
              19.062515
            ],
            [
              72.8585288,
              19.0624539
            ],
            [
              72.857976,
              19.0621328
            ],
            [
              72.8579321,
              19.0622019
            ]
          ]
        ]
      }
    },
    {
      "type": "Feature",
      "properties": {
        "id": 357403069,
        "name": "BKC Office Block",
        "height": 25.0,
        "min_height": 0.0,
        "building": "yes"
      },
      "geometry": {
        "type": "Polygon",
        "coordinates": [
          [
            [
              72.8586184,
              19.0628074
            ],
            [
              72.8587047,
              19.0628542
            ],
            [
              72.8588097,
              19.0626676
            ],
            [
              72.8587321,
              19.0626218
            ],
            [
              72.8586184,
              19.0628074
            ]
          ]
        ]
      }
    },
    {
      "type": "Feature",
      "properties": {
        "id": 357403084,
        "name": "BKC Office Block",
        "height": 50.0,
        "min_height": 0.0,
        "building": "yes"
      },
      "geometry": {
        "type": "Polygon",
        "coordinates": [
          [
            [
              72.861595,
              19.0655256
            ],
            [
              72.8616873,
              19.0654129
            ],
            [
              72.861503,
              19.065278
            ],
            [
              72.8614107,
              19.0653907
            ],
            [
              72.861595,
              19.0655256
            ]
          ]
        ]
      }
    },
    {
      "type": "Feature",
      "properties": {
        "id": 358330919,
        "name": "BKC Office Block",
        "height": 50.0,
        "min_height": 0.0,
        "building": "yes"
      },
      "geometry": {
        "type": "Polygon",
        "coordinates": [
          [
            [
              72.8706185,
              19.0688677
            ],
            [
              72.8707082,
              19.0688009
            ],
            [
              72.8706504,
              19.0687315
            ],
            [
              72.8707521,
              19.0685698
            ],
            [
              72.8708374,
              19.0685888
            ],
            [
              72.8708632,
              19.0684854
            ],
            [
              72.8707695,
              19.0684645
            ],
            [
              72.8706987,
              19.0683749
            ],
            [
              72.8706022,
              19.068443
            ],
            [
              72.870667,
              19.068525
            ],
            [
              72.8705759,
              19.0686696
            ],
            [
              72.8704724,
              19.0686467
            ],
            [
              72.8704445,
              19.0687591
            ],
            [
              72.8705469,
              19.0687818
            ],
            [
              72.8706185,
              19.0688677
            ]
          ]
        ]
      }
    },
    {
      "type": "Feature",
      "properties": {
        "id": 358330920,
        "name": "BKC Office Block",
        "height": 70.0,
        "min_height": 0.0,
        "building": "yes"
      },
      "geometry": {
        "type": "Polygon",
        "coordinates": [
          [
            [
              72.8632523,
              19.0716679
            ],
            [
              72.8633223,
              19.0716709
            ],
            [
              72.8633243,
              19.0716304
            ],
            [
              72.8633367,
              19.0716309
            ],
            [
              72.863339,
              19.0715835
            ],
            [
              72.8633731,
              19.071585
            ],
            [
              72.8633743,
              19.07156
            ],
            [
              72.8634549,
              19.0715646
            ],
            [
              72.8634529,
              19.0716064
            ],
            [
              72.863608,
              19.0716151
            ],
            [
              72.863613,
              19.0715292
            ],
            [
              72.8634932,
              19.0715225
            ],
            [
              72.8634958,
              19.0714787
            ],
            [
              72.8633128,
              19.0714687
            ],
            [
              72.8633072,
              19.0715589
            ],
            [
              72.8632577,
              19.0715567
            ],
            [
              72.8632523,
              19.0716679
            ]
          ]
        ]
      }
    },
    {
      "type": "Feature",
      "properties": {
        "id": 358330921,
        "name": "BKC Office Block",
        "height": 25.0,
        "min_height": 0.0,
        "building": "yes"
      },
      "geometry": {
        "type": "Polygon",
        "coordinates": [
          [
            [
              72.8703001,
              19.0685331
            ],
            [
              72.8703716,
              19.0685773
            ],
            [
              72.8704099,
              19.0685139
            ],
            [
              72.8703787,
              19.0684971
            ],
            [
              72.8704277,
              19.0684279
            ],
            [
              72.8704459,
              19.0684388
            ],
            [
              72.8704839,
              19.0683832
            ],
            [
              72.8704242,
              19.0683579
            ],
            [
              72.8704488,
              19.0683204
            ],
            [
              72.8703596,
              19.0682682
            ],
            [
              72.8703141,
              19.0683377
            ],
            [
              72.8703325,
              19.0683485
            ],
            [
              72.8702461,
              19.0684801
            ],
            [
              72.8701776,
              19.0684393
            ],
            [
              72.8701444,
              19.0684889
            ],
            [
              72.8701652,
              19.0685013
            ],
            [
              72.870118,
              19.0685722
            ],
            [
              72.8700971,
              19.0685599
            ],
            [
              72.87006,
              19.0686155
            ],
            [
              72.8701319,
              19.0686555
            ],
            [
              72.8701125,
              19.0686815
            ],
            [
              72.8701965,
              19.0687289
            ],
            [
              72.8702351,
              19.0686724
            ],
            [
              72.8702098,
              19.0686625
            ],
            [
              72.8703001,
              19.0685331
            ]
          ]
        ]
      }
    },
    {
      "type": "Feature",
      "properties": {
        "id": 358330922,
        "name": "BKC Office Block",
        "height": 15.0,
        "min_height": 0.0,
        "building": "yes"
      },
      "geometry": {
        "type": "Polygon",
        "coordinates": [
          [
            [
              72.8773871,
              19.0693512
            ],
            [
              72.8775549,
              19.0693888
            ],
            [
              72.8775982,
              19.0692162
            ],
            [
              72.8774303,
              19.0691786
            ],
            [
              72.8773871,
              19.0693512
            ]
          ]
        ]
      }
    },
    {
      "type": "Feature",
      "properties": {
        "id": 358330923,
        "name": "BKC Office Block",
        "height": 15.0,
        "min_height": 0.0,
        "building": "yes"
      },
      "geometry": {
        "type": "Polygon",
        "coordinates": [
          [
            [
              72.8753541,
              19.0687703
            ],
            [
              72.8753752,
              19.0689674
            ],
            [
              72.875473,
              19.0689581
            ],
            [
              72.8754703,
              19.0689327
            ],
            [
              72.8754245,
              19.0689371
            ],
            [
              72.8754107,
              19.068809
            ],
            [
              72.8754643,
              19.0688038
            ],
            [
              72.8754596,
              19.0687602
            ],
            [
              72.8753541,
              19.0687703
            ]
          ]
        ]
      }
    },
    {
      "type": "Feature",
      "properties": {
        "id": 358330924,
        "name": "BKC Office Block",
        "height": 50.0,
        "min_height": 0.0,
        "building": "yes"
      },
      "geometry": {
        "type": "Polygon",
        "coordinates": [
          [
            [
              72.8686912,
              19.0716681
            ],
            [
              72.8687043,
              19.0716757
            ],
            [
              72.8687174,
              19.0716832
            ],
            [
              72.8687306,
              19.0716908
            ],
            [
              72.8687437,
              19.0716984
            ],
            [
              72.8687699,
              19.0717135
            ],
            [
              72.8687962,
              19.0717287
            ],
            [
              72.8688157,
              19.0716984
            ],
            [
              72.8688255,
              19.0716833
            ],
            [
              72.8688353,
              19.0716681
            ],
            [
              72.8688451,
              19.071653
            ],
            [
              72.8688548,
              19.0716378
            ],
            [
              72.8688744,
              19.0716076
            ],
            [
              72.8688939,
              19.0715773
            ],
            [
              72.8689135,
              19.071547
            ],
            [
              72.868933,
              19.0715168
            ],
            [
              72.8689526,
              19.0714865
            ],
            [
              72.8689263,
              19.0714713
            ],
            [
              72.8689001,
              19.0714562
            ],
            [
              72.8688794,
              19.0714443
            ],
            [
              72.8688476,
              19.0714259
            ],
            [
              72.8688281,
              19.0714555
            ],
            [
              72.8688085,
              19.0714851
            ],
            [
              72.868789,
              19.0715147
            ],
            [
              72.8687694,
              19.0715443
            ],
            [
              72.8687515,
              19.0715749
            ],
            [
              72.8687425,
              19.0715902
            ],
            [
              72.8687336,
              19.0716055
            ],
            [
              72.8687124,
              19.0716368
            ],
            [
              72.8687018,
              19.0716524
            ],
            [
              72.8686912,
              19.0716681
            ]
          ]
        ]
      }
    },
    {
      "type": "Feature",
      "properties": {
        "id": 358330925,
        "name": "BKC Office Block",
        "height": 35.0,
        "min_height": 0.0,
        "building": "yes"
      },
      "geometry": {
        "type": "Polygon",
        "coordinates": [
          [
            [
              72.8777607,
              19.0673887
            ],
            [
              72.8778338,
              19.0673705
            ],
            [
              72.8778151,
              19.0673035
            ],
            [
              72.877742,
              19.0673217
            ],
            [
              72.8777607,
              19.0673887
            ]
          ]
        ]
      }
    },
    {
      "type": "Feature",
      "properties": {
        "id": 358330926,
        "name": "BKC Office Block",
        "height": 15.0,
        "min_height": 0.0,
        "building": "yes"
      },
      "geometry": {
        "type": "Polygon",
        "coordinates": [
          [
            [
              72.8775289,
              19.0670579
            ],
            [
              72.8777389,
              19.0670215
            ],
            [
              72.8776991,
              19.0668893
            ],
            [
              72.87749,
              19.0669474
            ],
            [
              72.8775289,
              19.0670579
            ]
          ]
        ]
      }
    },
    {
      "type": "Feature",
      "properties": {
        "id": 358330927,
        "name": "BKC Office Block",
        "height": 50.0,
        "min_height": 0.0,
        "building": "yes"
      },
      "geometry": {
        "type": "Polygon",
        "coordinates": [
          [
            [
              72.8748398,
              19.0690039
            ],
            [
              72.8749519,
              19.0689926
            ],
            [
              72.8749289,
              19.0687898
            ],
            [
              72.8748528,
              19.0687975
            ],
            [
              72.874863,
              19.0688872
            ],
            [
              72.8748714,
              19.0688864
            ],
            [
              72.8748728,
              19.0688987
            ],
            [
              72.8748466,
              19.0689013
            ],
            [
              72.8748553,
              19.0689782
            ],
            [
              72.8748371,
              19.06898
            ],
            [
              72.8748398,
              19.0690039
            ]
          ]
        ]
      }
    },
    {
      "type": "Feature",
      "properties": {
        "id": 358330929,
        "name": "Sapna Complex",
        "height": 25.0,
        "min_height": 0.0,
        "building": "yes"
      },
      "geometry": {
        "type": "Polygon",
        "coordinates": [
          [
            [
              72.8797465,
              19.0717254
            ],
            [
              72.8796651,
              19.0717604
            ],
            [
              72.8797181,
              19.0718703
            ],
            [
              72.8797995,
              19.0718353
            ],
            [
              72.8797465,
              19.0717254
            ]
          ]
        ]
      }
    },
    {
      "type": "Feature",
      "properties": {
        "id": 358330930,
        "name": "BKC Office Block",
        "height": 35.0,
        "min_height": 0.0,
        "building": "yes"
      },
      "geometry": {
        "type": "Polygon",
        "coordinates": [
          [
            [
              72.8711409,
              19.0702552
            ],
            [
              72.8712312,
              19.0701264
            ],
            [
              72.8710668,
              19.0700235
            ],
            [
              72.8711273,
              19.0699371
            ],
            [
              72.8709714,
              19.0698395
            ],
            [
              72.8708865,
              19.0699607
            ],
            [
              72.8709092,
              19.0699749
            ],
            [
              72.8708383,
              19.0700761
            ],
            [
              72.8708154,
              19.0700617
            ],
            [
              72.8707162,
              19.0702033
            ],
            [
              72.8707691,
              19.0702365
            ],
            [
              72.8707842,
              19.070215
            ],
            [
              72.8708935,
              19.0702834
            ],
            [
              72.8709826,
              19.0701562
            ],
            [
              72.8711409,
              19.0702552
            ]
          ]
        ]
      }
    },
    {
      "type": "Feature",
      "properties": {
        "id": 358330931,
        "name": "Kamali Bunglow",
        "height": 15.0,
        "min_height": 0.0,
        "building": "yes"
      },
      "geometry": {
        "type": "Polygon",
        "coordinates": [
          [
            [
              72.8797545,
              19.0719827
            ],
            [
              72.8798393,
              19.0719508
            ],
            [
              72.8798653,
              19.071941
            ],
            [
              72.8798307,
              19.0718589
            ],
            [
              72.8797199,
              19.0719006
            ],
            [
              72.8797312,
              19.0719275
            ],
            [
              72.8797545,
              19.0719827
            ]
          ]
        ]
      }
    },
    {
      "type": "Feature",
      "properties": {
        "id": 358330933,
        "name": "BKC Office Block",
        "height": 15.0,
        "min_height": 0.0,
        "building": "yes"
      },
      "geometry": {
        "type": "Polygon",
        "coordinates": [
          [
            [
              72.8777247,
              19.0673158
            ],
            [
              72.8778179,
              19.0672967
            ],
            [
              72.8777881,
              19.0671665
            ],
            [
              72.8776948,
              19.0671855
            ],
            [
              72.8777247,
              19.0673158
            ]
          ]
        ]
      }
    },
    {
      "type": "Feature",
      "properties": {
        "id": 358330934,
        "name": "BKC Office Block",
        "height": 15.0,
        "min_height": 0.0,
        "building": "yes"
      },
      "geometry": {
        "type": "Polygon",
        "coordinates": [
          [
            [
              72.8727559,
              19.0605936
            ],
            [
              72.8728081,
              19.0606632
            ],
            [
              72.8729087,
              19.0605957
            ],
            [
              72.8728565,
              19.0605262
            ],
            [
              72.8727559,
              19.0605936
            ]
          ]
        ]
      }
    },
    {
      "type": "Feature",
      "properties": {
        "id": 358330935,
        "name": "BKC Office Block",
        "height": 70.0,
        "min_height": 0.0,
        "building": "yes"
      },
      "geometry": {
        "type": "Polygon",
        "coordinates": [
          [
            [
              72.8760347,
              19.065382
            ],
            [
              72.8760529,
              19.0655323
            ],
            [
              72.8761597,
              19.0655207
            ],
            [
              72.8761415,
              19.0653705
            ],
            [
              72.8760347,
              19.065382
            ]
          ]
        ]
      }
    },
    {
      "type": "Feature",
      "properties": {
        "id": 358330936,
        "name": "BKC Office Block",
        "height": 25.0,
        "min_height": 0.0,
        "building": "yes"
      },
      "geometry": {
        "type": "Polygon",
        "coordinates": [
          [
            [
              72.8687558,
              19.0721593
            ],
            [
              72.8688142,
              19.0719563
            ],
            [
              72.8687496,
              19.0719397
            ],
            [
              72.8686956,
              19.072033
            ],
            [
              72.8686659,
              19.0721362
            ],
            [
              72.8687558,
              19.0721593
            ]
          ]
        ]
      }
    },
    {
      "type": "Feature",
      "properties": {
        "id": 358330938,
        "name": "BKC Office Block",
        "height": 15.0,
        "min_height": 0.0,
        "building": "yes"
      },
      "geometry": {
        "type": "Polygon",
        "coordinates": [
          [
            [
              72.8727288,
              19.0605232
            ],
            [
              72.8728475,
              19.0604577
            ],
            [
              72.8728197,
              19.060424
            ],
            [
              72.8727866,
              19.0603997
            ],
            [
              72.8727421,
              19.0604054
            ],
            [
              72.8727117,
              19.0604251
            ],
            [
              72.8727053,
              19.0604569
            ],
            [
              72.8727144,
              19.06049
            ],
            [
              72.8727288,
              19.0605232
            ]
          ]
        ]
      }
    },
    {
      "type": "Feature",
      "properties": {
        "id": 358330939,
        "name": "BKC Office Block",
        "height": 70.0,
        "min_height": 0.0,
        "building": "yes"
      },
      "geometry": {
        "type": "Polygon",
        "coordinates": [
          [
            [
              72.8747364,
              19.0641529
            ],
            [
              72.8747569,
              19.0641847
            ],
            [
              72.8747713,
              19.0641764
            ],
            [
              72.8748071,
              19.0642319
            ],
            [
              72.8747927,
              19.0642402
            ],
            [
              72.8748173,
              19.0642782
            ],
            [
              72.8748516,
              19.0642584
            ],
            [
              72.8748442,
              19.0642469
            ],
            [
              72.8748993,
              19.0642151
            ],
            [
              72.8748325,
              19.0641115
            ],
            [
              72.8747723,
              19.0641462
            ],
            [
              72.8747658,
              19.064136
            ],
            [
              72.8747364,
              19.0641529
            ]
          ]
        ]
      }
    },
    {
      "type": "Feature",
      "properties": {
        "id": 358330940,
        "name": "Sandeep Printers",
        "height": 15.0,
        "min_height": 0.0,
        "building": "commercial"
      },
      "geometry": {
        "type": "Polygon",
        "coordinates": [
          [
            [
              72.8788794,
              19.0699488
            ],
            [
              72.8790073,
              19.0698924
            ],
            [
              72.8789107,
              19.0696966
            ],
            [
              72.8788298,
              19.0697323
            ],
            [
              72.8788843,
              19.0698428
            ],
            [
              72.8788583,
              19.0698542
            ],
            [
              72.8788676,
              19.0698731
            ],
            [
              72.8788466,
              19.0698824
            ],
            [
              72.8788794,
              19.0699488
            ]
          ]
        ]
      }
    },
    {
      "type": "Feature",
      "properties": {
        "id": 358330941,
        "name": "BKC Office Block",
        "height": 50.0,
        "min_height": 0.0,
        "building": "yes"
      },
      "geometry": {
        "type": "Polygon",
        "coordinates": [
          [
            [
              72.8720147,
              19.0614496
            ],
            [
              72.8720715,
              19.0615797
            ],
            [
              72.8720527,
              19.061587
            ],
            [
              72.8720898,
              19.0616718
            ],
            [
              72.87217,
              19.0616405
            ],
            [
              72.8721404,
              19.0615728
            ],
            [
              72.8722443,
              19.0615323
            ],
            [
              72.87218,
              19.0613851
            ],
            [
              72.8720147,
              19.0614496
            ]
          ]
        ]
      }
    },
    {
      "type": "Feature",
      "properties": {
        "id": 358330942,
        "name": "BKC Office Block",
        "height": 25.0,
        "min_height": 0.0,
        "building": "yes"
      },
      "geometry": {
        "type": "Polygon",
        "coordinates": [
          [
            [
              72.8722522,
              19.061895
            ],
            [
              72.8722208,
              19.0618212
            ],
            [
              72.8721517,
              19.0618474
            ],
            [
              72.8722137,
              19.0619933
            ],
            [
              72.872406,
              19.0619244
            ],
            [
              72.8723809,
              19.0618616
            ],
            [
              72.8722988,
              19.0618922
            ],
            [
              72.8722934,
              19.0618796
            ],
            [
              72.8722522,
              19.061895
            ]
          ]
        ]
      }
    },
    {
      "type": "Feature",
      "properties": {
        "id": 358331946,
        "name": "BKC Office Block",
        "height": 35.0,
        "min_height": 0.0,
        "building": "yes"
      },
      "geometry": {
        "type": "Polygon",
        "coordinates": [
          [
            [
              72.8571925,
              19.0718337
            ],
            [
              72.8571556,
              19.0717997
            ],
            [
              72.8571171,
              19.071837
            ],
            [
              72.8571142,
              19.0718904
            ],
            [
              72.8571999,
              19.0719811
            ],
            [
              72.8572573,
              19.0719327
            ],
            [
              72.8573,
              19.0719846
            ],
            [
              72.8572394,
              19.0720336
            ],
            [
              72.8573154,
              19.0721176
            ],
            [
              72.857339,
              19.0720984
            ],
            [
              72.8573626,
              19.0721243
            ],
            [
              72.8574106,
              19.0720852
            ],
            [
              72.8574328,
              19.0720948
            ],
            [
              72.8574947,
              19.0720436
            ],
            [
              72.8574437,
              19.0719885
            ],
            [
              72.8574616,
              19.0719758
            ],
            [
              72.857468,
              19.0719758
            ],
            [
              72.8574925,
              19.0720033
            ],
            [
              72.8575899,
              19.0720108
            ],
            [
              72.8576193,
              19.0719816
            ],
            [
              72.8576213,
              19.0719367
            ],
            [
              72.8576383,
              19.071926
            ],
            [
              72.8576082,
              19.0718833
            ],
            [
              72.8575981,
              19.0718897
            ],
            [
              72.8575028,
              19.0718824
            ],
            [
              72.8574739,
              19.071908
            ],
            [
              72.8574304,
              19.071895
            ],
            [
              72.8574223,
              19.0719106
            ],
            [
              72.8574123,
              19.0719182
            ],
            [
              72.8573951,
              19.0719299
            ],
            [
              72.8573784,
              19.0719374
            ],
            [
              72.8573595,
              19.0719384
            ],
            [
              72.8573275,
              19.07193
            ],
            [
              72.8573068,
              19.0719131
            ],
            [
              72.8573018,
              19.0718965
            ],
            [
              72.8573015,
              19.0718678
            ],
            [
              72.8572695,
              19.0718664
            ],
            [
              72.8572064,
              19.0718202
            ],
            [
              72.8571925,
              19.0718337
            ]
          ]
        ]
      }
    },
    {
      "type": "Feature",
      "properties": {
        "id": 358331963,
        "name": "BKC Office Block",
        "height": 25.0,
        "min_height": 0.0,
        "building": "yes"
      },
      "geometry": {
        "type": "Polygon",
        "coordinates": [
          [
            [
              72.8621407,
              19.0719633
            ],
            [
              72.8622512,
              19.0719779
            ],
            [
              72.8622623,
              19.0719035
            ],
            [
              72.8622096,
              19.0718955
            ],
            [
              72.8621407,
              19.0719633
            ]
          ]
        ]
      }
    },
    {
      "type": "Feature",
      "properties": {
        "id": 358331972,
        "name": "BKC Office Block",
        "height": 70.0,
        "min_height": 0.0,
        "building": "yes"
      },
      "geometry": {
        "type": "Polygon",
        "coordinates": [
          [
            [
              72.8562054,
              19.0640565
            ],
            [
              72.8563743,
              19.0640702
            ],
            [
              72.856398,
              19.06381
            ],
            [
              72.8562291,
              19.0637963
            ],
            [
              72.8562054,
              19.0640565
            ]
          ]
        ]
      }
    },
    {
      "type": "Feature",
      "properties": {
        "id": 358331973,
        "name": "BKC Office Block",
        "height": 35.0,
        "min_height": 0.0,
        "building": "yes"
      },
      "geometry": {
        "type": "Polygon",
        "coordinates": [
          [
            [
              72.8619288,
              19.0718569
            ],
            [
              72.8620796,
              19.0717467
            ],
            [
              72.8620405,
              19.071699
            ],
            [
              72.8620789,
              19.0716709
            ],
            [
              72.8620015,
              19.0715763
            ],
            [
              72.8618123,
              19.0717145
            ],
            [
              72.8619288,
              19.0718569
            ]
          ]
        ]
      }
    },
    {
      "type": "Feature",
      "properties": {
        "id": 358331976,
        "name": "BKC Office Block",
        "height": 25.0,
        "min_height": 0.0,
        "building": "apartments"
      },
      "geometry": {
        "type": "Polygon",
        "coordinates": [
          [
            [
              72.8542353,
              19.0598686
            ],
            [
              72.854316,
              19.0598603
            ],
            [
              72.8542802,
              19.0595474
            ],
            [
              72.8541917,
              19.0595565
            ],
            [
              72.8542046,
              19.0596692
            ],
            [
              72.8541016,
              19.0596797
            ],
            [
              72.854112,
              19.0597708
            ],
            [
              72.8542228,
              19.0597596
            ],
            [
              72.8542353,
              19.0598686
            ]
          ]
        ]
      }
    },
    {
      "type": "Feature",
      "properties": {
        "id": 358354127,
        "name": "BKC Office Block",
        "height": 35.0,
        "min_height": 0.0,
        "building": "yes"
      },
      "geometry": {
        "type": "Polygon",
        "coordinates": [
          [
            [
              72.8798775,
              19.0610067
            ],
            [
              72.8799882,
              19.0610872
            ],
            [
              72.8800051,
              19.0610664
            ],
            [
              72.8800282,
              19.0610831
            ],
            [
              72.8801018,
              19.0609925
            ],
            [
              72.8800788,
              19.0609758
            ],
            [
              72.8800943,
              19.0609567
            ],
            [
              72.8799836,
              19.0608763
            ],
            [
              72.8799478,
              19.0609204
            ],
            [
              72.8799325,
              19.0609093
            ],
            [
              72.8798761,
              19.0609787
            ],
            [
              72.8798913,
              19.0609897
            ],
            [
              72.8798775,
              19.0610067
            ]
          ]
        ]
      }
    },
    {
      "type": "Feature",
      "properties": {
        "id": 358354149,
        "name": "BKC Office Block",
        "height": 70.0,
        "min_height": 0.0,
        "building": "yes"
      },
      "geometry": {
        "type": "Polygon",
        "coordinates": [
          [
            [
              72.8776439,
              19.0678327
            ],
            [
              72.8776516,
              19.0679125
            ],
            [
              72.8778011,
              19.0678997
            ],
            [
              72.8777934,
              19.0678198
            ],
            [
              72.8776439,
              19.0678327
            ]
          ]
        ]
      }
    },
    {
      "type": "Feature",
      "properties": {
        "id": 358459686,
        "name": "BKC Office Block",
        "height": 25.0,
        "min_height": 0.0,
        "building": "yes"
      },
      "geometry": {
        "type": "Polygon",
        "coordinates": [
          [
            [
              72.8721502,
              19.056721
            ],
            [
              72.8721541,
              19.0566683
            ],
            [
              72.8723002,
              19.0565584
            ],
            [
              72.8723848,
              19.0565484
            ],
            [
              72.8723973,
              19.0564448
            ],
            [
              72.872329,
              19.056443
            ],
            [
              72.8722793,
              19.056359
            ],
            [
              72.8721898,
              19.0564235
            ],
            [
              72.8722254,
              19.0564697
            ],
            [
              72.8722442,
              19.0564618
            ],
            [
              72.8722552,
              19.0564798
            ],
            [
              72.8721037,
              19.0565835
            ],
            [
              72.8720874,
              19.0565633
            ],
            [
              72.8721053,
              19.056552
            ],
            [
              72.8720687,
              19.0565071
            ],
            [
              72.871983,
              19.0565777
            ],
            [
              72.8720441,
              19.0566389
            ],
            [
              72.8720431,
              19.0567095
            ],
            [
              72.8721502,
              19.056721
            ]
          ]
        ]
      }
    },
    {
      "type": "Feature",
      "properties": {
        "id": 358459687,
        "name": "BKC Office Block",
        "height": 70.0,
        "min_height": 0.0,
        "building": "yes"
      },
      "geometry": {
        "type": "Polygon",
        "coordinates": [
          [
            [
              72.8717646,
              19.0558337
            ],
            [
              72.8718801,
              19.0558873
            ],
            [
              72.8719235,
              19.0558036
            ],
            [
              72.8719986,
              19.0558384
            ],
            [
              72.8720639,
              19.0557125
            ],
            [
              72.8719882,
              19.0556774
            ],
            [
              72.8720195,
              19.0556171
            ],
            [
              72.8719046,
              19.0555639
            ],
            [
              72.8718748,
              19.0556212
            ],
            [
              72.8718928,
              19.0556296
            ],
            [
              72.8718296,
              19.0557513
            ],
            [
              72.8718117,
              19.055743
            ],
            [
              72.8717646,
              19.0558337
            ]
          ]
        ]
      }
    },
    {
      "type": "Feature",
      "properties": {
        "id": 358459688,
        "name": "BKC Office Block",
        "height": 15.0,
        "min_height": 0.0,
        "building": "yes"
      },
      "geometry": {
        "type": "Polygon",
        "coordinates": [
          [
            [
              72.8716115,
              19.0562852
            ],
            [
              72.8716724,
              19.0563676
            ],
            [
              72.8717028,
              19.0563474
            ],
            [
              72.8717725,
              19.0564414
            ],
            [
              72.871742,
              19.0564615
            ],
            [
              72.8717874,
              19.0565229
            ],
            [
              72.8719164,
              19.0564375
            ],
            [
              72.8718612,
              19.0563627
            ],
            [
              72.8719295,
              19.0563175
            ],
            [
              72.8718508,
              19.0562112
            ],
            [
              72.8717771,
              19.05626
            ],
            [
              72.8717351,
              19.0562033
            ],
            [
              72.8716115,
              19.0562852
            ]
          ]
        ]
      }
    },
    {
      "type": "Feature",
      "properties": {
        "id": 358459690,
        "name": "BKC Office Block",
        "height": 35.0,
        "min_height": 0.0,
        "building": "yes"
      },
      "geometry": {
        "type": "Polygon",
        "coordinates": [
          [
            [
              72.8721003,
              19.056313
            ],
            [
              72.8721985,
              19.0562467
            ],
            [
              72.872181,
              19.0562236
            ],
            [
              72.8722794,
              19.0561572
            ],
            [
              72.8722969,
              19.0561804
            ],
            [
              72.8723719,
              19.0561298
            ],
            [
              72.872287,
              19.0560174
            ],
            [
              72.8722087,
              19.0560703
            ],
            [
              72.8721602,
              19.0560061
            ],
            [
              72.8720477,
              19.056082
            ],
            [
              72.8720989,
              19.0561499
            ],
            [
              72.8720182,
              19.0562043
            ],
            [
              72.8721003,
              19.056313
            ]
          ]
        ]
      }
    },
    {
      "type": "Feature",
      "properties": {
        "id": 358459692,
        "name": "BKC Office Block",
        "height": 25.0,
        "min_height": 0.0,
        "building": "yes"
      },
      "geometry": {
        "type": "Polygon",
        "coordinates": [
          [
            [
              72.8715968,
              19.056139
            ],
            [
              72.8717104,
              19.0561901
            ],
            [
              72.8717479,
              19.0561157
            ],
            [
              72.8718341,
              19.0561546
            ],
            [
              72.8719003,
              19.0560233
            ],
            [
              72.8718132,
              19.0559841
            ],
            [
              72.8718483,
              19.0559144
            ],
            [
              72.8717356,
              19.0558636
            ],
            [
              72.8717052,
              19.055924
            ],
            [
              72.8717328,
              19.0559365
            ],
            [
              72.8716681,
              19.0560648
            ],
            [
              72.8716405,
              19.0560524
            ],
            [
              72.8715968,
              19.056139
            ]
          ]
        ]
      }
    },
    {
      "type": "Feature",
      "properties": {
        "id": 358459693,
        "name": "Bhadrakatu",
        "height": 70.0,
        "min_height": 0.0,
        "building": "yes"
      },
      "geometry": {
        "type": "Polygon",
        "coordinates": [
          [
            [
              72.8787406,
              19.0527475
            ],
            [
              72.8787728,
              19.0526699
            ],
            [
              72.8787874,
              19.0526753
            ],
            [
              72.8787986,
              19.0526483
            ],
            [
              72.878784,
              19.0526429
            ],
            [
              72.8788106,
              19.0525785
            ],
            [
              72.8787512,
              19.0525565
            ],
            [
              72.8787248,
              19.0526205
            ],
            [
              72.8786673,
              19.0525992
            ],
            [
              72.8786375,
              19.0526712
            ],
            [
              72.8786651,
              19.0526814
            ],
            [
              72.8786718,
              19.0526652
            ],
            [
              72.8787017,
              19.0526763
            ],
            [
              72.8786812,
              19.0527255
            ],
            [
              72.8787406,
              19.0527475
            ]
          ]
        ]
      }
    },
    {
      "type": "Feature",
      "properties": {
        "id": 358459696,
        "name": "BKC Office Block",
        "height": 35.0,
        "min_height": 0.0,
        "building": "yes"
      },
      "geometry": {
        "type": "Polygon",
        "coordinates": [
          [
            [
              72.8783663,
              19.0545281
            ],
            [
              72.878498,
              19.0545163
            ],
            [
              72.8784858,
              19.0543956
            ],
            [
              72.8784217,
              19.0544013
            ],
            [
              72.8784286,
              19.0544697
            ],
            [
              72.878361,
              19.0544758
            ],
            [
              72.8783663,
              19.0545281
            ]
          ]
        ]
      }
    },
    {
      "type": "Feature",
      "properties": {
        "id": 358459697,
        "name": "BKC Office Block",
        "height": 15.0,
        "min_height": 0.0,
        "building": "yes"
      },
      "geometry": {
        "type": "Polygon",
        "coordinates": [
          [
            [
              72.871921,
              19.0555248
            ],
            [
              72.8720284,
              19.055578
            ],
            [
              72.87207,
              19.055503
            ],
            [
              72.872255,
              19.0555947
            ],
            [
              72.8721869,
              19.0557149
            ],
            [
              72.8722928,
              19.0557709
            ],
            [
              72.8723647,
              19.0556526
            ],
            [
              72.872496,
              19.0557177
            ],
            [
              72.8725574,
              19.055607
            ],
            [
              72.8721163,
              19.0553884
            ],
            [
              72.8721244,
              19.0553738
            ],
            [
              72.8721509,
              19.055387
            ],
            [
              72.8721853,
              19.055325
            ],
            [
              72.8720606,
              19.0552631
            ],
            [
              72.8720204,
              19.0553356
            ],
            [
              72.8720434,
              19.055347
            ],
            [
              72.8719727,
              19.0554744
            ],
            [
              72.871954,
              19.0554652
            ],
            [
              72.871921,
              19.0555248
            ]
          ]
        ]
      }
    },
    {
      "type": "Feature",
      "properties": {
        "id": 358459699,
        "name": "BKC Office Block",
        "height": 50.0,
        "min_height": 0.0,
        "building": "yes"
      },
      "geometry": {
        "type": "Polygon",
        "coordinates": [
          [
            [
              72.8729377,
              19.0565951
            ],
            [
              72.872842,
              19.0566634
            ],
            [
              72.8729102,
              19.0567489
            ],
            [
              72.8729763,
              19.0567017
            ],
            [
              72.8730246,
              19.0567634
            ],
            [
              72.8731131,
              19.0567016
            ],
            [
              72.8730399,
              19.056608
            ],
            [
              72.8730496,
              19.0565471
            ],
            [
              72.8729477,
              19.0565326
            ],
            [
              72.8729377,
              19.0565951
            ]
          ]
        ]
      }
    },
    {
      "type": "Feature",
      "properties": {
        "id": 358459700,
        "name": "BKC Office Block",
        "height": 25.0,
        "min_height": 0.0,
        "building": "yes"
      },
      "geometry": {
        "type": "Polygon",
        "coordinates": [
          [
            [
              72.8727607,
              19.056888
            ],
            [
              72.8728374,
              19.0569744
            ],
            [
              72.8729257,
              19.0569044
            ],
            [
              72.8728759,
              19.0568482
            ],
            [
              72.8729421,
              19.056802
            ],
            [
              72.8728778,
              19.0567197
            ],
            [
              72.8727993,
              19.0567745
            ],
            [
              72.8727173,
              19.056766
            ],
            [
              72.8727039,
              19.0568821
            ],
            [
              72.8727607,
              19.056888
            ]
          ]
        ]
      }
    },
    {
      "type": "Feature",
      "properties": {
        "id": 359502465,
        "name": "BKC Office Block",
        "height": 50.0,
        "min_height": 0.0,
        "building": "apartments"
      },
      "geometry": {
        "type": "Polygon",
        "coordinates": [
          [
            [
              72.8679415,
              19.0523128
            ],
            [
              72.8679002,
              19.0523435
            ],
            [
              72.867797,
              19.0522208
            ],
            [
              72.8680764,
              19.0520108
            ],
            [
              72.8682101,
              19.0521714
            ],
            [
              72.8681738,
              19.0521986
            ],
            [
              72.8681646,
              19.0521876
            ],
            [
              72.8681163,
              19.0522239
            ],
            [
              72.8680821,
              19.0521832
            ],
            [
              72.8681005,
              19.0521693
            ],
            [
              72.8680851,
              19.0521511
            ],
            [
              72.8679851,
              19.052223
            ],
            [
              72.8680007,
              19.0522419
            ],
            [
              72.8679629,
              19.0522698
            ],
            [
              72.8679473,
              19.0522509
            ],
            [
              72.8679135,
              19.052275
            ],
            [
              72.8679415,
              19.0523128
            ]
          ]
        ]
      }
    },
    {
      "type": "Feature",
      "properties": {
        "id": 359502470,
        "name": "BKC Office Block",
        "height": 35.0,
        "min_height": 0.0,
        "building": "apartments"
      },
      "geometry": {
        "type": "Polygon",
        "coordinates": [
          [
            [
              72.868121,
              19.0520587
            ],
            [
              72.8680482,
              19.0519721
            ],
            [
              72.8681765,
              19.0518758
            ],
            [
              72.868196,
              19.051899
            ],
            [
              72.8682899,
              19.0518276
            ],
            [
              72.8682774,
              19.0518088
            ],
            [
              72.868387,
              19.051731
            ],
            [
              72.8683684,
              19.051709
            ],
            [
              72.8684221,
              19.0516718
            ],
            [
              72.8685355,
              19.0518066
            ],
            [
              72.8684473,
              19.0518725
            ],
            [
              72.8684158,
              19.0518336
            ],
            [
              72.8684102,
              19.051838
            ],
            [
              72.868425,
              19.0518546
            ],
            [
              72.8683898,
              19.0518824
            ],
            [
              72.8683751,
              19.0518658
            ],
            [
              72.8682207,
              19.0519879
            ],
            [
              72.8682302,
              19.0519992
            ],
            [
              72.8681966,
              19.0520243
            ],
            [
              72.8681848,
              19.0520111
            ],
            [
              72.868121,
              19.0520587
            ]
          ]
        ]
      }
    },
    {
      "type": "Feature",
      "properties": {
        "id": 359502498,
        "name": "BKC Office Block",
        "height": 50.0,
        "min_height": 0.0,
        "building": "yes"
      },
      "geometry": {
        "type": "Polygon",
        "coordinates": [
          [
            [
              72.8723456,
              19.0523314
            ],
            [
              72.8723477,
              19.0521939
            ],
            [
              72.8722501,
              19.0521926
            ],
            [
              72.8722481,
              19.0523301
            ],
            [
              72.8723456,
              19.0523314
            ]
          ]
        ]
      }
    },
    {
      "type": "Feature",
      "properties": {
        "id": 359583285,
        "name": "BKC Office Block",
        "height": 15.0,
        "min_height": 0.0,
        "building": "yes"
      },
      "geometry": {
        "type": "Polygon",
        "coordinates": [
          [
            [
              72.8704503,
              19.0559494
            ],
            [
              72.8706369,
              19.0558213
            ],
            [
              72.87054,
              19.0556952
            ],
            [
              72.8704585,
              19.0557511
            ],
            [
              72.870451,
              19.0557413
            ],
            [
              72.8704154,
              19.0557658
            ],
            [
              72.870397,
              19.0557418
            ],
            [
              72.8703871,
              19.0557486
            ],
            [
              72.8703494,
              19.0556995
            ],
            [
              72.8702898,
              19.0557404
            ],
            [
              72.8704503,
              19.0559494
            ]
          ]
        ]
      }
    },
    {
      "type": "Feature",
      "properties": {
        "id": 359583286,
        "name": "BKC Office Block",
        "height": 70.0,
        "min_height": 0.0,
        "building": "yes"
      },
      "geometry": {
        "type": "Polygon",
        "coordinates": [
          [
            [
              72.878989,
              19.0538718
            ],
            [
              72.878988,
              19.0537414
            ],
            [
              72.8789042,
              19.0537419
            ],
            [
              72.878904,
              19.053719
            ],
            [
              72.8788658,
              19.0537192
            ],
            [
              72.8788656,
              19.0536953
            ],
            [
              72.8788179,
              19.0536957
            ],
            [
              72.8788187,
              19.0538066
            ],
            [
              72.8789142,
              19.0538059
            ],
            [
              72.8789147,
              19.0538723
            ],
            [
              72.878989,
              19.0538718
            ]
          ]
        ]
      }
    },
    {
      "type": "Feature",
      "properties": {
        "id": 359583288,
        "name": "BKC Office Block",
        "height": 15.0,
        "min_height": 0.0,
        "building": "yes"
      },
      "geometry": {
        "type": "Polygon",
        "coordinates": [
          [
            [
              72.8742055,
              19.058629
            ],
            [
              72.8741612,
              19.0576811
            ],
            [
              72.873995,
              19.057688
            ],
            [
              72.8740016,
              19.0578296
            ],
            [
              72.8738151,
              19.0578373
            ],
            [
              72.8738224,
              19.0579933
            ],
            [
              72.8737743,
              19.0579953
            ],
            [
              72.8738066,
              19.0586863
            ],
            [
              72.8741229,
              19.0586732
            ],
            [
              72.874121,
              19.0586325
            ],
            [
              72.8742055,
              19.058629
            ]
          ]
        ]
      }
    },
    {
      "type": "Feature",
      "properties": {
        "id": 359583289,
        "name": "BKC Office Block",
        "height": 70.0,
        "min_height": 0.0,
        "building": "yes"
      },
      "geometry": {
        "type": "Polygon",
        "coordinates": [
          [
            [
              72.8798168,
              19.053168
            ],
            [
              72.8798306,
              19.0531362
            ],
            [
              72.8798105,
              19.0531284
            ],
            [
              72.8798273,
              19.0530899
            ],
            [
              72.8798473,
              19.0530977
            ],
            [
              72.8798964,
              19.0529847
            ],
            [
              72.8798728,
              19.0529755
            ],
            [
              72.8798811,
              19.0529564
            ],
            [
              72.8798479,
              19.0529435
            ],
            [
              72.8798395,
              19.0529628
            ],
            [
              72.8798092,
              19.052951
            ],
            [
              72.8797296,
              19.0531341
            ],
            [
              72.8798168,
              19.053168
            ]
          ]
        ]
      }
    },
    {
      "type": "Feature",
      "properties": {
        "id": 359583290,
        "name": "BKC Office Block",
        "height": 25.0,
        "min_height": 0.0,
        "building": "apartments"
      },
      "geometry": {
        "type": "Polygon",
        "coordinates": [
          [
            [
              72.8747593,
              19.0525347
            ],
            [
              72.8747131,
              19.0523198
            ],
            [
              72.8745075,
              19.0523593
            ],
            [
              72.8745498,
              19.0525561
            ],
            [
              72.8746034,
              19.0525457
            ],
            [
              72.8745993,
              19.0525264
            ],
            [
              72.8746223,
              19.052522
            ],
            [
              72.8746171,
              19.052498
            ],
            [
              72.8746906,
              19.0524839
            ],
            [
              72.8746999,
              19.0525272
            ],
            [
              72.8747198,
              19.0525234
            ],
            [
              72.8747237,
              19.0525416
            ],
            [
              72.8747593,
              19.0525347
            ]
          ]
        ]
      }
    },
    {
      "type": "Feature",
      "properties": {
        "id": 359583291,
        "name": "BKC Office Block",
        "height": 50.0,
        "min_height": 0.0,
        "building": "apartments"
      },
      "geometry": {
        "type": "Polygon",
        "coordinates": [
          [
            [
              72.8748196,
              19.0523212
            ],
            [
              72.8748413,
              19.0523936
            ],
            [
              72.8748605,
              19.0523976
            ],
            [
              72.8748655,
              19.0524132
            ],
            [
              72.8749013,
              19.052403
            ],
            [
              72.8748948,
              19.0523828
            ],
            [
              72.8749276,
              19.0523734
            ],
            [
              72.8749341,
              19.0523936
            ],
            [
              72.8749734,
              19.0523824
            ],
            [
              72.8749638,
              19.0523526
            ],
            [
              72.8750474,
              19.0523287
            ],
            [
              72.8750239,
              19.0522552
            ],
            [
              72.8748196,
              19.0523212
            ]
          ]
        ]
      }
    },
    {
      "type": "Feature",
      "properties": {
        "id": 359583292,
        "name": "BKC Office Block",
        "height": 50.0,
        "min_height": 0.0,
        "building": "yes"
      },
      "geometry": {
        "type": "Polygon",
        "coordinates": [
          [
            [
              72.8785801,
              19.0538887
            ],
            [
              72.8786751,
              19.0538893
            ],
            [
              72.8786756,
              19.0538083
            ],
            [
              72.8787435,
              19.0538087
            ],
            [
              72.878744,
              19.0537215
            ],
            [
              72.8786511,
              19.053721
            ],
            [
              72.8786509,
              19.0537532
            ],
            [
              72.878622,
              19.053753
            ],
            [
              72.8786222,
              19.0537208
            ],
            [
              72.8785477,
              19.0537204
            ],
            [
              72.8785471,
              19.0538195
            ],
            [
              72.8785805,
              19.0538197
            ],
            [
              72.8785801,
              19.0538887
            ]
          ]
        ]
      }
    },
    {
      "type": "Feature",
      "properties": {
        "id": 359583293,
        "name": "Bawa Towers B Wing",
        "height": 15.0,
        "min_height": 0.0,
        "building": "apartments"
      },
      "geometry": {
        "type": "Polygon",
        "coordinates": [
          [
            [
              72.8775799,
              19.0527604
            ],
            [
              72.8775687,
              19.0527547
            ],
            [
              72.8775893,
              19.052727
            ],
            [
              72.8776217,
              19.0527145
            ],
            [
              72.8776276,
              19.0527237
            ],
            [
              72.8776484,
              19.0527146
            ],
            [
              72.8776552,
              19.0527235
            ],
            [
              72.8776952,
              19.0527074
            ],
            [
              72.8776588,
              19.0526107
            ],
            [
              72.8776243,
              19.0526237
            ],
            [
              72.8776203,
              19.0526434
            ],
            [
              72.8775699,
              19.0526657
            ],
            [
              72.8775284,
              19.052647
            ],
            [
              72.8775075,
              19.0525875
            ],
            [
              72.8775185,
              19.0525677
            ],
            [
              72.8774937,
              19.0525361
            ],
            [
              72.877384,
              19.0526036
            ],
            [
              72.8774097,
              19.0526387
            ],
            [
              72.8774185,
              19.0526315
            ],
            [
              72.8774626,
              19.0526811
            ],
            [
              72.8774525,
              19.0527118
            ],
            [
              72.8774402,
              19.0527082
            ],
            [
              72.8774261,
              19.0527428
            ],
            [
              72.877483,
              19.0527666
            ],
            [
              72.8774915,
              19.0527482
            ],
            [
              72.8775169,
              19.0527588
            ],
            [
              72.8775083,
              19.0527772
            ],
            [
              72.8775604,
              19.0527993
            ],
            [
              72.8775799,
              19.0527604
            ]
          ]
        ]
      }
    },
    {
      "type": "Feature",
      "properties": {
        "id": 359583294,
        "name": "BKC Office Block",
        "height": 70.0,
        "min_height": 0.0,
        "building": "yes"
      },
      "geometry": {
        "type": "Polygon",
        "coordinates": [
          [
            [
              72.8797503,
              19.0584012
            ],
            [
              72.8798101,
              19.0581565
            ],
            [
              72.879649,
              19.0581213
            ],
            [
              72.8796357,
              19.0581754
            ],
            [
              72.8795591,
              19.0581586
            ],
            [
              72.8795723,
              19.0581045
            ],
            [
              72.8794281,
              19.058073
            ],
            [
              72.879447,
              19.0579957
            ],
            [
              72.8792434,
              19.0579512
            ],
            [
              72.879184,
              19.0581939
            ],
            [
              72.8792234,
              19.0582025
            ],
            [
              72.8792093,
              19.0582599
            ],
            [
              72.8795906,
              19.0583432
            ],
            [
              72.8795852,
              19.0583651
            ],
            [
              72.8797503,
              19.0584012
            ]
          ]
        ]
      }
    },
    {
      "type": "Feature",
      "properties": {
        "id": 359583295,
        "name": "BKC Office Block",
        "height": 35.0,
        "min_height": 0.0,
        "building": "yes"
      },
      "geometry": {
        "type": "Polygon",
        "coordinates": [
          [
            [
              72.8797735,
              19.0571077
            ],
            [
              72.8798988,
              19.0572218
            ],
            [
              72.8799871,
              19.0571351
            ],
            [
              72.8801683,
              19.0573001
            ],
            [
              72.8802288,
              19.0572407
            ],
            [
              72.8802492,
              19.0572593
            ],
            [
              72.8802881,
              19.0572211
            ],
            [
              72.8800722,
              19.0570246
            ],
            [
              72.8801076,
              19.0569899
            ],
            [
              72.8799965,
              19.0568887
            ],
            [
              72.8799248,
              19.0569591
            ],
            [
              72.8798932,
              19.0569302
            ],
            [
              72.8798596,
              19.0569632
            ],
            [
              72.8798913,
              19.056992
            ],
            [
              72.8797735,
              19.0571077
            ]
          ]
        ]
      }
    },
    {
      "type": "Feature",
      "properties": {
        "id": 359583296,
        "name": "BKC Office Block",
        "height": 25.0,
        "min_height": 0.0,
        "building": "yes"
      },
      "geometry": {
        "type": "Polygon",
        "coordinates": [
          [
            [
              72.8762718,
              19.0525079
            ],
            [
              72.8762994,
              19.0525276
            ],
            [
              72.8763087,
              19.052516
            ],
            [
              72.8763294,
              19.0525307
            ],
            [
              72.8763201,
              19.0525423
            ],
            [
              72.8764255,
              19.0526174
            ],
            [
              72.8764764,
              19.0525536
            ],
            [
              72.8764533,
              19.0525371
            ],
            [
              72.876465,
              19.0525224
            ],
            [
              72.8763344,
              19.0524294
            ],
            [
              72.8763056,
              19.0524655
            ],
            [
              72.8763177,
              19.0524741
            ],
            [
              72.8763081,
              19.0524861
            ],
            [
              72.876296,
              19.0524775
            ],
            [
              72.8762718,
              19.0525079
            ]
          ]
        ]
      }
    },
    {
      "type": "Feature",
      "properties": {
        "id": 359583301,
        "name": "BKC Office Block",
        "height": 35.0,
        "min_height": 0.0,
        "building": "apartments"
      },
      "geometry": {
        "type": "Polygon",
        "coordinates": [
          [
            [
              72.8748024,
              19.0528048
            ],
            [
              72.8748046,
              19.0527719
            ],
            [
              72.8747897,
              19.052771
            ],
            [
              72.8747933,
              19.0527145
            ],
            [
              72.8748082,
              19.0527154
            ],
            [
              72.8748114,
              19.0526647
            ],
            [
              72.8747658,
              19.0526621
            ],
            [
              72.8747645,
              19.0526822
            ],
            [
              72.8746113,
              19.0526734
            ],
            [
              72.8746162,
              19.0525958
            ],
            [
              72.8745053,
              19.0525895
            ],
            [
              72.8744986,
              19.052694
            ],
            [
              72.8745193,
              19.0526951
            ],
            [
              72.874517,
              19.0527307
            ],
            [
              72.8745443,
              19.0527323
            ],
            [
              72.8745428,
              19.052756
            ],
            [
              72.8745155,
              19.0527545
            ],
            [
              72.8745125,
              19.0528012
            ],
            [
              72.8746206,
              19.0528074
            ],
            [
              72.8746215,
              19.0527945
            ],
            [
              72.8748024,
              19.0528048
            ]
          ]
        ]
      }
    },
    {
      "type": "Feature",
      "properties": {
        "id": 359583302,
        "name": "BKC Office Block",
        "height": 35.0,
        "min_height": 0.0,
        "building": "yes"
      },
      "geometry": {
        "type": "Polygon",
        "coordinates": [
          [
            [
              72.8704817,
              19.0556516
            ],
            [
              72.8707006,
              19.0555009
            ],
            [
              72.8706428,
              19.0554259
            ],
            [
              72.870624,
              19.0554388
            ],
            [
              72.870594,
              19.0553999
            ],
            [
              72.8706128,
              19.0553869
            ],
            [
              72.8705252,
              19.0552734
            ],
            [
              72.8704488,
              19.0553261
            ],
            [
              72.8704626,
              19.0553441
            ],
            [
              72.8704043,
              19.0553843
            ],
            [
              72.8703904,
              19.0553663
            ],
            [
              72.8703064,
              19.0554242
            ],
            [
              72.8703782,
              19.0555173
            ],
            [
              72.8703926,
              19.0555073
            ],
            [
              72.8704095,
              19.0555292
            ],
            [
              72.8704201,
              19.0555218
            ],
            [
              72.8704446,
              19.0555536
            ],
            [
              72.8704339,
              19.0555609
            ],
            [
              72.8704552,
              19.0555885
            ],
            [
              72.8704408,
              19.0555985
            ],
            [
              72.8704817,
              19.0556516
            ]
          ]
        ]
      }
    },
    {
      "type": "Feature",
      "properties": {
        "id": 359583303,
        "name": "BKC Office Block",
        "height": 70.0,
        "min_height": 0.0,
        "building": "apartments"
      },
      "geometry": {
        "type": "Polygon",
        "coordinates": [
          [
            [
              72.8774421,
              19.0522946
            ],
            [
              72.8774777,
              19.0522778
            ],
            [
              72.8774882,
              19.0522976
            ],
            [
              72.8775302,
              19.0522776
            ],
            [
              72.8774774,
              19.0521781
            ],
            [
              72.8775246,
              19.0521557
            ],
            [
              72.8775312,
              19.0521681
            ],
            [
              72.8775648,
              19.0521522
            ],
            [
              72.8775399,
              19.0521051
            ],
            [
              72.8775229,
              19.0521132
            ],
            [
              72.877506,
              19.0520814
            ],
            [
              72.8774784,
              19.0520945
            ],
            [
              72.8774848,
              19.0521067
            ],
            [
              72.8774323,
              19.0521316
            ],
            [
              72.8773631,
              19.0520012
            ],
            [
              72.8772898,
              19.052036
            ],
            [
              72.8773366,
              19.0521243
            ],
            [
              72.8772409,
              19.0521697
            ],
            [
              72.8772822,
              19.0522476
            ],
            [
              72.877319,
              19.0522301
            ],
            [
              72.8773137,
              19.0522201
            ],
            [
              72.8773847,
              19.0521864
            ],
            [
              72.8774421,
              19.0522946
            ]
          ]
        ]
      }
    },
    {
      "type": "Feature",
      "properties": {
        "id": 359583304,
        "name": "BKC Office Block",
        "height": 70.0,
        "min_height": 0.0,
        "building": "apartments"
      },
      "geometry": {
        "type": "Polygon",
        "coordinates": [
          [
            [
              72.8770937,
              19.0521597
            ],
            [
              72.8771293,
              19.0521428
            ],
            [
              72.8771398,
              19.0521626
            ],
            [
              72.8771818,
              19.0521427
            ],
            [
              72.877129,
              19.0520431
            ],
            [
              72.8771762,
              19.0520207
            ],
            [
              72.8771828,
              19.0520331
            ],
            [
              72.8772164,
              19.0520172
            ],
            [
              72.8771915,
              19.0519702
            ],
            [
              72.8771745,
              19.0519782
            ],
            [
              72.8771576,
              19.0519464
            ],
            [
              72.8771299,
              19.0519595
            ],
            [
              72.8771364,
              19.0519717
            ],
            [
              72.8770839,
              19.0519966
            ],
            [
              72.8770147,
              19.0518663
            ],
            [
              72.8769413,
              19.051901
            ],
            [
              72.8769882,
              19.0519894
            ],
            [
              72.8768925,
              19.0520348
            ],
            [
              72.8769338,
              19.0521126
            ],
            [
              72.8769706,
              19.0520952
            ],
            [
              72.8769653,
              19.0520852
            ],
            [
              72.8770363,
              19.0520515
            ],
            [
              72.8770937,
              19.0521597
            ]
          ]
        ]
      }
    },
    {
      "type": "Feature",
      "properties": {
        "id": 359583306,
        "name": "BKC Office Block",
        "height": 25.0,
        "min_height": 0.0,
        "building": "yes"
      },
      "geometry": {
        "type": "Polygon",
        "coordinates": [
          [
            [
              72.8799059,
              19.0600455
            ],
            [
              72.8799318,
              19.0600749
            ],
            [
              72.8799523,
              19.0600589
            ],
            [
              72.8799826,
              19.0600934
            ],
            [
              72.8799594,
              19.0601116
            ],
            [
              72.8799792,
              19.0601342
            ],
            [
              72.8799996,
              19.0601182
            ],
            [
              72.8799905,
              19.0601078
            ],
            [
              72.8800273,
              19.060079
            ],
            [
              72.8800405,
              19.0600941
            ],
            [
              72.8800738,
              19.060068
            ],
            [
              72.8800639,
              19.0600567
            ],
            [
              72.8800977,
              19.0600302
            ],
            [
              72.8801076,
              19.0600415
            ],
            [
              72.8801412,
              19.0600151
            ],
            [
              72.8800649,
              19.0599282
            ],
            [
              72.8800381,
              19.0599493
            ],
            [
              72.8800433,
              19.0599553
            ],
            [
              72.8799962,
              19.0599924
            ],
            [
              72.8800033,
              19.0600004
            ],
            [
              72.8799918,
              19.0600095
            ],
            [
              72.8799806,
              19.0599968
            ],
            [
              72.8799303,
              19.0600363
            ],
            [
              72.8799252,
              19.0600304
            ],
            [
              72.8799059,
              19.0600455
            ]
          ]
        ]
      }
    },
    {
      "type": "Feature",
      "properties": {
        "id": 359583307,
        "name": "BKC Office Block",
        "height": 70.0,
        "min_height": 0.0,
        "building": "yes"
      },
      "geometry": {
        "type": "Polygon",
        "coordinates": [
          [
            [
              72.8793787,
              19.056464
            ],
            [
              72.8794958,
              19.0565697
            ],
            [
              72.879578,
              19.0564883
            ],
            [
              72.8796312,
              19.0565363
            ],
            [
              72.8796061,
              19.0565611
            ],
            [
              72.8796767,
              19.0566248
            ],
            [
              72.8796978,
              19.0566039
            ],
            [
              72.8797573,
              19.0566576
            ],
            [
              72.8796791,
              19.0567351
            ],
            [
              72.8797882,
              19.0568335
            ],
            [
              72.8799894,
              19.0566344
            ],
            [
              72.8798737,
              19.05653
            ],
            [
              72.8798264,
              19.0565769
            ],
            [
              72.8797964,
              19.0565499
            ],
            [
              72.8799175,
              19.0564299
            ],
            [
              72.8797976,
              19.0563218
            ],
            [
              72.8796779,
              19.0564402
            ],
            [
              72.8796557,
              19.0564201
            ],
            [
              72.8797016,
              19.0563746
            ],
            [
              72.8795799,
              19.0562648
            ],
            [
              72.8795612,
              19.0562833
            ],
            [
              72.8795382,
              19.0562626
            ],
            [
              72.8794955,
              19.0563049
            ],
            [
              72.8795185,
              19.0563256
            ],
            [
              72.8793787,
              19.056464
            ]
          ]
        ]
      }
    },
    {
      "type": "Feature",
      "properties": {
        "id": 359583308,
        "name": "BKC Office Block",
        "height": 50.0,
        "min_height": 0.0,
        "building": "yes"
      },
      "geometry": {
        "type": "Polygon",
        "coordinates": [
          [
            [
              72.8797684,
              19.060349
            ],
            [
              72.8797943,
              19.0603784
            ],
            [
              72.8798148,
              19.0603623
            ],
            [
              72.8798451,
              19.0603969
            ],
            [
              72.8798219,
              19.0604151
            ],
            [
              72.8798417,
              19.0604377
            ],
            [
              72.8798621,
              19.0604217
            ],
            [
              72.879853,
              19.0604113
            ],
            [
              72.8798898,
              19.0603825
            ],
            [
              72.879903,
              19.0603976
            ],
            [
              72.8799363,
              19.0603715
            ],
            [
              72.8799264,
              19.0603602
            ],
            [
              72.8799602,
              19.0603337
            ],
            [
              72.8799701,
              19.060345
            ],
            [
              72.8800037,
              19.0603186
            ],
            [
              72.8799274,
              19.0602317
            ],
            [
              72.8799006,
              19.0602528
            ],
            [
              72.8799059,
              19.0602588
            ],
            [
              72.8798587,
              19.0602958
            ],
            [
              72.8798658,
              19.0603039
            ],
            [
              72.8798543,
              19.060313
            ],
            [
              72.8798431,
              19.0603003
            ],
            [
              72.8797928,
              19.0603398
            ],
            [
              72.8797877,
              19.0603339
            ],
            [
              72.8797684,
              19.060349
            ]
          ]
        ]
      }
    },
    {
      "type": "Feature",
      "properties": {
        "id": 359583311,
        "name": "BKC Office Block",
        "height": 50.0,
        "min_height": 0.0,
        "building": "apartments"
      },
      "geometry": {
        "type": "Polygon",
        "coordinates": [
          [
            [
              72.8750846,
              19.0523546
            ],
            [
              72.8751446,
              19.0523378
            ],
            [
              72.8751093,
              19.0522247
            ],
            [
              72.8750492,
              19.0522415
            ],
            [
              72.8750846,
              19.0523546
            ]
          ]
        ]
      }
    },
    {
      "type": "Feature",
      "properties": {
        "id": 359583312,
        "name": "BKC Office Block",
        "height": 15.0,
        "min_height": 0.0,
        "building": "yes"
      },
      "geometry": {
        "type": "Polygon",
        "coordinates": [
          [
            [
              72.8722672,
              19.0530153
            ],
            [
              72.8725575,
              19.0530135
            ],
            [
              72.8725565,
              19.0528715
            ],
            [
              72.8722662,
              19.0528733
            ],
            [
              72.8722672,
              19.0530153
            ]
          ]
        ]
      }
    },
    {
      "type": "Feature",
      "properties": {
        "id": 359583314,
        "name": "BKC Office Block",
        "height": 50.0,
        "min_height": 0.0,
        "building": "yes"
      },
      "geometry": {
        "type": "Polygon",
        "coordinates": [
          [
            [
              72.8733756,
              19.0548129
            ],
            [
              72.8733265,
              19.0545967
            ],
            [
              72.8732268,
              19.0546169
            ],
            [
              72.8732759,
              19.0548331
            ],
            [
              72.8733756,
              19.0548129
            ]
          ]
        ]
      }
    },
    {
      "type": "Feature",
      "properties": {
        "id": 359583315,
        "name": "BKC Office Block",
        "height": 70.0,
        "min_height": 0.0,
        "building": "yes"
      },
      "geometry": {
        "type": "Polygon",
        "coordinates": [
          [
            [
              72.8763453,
              19.0520127
            ],
            [
              72.8763916,
              19.051934
            ],
            [
              72.8761548,
              19.0518096
            ],
            [
              72.8761085,
              19.0518884
            ],
            [
              72.8763453,
              19.0520127
            ]
          ]
        ]
      }
    },
    {
      "type": "Feature",
      "properties": {
        "id": 359583316,
        "name": "BKC Office Block",
        "height": 35.0,
        "min_height": 0.0,
        "building": "yes"
      },
      "geometry": {
        "type": "Polygon",
        "coordinates": [
          [
            [
              72.871526,
              19.0530326
            ],
            [
              72.8718221,
              19.0530298
            ],
            [
              72.8718207,
              19.0528944
            ],
            [
              72.8715246,
              19.0528971
            ],
            [
              72.871526,
              19.0530326
            ]
          ]
        ]
      }
    },
    {
      "type": "Feature",
      "properties": {
        "id": 359583317,
        "name": "BKC Office Block",
        "height": 50.0,
        "min_height": 0.0,
        "building": "yes"
      },
      "geometry": {
        "type": "Polygon",
        "coordinates": [
          [
            [
              72.8777575,
              19.0522108
            ],
            [
              72.877844,
              19.0521554
            ],
            [
              72.8778011,
              19.0520956
            ],
            [
              72.8777146,
              19.052151
            ],
            [
              72.8777575,
              19.0522108
            ]
          ]
        ]
      }
    },
    {
      "type": "Feature",
      "properties": {
        "id": 359583318,
        "name": "BKC Office Block",
        "height": 25.0,
        "min_height": 0.0,
        "building": "yes"
      },
      "geometry": {
        "type": "Polygon",
        "coordinates": [
          [
            [
              72.8773188,
              19.0582709
            ],
            [
              72.877477,
              19.0582567
            ],
            [
              72.8774566,
              19.0580536
            ],
            [
              72.8772984,
              19.0580678
            ],
            [
              72.8773188,
              19.0582709
            ]
          ]
        ]
      }
    },
    {
      "type": "Feature",
      "properties": {
        "id": 359583319,
        "name": "BKC Office Block",
        "height": 25.0,
        "min_height": 0.0,
        "building": "yes"
      },
      "geometry": {
        "type": "Polygon",
        "coordinates": [
          [
            [
              72.875542,
              19.0575936
            ],
            [
              72.8756164,
              19.0575721
            ],
            [
              72.8755683,
              19.0574231
            ],
            [
              72.8754939,
              19.0574446
            ],
            [
              72.875542,
              19.0575936
            ]
          ]
        ]
      }
    },
    {
      "type": "Feature",
      "properties": {
        "id": 359583320,
        "name": "BKC Office Block",
        "height": 25.0,
        "min_height": 0.0,
        "building": "yes"
      },
      "geometry": {
        "type": "Polygon",
        "coordinates": [
          [
            [
              72.8719211,
              19.0530189
            ],
            [
              72.8722326,
              19.0530098
            ],
            [
              72.8722275,
              19.0528566
            ],
            [
              72.8719161,
              19.0528656
            ],
            [
              72.8719211,
              19.0530189
            ]
          ]
        ]
      }
    },
    {
      "type": "Feature",
      "properties": {
        "id": 359583322,
        "name": "BKC Office Block",
        "height": 25.0,
        "min_height": 0.0,
        "building": "yes"
      },
      "geometry": {
        "type": "Polygon",
        "coordinates": [
          [
            [
              72.875987,
              19.0539585
            ],
            [
              72.8760699,
              19.05397
            ],
            [
              72.8760801,
              19.0539045
            ],
            [
              72.8759972,
              19.0538929
            ],
            [
              72.875987,
              19.0539585
            ]
          ]
        ]
      }
    },
    {
      "type": "Feature",
      "properties": {
        "id": 359583325,
        "name": "BKC Office Block",
        "height": 25.0,
        "min_height": 0.0,
        "building": "yes"
      },
      "geometry": {
        "type": "Polygon",
        "coordinates": [
          [
            [
              72.8726584,
              19.0530035
            ],
            [
              72.8729603,
              19.0530053
            ],
            [
              72.8729612,
              19.0528602
            ],
            [
              72.8726594,
              19.0528584
            ],
            [
              72.8726584,
              19.0530035
            ]
          ]
        ]
      }
    },
    {
      "type": "Feature",
      "properties": {
        "id": 359583326,
        "name": "BKC Office Block",
        "height": 50.0,
        "min_height": 0.0,
        "building": "yes"
      },
      "geometry": {
        "type": "Polygon",
        "coordinates": [
          [
            [
              72.8793584,
              19.0553641
            ],
            [
              72.8794158,
              19.0553607
            ],
            [
              72.87941,
              19.0552744
            ],
            [
              72.8793527,
              19.0552778
            ],
            [
              72.8793584,
              19.0553641
            ]
          ]
        ]
      }
    },
    {
      "type": "Feature",
      "properties": {
        "id": 359583328,
        "name": "BKC Office Block",
        "height": 15.0,
        "min_height": 0.0,
        "building": "yes"
      },
      "geometry": {
        "type": "Polygon",
        "coordinates": [
          [
            [
              72.8755958,
              19.0577017
            ],
            [
              72.87574,
              19.0576581
            ],
            [
              72.8757069,
              19.0575604
            ],
            [
              72.8755627,
              19.057604
            ],
            [
              72.8755958,
              19.0577017
            ]
          ]
        ]
      }
    },
    {
      "type": "Feature",
      "properties": {
        "id": 359583330,
        "name": "BKC Office Block",
        "height": 15.0,
        "min_height": 0.0,
        "building": "yes"
      },
      "geometry": {
        "type": "Polygon",
        "coordinates": [
          [
            [
              72.8766164,
              19.0622679
            ],
            [
              72.8767933,
              19.0622324
            ],
            [
              72.87678,
              19.0621731
            ],
            [
              72.8767243,
              19.0621843
            ],
            [
              72.8767164,
              19.0621488
            ],
            [
              72.8765952,
              19.0621731
            ],
            [
              72.8766164,
              19.0622679
            ]
          ]
        ]
      }
    },
    {
      "type": "Feature",
      "properties": {
        "id": 359583331,
        "name": "BKC Office Block",
        "height": 35.0,
        "min_height": 0.0,
        "building": "yes"
      },
      "geometry": {
        "type": "Polygon",
        "coordinates": [
          [
            [
              72.8785535,
              19.0540586
            ],
            [
              72.8787438,
              19.0540509
            ],
            [
              72.8787406,
              19.0539797
            ],
            [
              72.8786525,
              19.0539833
            ],
            [
              72.8786496,
              19.0539195
            ],
            [
              72.8785474,
              19.0539236
            ],
            [
              72.8785535,
              19.0540586
            ]
          ]
        ]
      }
    },
    {
      "type": "Feature",
      "properties": {
        "id": 359583332,
        "name": "BKC Office Block",
        "height": 50.0,
        "min_height": 0.0,
        "building": "apartments"
      },
      "geometry": {
        "type": "Polygon",
        "coordinates": [
          [
            [
              72.8744425,
              19.0522355
            ],
            [
              72.8746941,
              19.0521676
            ],
            [
              72.8746393,
              19.0519865
            ],
            [
              72.8745542,
              19.0520095
            ],
            [
              72.8745646,
              19.0520437
            ],
            [
              72.8743981,
              19.0520887
            ],
            [
              72.8744425,
              19.0522355
            ]
          ]
        ]
      }
    },
    {
      "type": "Feature",
      "properties": {
        "id": 359695035,
        "name": "BKC Office Block",
        "height": 15.0,
        "min_height": 0.0,
        "building": "yes"
      },
      "geometry": {
        "type": "Polygon",
        "coordinates": [
          [
            [
              72.8792024,
              19.0642226
            ],
            [
              72.8793379,
              19.0640865
            ],
            [
              72.8791565,
              19.0638888
            ],
            [
              72.879006,
              19.0640452
            ],
            [
              72.8792024,
              19.0642226
            ]
          ]
        ]
      }
    },
    {
      "type": "Feature",
      "properties": {
        "id": 359756892,
        "name": "Shiv Darsan Cooperative Housing Society",
        "height": 15.0,
        "min_height": 0.0,
        "building": "yes"
      },
      "geometry": {
        "type": "Polygon",
        "coordinates": [
          [
            [
              72.8796139,
              19.0721001
            ],
            [
              72.879723,
              19.0720592
            ],
            [
              72.8798233,
              19.0720217
            ],
            [
              72.8798028,
              19.0719728
            ],
            [
              72.8795934,
              19.0720512
            ],
            [
              72.8796139,
              19.0721001
            ]
          ]
        ]
      }
    },
    {
      "type": "Feature",
      "properties": {
        "id": 359780133,
        "name": "BKC Office Block",
        "height": 25.0,
        "min_height": 0.0,
        "building": "apartments"
      },
      "geometry": {
        "type": "Polygon",
        "coordinates": [
          [
            [
              72.8765876,
              19.0676983
            ],
            [
              72.8765522,
              19.0675394
            ],
            [
              72.8765131,
              19.0675472
            ],
            [
              72.8765236,
              19.0675944
            ],
            [
              72.8764109,
              19.0676169
            ],
            [
              72.8764303,
              19.0677044
            ],
            [
              72.8764009,
              19.0677103
            ],
            [
              72.8763922,
              19.0676711
            ],
            [
              72.8763468,
              19.0676802
            ],
            [
              72.8763522,
              19.0677047
            ],
            [
              72.8762849,
              19.0677181
            ],
            [
              72.8763125,
              19.0678421
            ],
            [
              72.87628,
              19.0678486
            ],
            [
              72.876274,
              19.0678215
            ],
            [
              72.876205,
              19.0678352
            ],
            [
              72.87621,
              19.0678573
            ],
            [
              72.8761658,
              19.0678661
            ],
            [
              72.8761811,
              19.0679349
            ],
            [
              72.8761994,
              19.0679312
            ],
            [
              72.8762066,
              19.0679633
            ],
            [
              72.8761882,
              19.0679669
            ],
            [
              72.876196,
              19.0680018
            ],
            [
              72.8763368,
              19.0679738
            ],
            [
              72.8763269,
              19.0679297
            ],
            [
              72.8763102,
              19.067933
            ],
            [
              72.8762954,
              19.0678663
            ],
            [
              72.8764351,
              19.0678385
            ],
            [
              72.8764117,
              19.0677333
            ],
            [
              72.8765876,
              19.0676983
            ]
          ]
        ]
      }
    },
    {
      "type": "Feature",
      "properties": {
        "id": 359780134,
        "name": "BKC Office Block",
        "height": 35.0,
        "min_height": 0.0,
        "building": "yes"
      },
      "geometry": {
        "type": "Polygon",
        "coordinates": [
          [
            [
              72.8754328,
              19.0646594
            ],
            [
              72.8754769,
              19.0647044
            ],
            [
              72.8756067,
              19.0645909
            ],
            [
              72.8755626,
              19.0645459
            ],
            [
              72.8754328,
              19.0646594
            ]
          ]
        ]
      }
    },
    {
      "type": "Feature",
      "properties": {
        "id": 359780135,
        "name": "BKC Office Block",
        "height": 70.0,
        "min_height": 0.0,
        "building": "yes"
      },
      "geometry": {
        "type": "Polygon",
        "coordinates": [
          [
            [
              72.8742659,
              19.0633244
            ],
            [
              72.8743719,
              19.0632704
            ],
            [
              72.8743429,
              19.0632195
            ],
            [
              72.8742369,
              19.0632734
            ],
            [
              72.8742659,
              19.0633244
            ]
          ]
        ]
      }
    },
    {
      "type": "Feature",
      "properties": {
        "id": 359780136,
        "name": "BKC Office Block",
        "height": 70.0,
        "min_height": 0.0,
        "building": "yes"
      },
      "geometry": {
        "type": "Polygon",
        "coordinates": [
          [
            [
              72.8782553,
              19.0661992
            ],
            [
              72.8782999,
              19.0661509
            ],
            [
              72.8782249,
              19.0660891
            ],
            [
              72.8781803,
              19.0661374
            ],
            [
              72.8782553,
              19.0661992
            ]
          ]
        ]
      }
    },
    {
      "type": "Feature",
      "properties": {
        "id": 359780138,
        "name": "Akash Theater",
        "height": 25.0,
        "min_height": 0.0,
        "building": "yes"
      },
      "geometry": {
        "type": "Polygon",
        "coordinates": [
          [
            [
              72.8788248,
              19.0671088
            ],
            [
              72.8787008,
              19.0668162
            ],
            [
              72.8785953,
              19.0668561
            ],
            [
              72.8787194,
              19.0671487
            ],
            [
              72.8788248,
              19.0671088
            ]
          ]
        ]
      }
    },
    {
      "type": "Feature",
      "properties": {
        "id": 359780139,
        "name": "BKC Office Block",
        "height": 35.0,
        "min_height": 0.0,
        "building": "yes"
      },
      "geometry": {
        "type": "Polygon",
        "coordinates": [
          [
            [
              72.8756716,
              19.0632367
            ],
            [
              72.8757269,
              19.0633095
            ],
            [
              72.8758056,
              19.0632561
            ],
            [
              72.8757503,
              19.0631833
            ],
            [
              72.8756716,
              19.0632367
            ]
          ]
        ]
      }
    },
    {
      "type": "Feature",
      "properties": {
        "id": 359780140,
        "name": "BKC Office Block",
        "height": 15.0,
        "min_height": 0.0,
        "building": "yes"
      },
      "geometry": {
        "type": "Polygon",
        "coordinates": [
          [
            [
              72.8780682,
              19.0649255
            ],
            [
              72.8780183,
              19.0649756
            ],
            [
              72.8781469,
              19.06509
            ],
            [
              72.8781374,
              19.0650996
            ],
            [
              72.8781876,
              19.0651442
            ],
            [
              72.878247,
              19.0650845
            ],
            [
              72.8780682,
              19.0649255
            ]
          ]
        ]
      }
    },
    {
      "type": "Feature",
      "properties": {
        "id": 359780141,
        "name": "Azid Estate",
        "height": 25.0,
        "min_height": 0.0,
        "building": "yes"
      },
      "geometry": {
        "type": "Polygon",
        "coordinates": [
          [
            [
              72.8794139,
              19.0717222
            ],
            [
              72.8794721,
              19.071721
            ],
            [
              72.879473,
              19.0717617
            ],
            [
              72.8795258,
              19.0717606
            ],
            [
              72.8795249,
              19.0717215
            ],
            [
              72.8796065,
              19.0717198
            ],
            [
              72.8796049,
              19.0716512
            ],
            [
              72.8794123,
              19.0716551
            ],
            [
              72.8794139,
              19.0717222
            ]
          ]
        ]
      }
    },
    {
      "type": "Feature",
      "properties": {
        "id": 359780142,
        "name": "BKC Office Block",
        "height": 25.0,
        "min_height": 0.0,
        "building": "commercial"
      },
      "geometry": {
        "type": "Polygon",
        "coordinates": [
          [
            [
              72.8765693,
              19.0714067
            ],
            [
              72.8767594,
              19.0713854
            ],
            [
              72.8767565,
              19.0713618
            ],
            [
              72.8768169,
              19.071355
            ],
            [
              72.8767877,
              19.0711224
            ],
            [
              72.8765507,
              19.0711489
            ],
            [
              72.8765674,
              19.0712817
            ],
            [
              72.8765538,
              19.0712832
            ],
            [
              72.8765693,
              19.0714067
            ]
          ]
        ]
      }
    },
    {
      "type": "Feature",
      "properties": {
        "id": 359787200,
        "name": "BKC Office Block",
        "height": 15.0,
        "min_height": 0.0,
        "building": "yes"
      },
      "geometry": {
        "type": "Polygon",
        "coordinates": [
          [
            [
              72.8748529,
              19.0702748
            ],
            [
              72.8748567,
              19.0703321
            ],
            [
              72.8752251,
              19.0703103
            ],
            [
              72.8752213,
              19.070253
            ],
            [
              72.8748529,
              19.0702748
            ]
          ]
        ]
      }
    },
    {
      "type": "Feature",
      "properties": {
        "id": 359787201,
        "name": "BKC Office Block",
        "height": 25.0,
        "min_height": 0.0,
        "building": "yes"
      },
      "geometry": {
        "type": "Polygon",
        "coordinates": [
          [
            [
              72.875424,
              19.0692386
            ],
            [
              72.8756374,
              19.0691614
            ],
            [
              72.8756093,
              19.069092
            ],
            [
              72.8753959,
              19.0691693
            ],
            [
              72.875424,
              19.0692386
            ]
          ]
        ]
      }
    },
    {
      "type": "Feature",
      "properties": {
        "id": 359787202,
        "name": "BKC Office Block",
        "height": 35.0,
        "min_height": 0.0,
        "building": "yes"
      },
      "geometry": {
        "type": "Polygon",
        "coordinates": [
          [
            [
              72.8748705,
              19.0706038
            ],
            [
              72.8752145,
              19.0705961
            ],
            [
              72.8752125,
              19.0705173
            ],
            [
              72.8748686,
              19.070525
            ],
            [
              72.8748705,
              19.0706038
            ]
          ]
        ]
      }
    },
    {
      "type": "Feature",
      "properties": {
        "id": 359787203,
        "name": "BKC Office Block",
        "height": 50.0,
        "min_height": 0.0,
        "building": "yes"
      },
      "geometry": {
        "type": "Polygon",
        "coordinates": [
          [
            [
              72.8748433,
              19.0704599
            ],
            [
              72.8751941,
              19.0704509
            ],
            [
              72.8751921,
              19.0703828
            ],
            [
              72.8748414,
              19.0703918
            ],
            [
              72.8748433,
              19.0704599
            ]
          ]
        ]
      }
    },
    {
      "type": "Feature",
      "properties": {
        "id": 359815480,
        "name": "BKC Office Block",
        "height": 15.0,
        "min_height": 0.0,
        "building": "yes"
      },
      "geometry": {
        "type": "Polygon",
        "coordinates": [
          [
            [
              72.8743074,
              19.0687878
            ],
            [
              72.8743185,
              19.0688831
            ],
            [
              72.8744159,
              19.0688731
            ],
            [
              72.8744188,
              19.0688973
            ],
            [
              72.8744582,
              19.0688932
            ],
            [
              72.8744548,
              19.0688638
            ],
            [
              72.8746342,
              19.0688452
            ],
            [
              72.8746378,
              19.0688762
            ],
            [
              72.8746679,
              19.0688731
            ],
            [
              72.8746654,
              19.0688515
            ],
            [
              72.8747456,
              19.0688432
            ],
            [
              72.8747341,
              19.0687437
            ],
            [
              72.8743074,
              19.0687878
            ]
          ]
        ]
      }
    },
    {
      "type": "Feature",
      "properties": {
        "id": 359815481,
        "name": "BKC Office Block",
        "height": 35.0,
        "min_height": 0.0,
        "building": "yes"
      },
      "geometry": {
        "type": "Polygon",
        "coordinates": [
          [
            [
              72.8627825,
              19.0695813
            ],
            [
              72.862892,
              19.0695556
            ],
            [
              72.8628485,
              19.0693899
            ],
            [
              72.862739,
              19.0694155
            ],
            [
              72.8627825,
              19.0695813
            ]
          ]
        ]
      }
    },
    {
      "type": "Feature",
      "properties": {
        "id": 359815482,
        "name": "BKC Office Block",
        "height": 70.0,
        "min_height": 0.0,
        "building": "yes"
      },
      "geometry": {
        "type": "Polygon",
        "coordinates": [
          [
            [
              72.8748548,
              19.0680232
            ],
            [
              72.8748558,
              19.0677807
            ],
            [
              72.8747711,
              19.0677804
            ],
            [
              72.8747706,
              19.0678951
            ],
            [
              72.8747982,
              19.0678952
            ],
            [
              72.8747976,
              19.068023
            ],
            [
              72.8748548,
              19.0680232
            ]
          ]
        ]
      }
    },
    {
      "type": "Feature",
      "properties": {
        "id": 359815483,
        "name": "BKC Office Block",
        "height": 50.0,
        "min_height": 0.0,
        "building": "yes"
      },
      "geometry": {
        "type": "Polygon",
        "coordinates": [
          [
            [
              72.8744613,
              19.0671608
            ],
            [
              72.8745085,
              19.0671489
            ],
            [
              72.874515,
              19.0671722
            ],
            [
              72.8745521,
              19.0671629
            ],
            [
              72.8745456,
              19.0671396
            ],
            [
              72.8745805,
              19.0671308
            ],
            [
              72.8745632,
              19.0670693
            ],
            [
              72.874444,
              19.0670993
            ],
            [
              72.8744613,
              19.0671608
            ]
          ]
        ]
      }
    },
    {
      "type": "Feature",
      "properties": {
        "id": 380562829,
        "name": "Zaini Shopping Center",
        "height": 50.0,
        "min_height": 0.0,
        "building": "yes"
      },
      "geometry": {
        "type": "Polygon",
        "coordinates": [
          [
            [
              72.8791726,
              19.0665438
            ],
            [
              72.8791802,
              19.0666747
            ],
            [
              72.8791478,
              19.0666781
            ],
            [
              72.8791044,
              19.0665672
            ],
            [
              72.8789362,
              19.066613
            ],
            [
              72.8789952,
              19.0667995
            ],
            [
              72.8791293,
              19.0667581
            ],
            [
              72.8791566,
              19.06675
            ],
            [
              72.879194,
              19.0667707
            ],
            [
              72.879212,
              19.0667678
            ],
            [
              72.8792437,
              19.0667943
            ],
            [
              72.8793351,
              19.0666863
            ],
            [
              72.8793294,
              19.0665503
            ],
            [
              72.8791726,
              19.0665438
            ]
          ]
        ]
      }
    },
    {
      "type": "Feature",
      "properties": {
        "id": 380562830,
        "name": "BKC Office Block",
        "height": 15.0,
        "min_height": 0.0,
        "building": "yes"
      },
      "geometry": {
        "type": "Polygon",
        "coordinates": [
          [
            [
              72.8789666,
              19.0668083
            ],
            [
              72.8790293,
              19.066997
            ],
            [
              72.8791567,
              19.0668372
            ],
            [
              72.8791293,
              19.0667581
            ],
            [
              72.8789952,
              19.0667995
            ],
            [
              72.8789666,
              19.0668083
            ]
          ]
        ]
      }
    },
    {
      "type": "Feature",
      "properties": {
        "id": 380564308,
        "name": "BKC Office Block",
        "height": 35.0,
        "min_height": 0.0,
        "building": "commercial"
      },
      "geometry": {
        "type": "Polygon",
        "coordinates": [
          [
            [
              72.8742587,
              19.0644549
            ],
            [
              72.8743036,
              19.0645423
            ],
            [
              72.8742536,
              19.0645726
            ],
            [
              72.8742026,
              19.0644786
            ],
            [
              72.8742587,
              19.0644549
            ]
          ]
        ]
      }
    },
    {
      "type": "Feature",
      "properties": {
        "id": 380712466,
        "name": "BKC Office Block",
        "height": 15.0,
        "min_height": 0.0,
        "building": "yes"
      },
      "geometry": {
        "type": "Polygon",
        "coordinates": [
          [
            [
              72.8520653,
              19.0593283
            ],
            [
              72.8521695,
              19.05953
            ],
            [
              72.8523029,
              19.0594684
            ],
            [
              72.8521987,
              19.0592667
            ],
            [
              72.8520653,
              19.0593283
            ]
          ]
        ]
      }
    },
    {
      "type": "Feature",
      "properties": {
        "id": 398288896,
        "name": "National Stock Exchange",
        "height": 35.0,
        "min_height": 0.0,
        "building": "office"
      },
      "geometry": {
        "type": "Polygon",
        "coordinates": [
          [
            [
              72.859494,
              19.0600674
            ],
            [
              72.8594133,
              19.0603179
            ],
            [
              72.859615,
              19.0607482
            ],
            [
              72.860341,
              19.0604807
            ],
            [
              72.8601795,
              19.0598045
            ],
            [
              72.859494,
              19.0600674
            ]
          ]
        ]
      }
    },
    {
      "type": "Feature",
      "properties": {
        "id": 427199180,
        "name": "Kurla West Ticket Office",
        "height": 25.0,
        "min_height": 0.0,
        "building": "yes"
      },
      "geometry": {
        "type": "Polygon",
        "coordinates": [
          [
            [
              72.8789841,
              19.0654554
            ],
            [
              72.8789185,
              19.0655277
            ],
            [
              72.8793763,
              19.0658981
            ],
            [
              72.8794417,
              19.0658259
            ],
            [
              72.8789841,
              19.0654554
            ]
          ]
        ]
      }
    },
    {
      "type": "Feature",
      "properties": {
        "id": 427199181,
        "name": "BKC Office Block",
        "height": 25.0,
        "min_height": 0.0,
        "building": "yes"
      },
      "geometry": {
        "type": "Polygon",
        "coordinates": [
          [
            [
              72.8796568,
              19.0647917
            ],
            [
              72.8800406,
              19.0651545
            ],
            [
              72.8802039,
              19.0650002
            ],
            [
              72.8799049,
              19.0646273
            ],
            [
              72.8798538,
              19.0646639
            ],
            [
              72.8798201,
              19.0646374
            ],
            [
              72.8796568,
              19.0647917
            ]
          ]
        ]
      }
    },
    {
      "type": "Feature",
      "properties": {
        "id": 430416036,
        "name": "Parinee Cresenzo",
        "height": 25.0,
        "min_height": 0.0,
        "building": "house"
      },
      "geometry": {
        "type": "Polygon",
        "coordinates": [
          [
            [
              72.8684481,
              19.0612394
            ],
            [
              72.8682319,
              19.0607013
            ],
            [
              72.8678723,
              19.0608246
            ],
            [
              72.8680675,
              19.0613616
            ],
            [
              72.8681278,
              19.0613492
            ],
            [
              72.8684481,
              19.0612394
            ]
          ]
        ]
      }
    },
    {
      "type": "Feature",
      "properties": {
        "id": 430416037,
        "name": "BKC Office Block",
        "height": 35.0,
        "min_height": 0.0,
        "building": "yes"
      },
      "geometry": {
        "type": "Polygon",
        "coordinates": [
          [
            [
              72.8683529,
              19.0619114
            ],
            [
              72.8686488,
              19.0619381
            ],
            [
              72.8687166,
              19.06189
            ],
            [
              72.8685885,
              19.0615426
            ],
            [
              72.8682605,
              19.0616602
            ],
            [
              72.8683529,
              19.0619114
            ]
          ]
        ]
      }
    },
    {
      "type": "Feature",
      "properties": {
        "id": 554800149,
        "name": "BKC Office Block",
        "height": 50.0,
        "min_height": 0.0,
        "building": "commercial"
      },
      "geometry": {
        "type": "Polygon",
        "coordinates": [
          [
            [
              72.8655371,
              19.059933
            ],
            [
              72.86558,
              19.0593803
            ],
            [
              72.8650549,
              19.0593439
            ],
            [
              72.8647619,
              19.0595806
            ],
            [
              72.8647388,
              19.0598776
            ],
            [
              72.865012,
              19.0598966
            ],
            [
              72.8655371,
              19.059933
            ]
          ]
        ]
      }
    },
    {
      "type": "Feature",
      "properties": {
        "id": 570454959,
        "name": "Nursery Office",
        "height": 3.5,
        "min_height": 0.0,
        "building": "yes"
      },
      "geometry": {
        "type": "Polygon",
        "coordinates": [
          [
            [
              72.8582655,
              19.0519341
            ],
            [
              72.8583714,
              19.0517852
            ],
            [
              72.8585342,
              19.0518888
            ],
            [
              72.8584283,
              19.0520376
            ],
            [
              72.8582655,
              19.0519341
            ]
          ]
        ]
      }
    },
    {
      "type": "Feature",
      "properties": {
        "id": 603383337,
        "name": "BKC Office Block",
        "height": 70.0,
        "min_height": 0.0,
        "building": "yes"
      },
      "geometry": {
        "type": "Polygon",
        "coordinates": [
          [
            [
              72.8620335,
              19.0600562
            ],
            [
              72.8620356,
              19.0600445
            ],
            [
              72.8619967,
              19.0600425
            ],
            [
              72.8619745,
              19.0600353
            ],
            [
              72.8619698,
              19.0600292
            ],
            [
              72.8619688,
              19.0600204
            ],
            [
              72.8619732,
              19.0600118
            ],
            [
              72.8619816,
              19.0600058
            ],
            [
              72.8620124,
              19.0600093
            ],
            [
              72.8620134,
              19.0600048
            ],
            [
              72.8620141,
              19.0599979
            ],
            [
              72.8620171,
              19.0599963
            ],
            [
              72.8620258,
              19.059996
            ],
            [
              72.8620423,
              19.0599937
            ],
            [
              72.8620433,
              19.0599865
            ],
            [
              72.8620272,
              19.0599782
            ],
            [
              72.8620181,
              19.0599728
            ],
            [
              72.8620118,
              19.059964
            ],
            [
              72.8620054,
              19.0599462
            ],
            [
              72.8620087,
              19.0599278
            ],
            [
              72.8620175,
              19.0599129
            ],
            [
              72.8620346,
              19.0599006
            ],
            [
              72.8620677,
              19.0598996
            ],
            [
              72.8623668,
              19.0599256
            ],
            [
              72.8623873,
              19.0599345
            ],
            [
              72.8624,
              19.0599481
            ],
            [
              72.862403,
              19.0599709
            ],
            [
              72.8624007,
              19.0599925
            ],
            [
              72.8623826,
              19.060009
            ],
            [
              72.8623614,
              19.0600175
            ],
            [
              72.8623524,
              19.0600207
            ],
            [
              72.8623484,
              19.0600242
            ],
            [
              72.862349,
              19.0600302
            ],
            [
              72.8623574,
              19.0600368
            ],
            [
              72.8623655,
              19.06004
            ],
            [
              72.8623832,
              19.0600413
            ],
            [
              72.8623916,
              19.0600476
            ],
            [
              72.8623936,
              19.0600565
            ],
            [
              72.862392,
              19.0600657
            ],
            [
              72.8623873,
              19.0600704
            ],
            [
              72.8623262,
              19.0600679
            ],
            [
              72.8623249,
              19.0600771
            ],
            [
              72.8620335,
              19.0600562
            ]
          ]
        ]
      }
    },
    {
      "type": "Feature",
      "properties": {
        "id": 614217950,
        "name": "Signia Isles",
        "height": 70.0,
        "min_height": 0.0,
        "building": "apartments"
      },
      "geometry": {
        "type": "Polygon",
        "coordinates": [
          [
            [
              72.8696116,
              19.067205
            ],
            [
              72.8698891,
              19.0674602
            ],
            [
              72.8699326,
              19.0674273
            ],
            [
              72.8699768,
              19.0674401
            ],
            [
              72.8701622,
              19.0672298
            ],
            [
              72.8701059,
              19.0671668
            ],
            [
              72.8698808,
              19.0669538
            ],
            [
              72.8696116,
              19.067205
            ]
          ]
        ]
      }
    },
    {
      "type": "Feature",
      "properties": {
        "id": 626938775,
        "name": "Mumbai BKC",
        "height": 50.0,
        "min_height": 0.0,
        "building": "yes"
      },
      "geometry": {
        "type": "Polygon",
        "coordinates": [
          [
            [
              72.8668573,
              19.0686237
            ],
            [
              72.8665352,
              19.0690931
            ],
            [
              72.8628355,
              19.0668252
            ],
            [
              72.8631576,
              19.0663558
            ],
            [
              72.8668573,
              19.0686237
            ]
          ]
        ]
      }
    },
    {
      "type": "Feature",
      "properties": {
        "id": 636741510,
        "name": "BKC Office Block",
        "height": 35.0,
        "min_height": 0.0,
        "building": "yes"
      },
      "geometry": {
        "type": "Polygon",
        "coordinates": [
          [
            [
              72.8635757,
              19.0710692
            ],
            [
              72.8634979,
              19.0707346
            ],
            [
              72.863919,
              19.0704861
            ],
            [
              72.8638466,
              19.0703644
            ],
            [
              72.8637983,
              19.0703949
            ],
            [
              72.8636776,
              19.070263
            ],
            [
              72.8636267,
              19.0703061
            ],
            [
              72.8637232,
              19.0704228
            ],
            [
              72.8635006,
              19.0705444
            ],
            [
              72.8634309,
              19.0705825
            ],
            [
              72.8633933,
              19.0706306
            ],
            [
              72.8633826,
              19.0706839
            ],
            [
              72.8634711,
              19.0710464
            ],
            [
              72.8635757,
              19.0710692
            ]
          ]
        ]
      }
    },
    {
      "type": "Feature",
      "properties": {
        "id": 713410809,
        "name": "BKC Office Block",
        "height": 35.0,
        "min_height": 0.0,
        "building": "residential"
      },
      "geometry": {
        "type": "Polygon",
        "coordinates": [
          [
            [
              72.8739175,
              19.0523105
            ],
            [
              72.8739677,
              19.0523085
            ],
            [
              72.874066,
              19.0523085
            ],
            [
              72.874066,
              19.0518992
            ],
            [
              72.87393,
              19.0518913
            ],
            [
              72.8739216,
              19.0520396
            ],
            [
              72.8738965,
              19.0520475
            ],
            [
              72.8738965,
              19.0521583
            ],
            [
              72.8739216,
              19.0521642
            ],
            [
              72.8739175,
              19.0523105
            ]
          ]
        ]
      }
    },
    {
      "type": "Feature",
      "properties": {
        "id": 713425346,
        "name": "Bhakti Dham Mandir",
        "height": 15.0,
        "min_height": 0.0,
        "building": "yes"
      },
      "geometry": {
        "type": "Polygon",
        "coordinates": [
          [
            [
              72.8766374,
              19.0519546
            ],
            [
              72.8768254,
              19.0520252
            ],
            [
              72.8768715,
              19.0517732
            ],
            [
              72.8766727,
              19.051731
            ],
            [
              72.8766374,
              19.0519546
            ]
          ]
        ]
      }
    },
    {
      "type": "Feature",
      "properties": {
        "id": 754176649,
        "name": "John Mary Enclave",
        "height": 25.0,
        "min_height": 0.0,
        "building": "yes"
      },
      "geometry": {
        "type": "Polygon",
        "coordinates": [
          [
            [
              72.8795251,
              19.0711237
            ],
            [
              72.8794694,
              19.0709754
            ],
            [
              72.8793698,
              19.0710088
            ],
            [
              72.8794254,
              19.0711571
            ],
            [
              72.8795251,
              19.0711237
            ]
          ]
        ]
      }
    },
    {
      "type": "Feature",
      "properties": {
        "id": 774171606,
        "name": "BKC Office Block",
        "height": 25.0,
        "min_height": 0.0,
        "building": "yes"
      },
      "geometry": {
        "type": "Polygon",
        "coordinates": [
          [
            [
              72.8768529,
              19.0601078
            ],
            [
              72.8769247,
              19.0601076
            ],
            [
              72.8769241,
              19.0599156
            ],
            [
              72.8768523,
              19.0599158
            ],
            [
              72.8768529,
              19.0601078
            ]
          ]
        ]
      }
    },
    {
      "type": "Feature",
      "properties": {
        "id": 820944126,
        "name": "BKC Office Block",
        "height": 15.0,
        "min_height": 0.0,
        "building": "yes"
      },
      "geometry": {
        "type": "Polygon",
        "coordinates": [
          [
            [
              72.8724191,
              19.0613941
            ],
            [
              72.8725078,
              19.0615861
            ],
            [
              72.8726245,
              19.0615379
            ],
            [
              72.8725357,
              19.0613459
            ],
            [
              72.8724191,
              19.0613941
            ]
          ]
        ]
      }
    },
    {
      "type": "Feature",
      "properties": {
        "id": 909382831,
        "name": "BKC Office Block",
        "height": 15.0,
        "min_height": 0.0,
        "building": "yes"
      },
      "geometry": {
        "type": "Polygon",
        "coordinates": [
          [
            [
              72.8627792,
              19.0668509
            ],
            [
              72.862655,
              19.0670348
            ],
            [
              72.8631298,
              19.0673212
            ],
            [
              72.8632539,
              19.0671374
            ],
            [
              72.8627792,
              19.0668509
            ]
          ]
        ]
      }
    },
    {
      "type": "Feature",
      "properties": {
        "id": 909382834,
        "name": "Jio World Residences",
        "height": 25.0,
        "min_height": 0.0,
        "building": "apartments"
      },
      "geometry": {
        "type": "Polygon",
        "coordinates": [
          [
            [
              72.8672772,
              19.0623004
            ],
            [
              72.8667293,
              19.0622557
            ],
            [
              72.8665523,
              19.0641925
            ],
            [
              72.8671002,
              19.0642373
            ],
            [
              72.8672772,
              19.0623004
            ]
          ]
        ]
      }
    },
    {
      "type": "Feature",
      "properties": {
        "id": 909382835,
        "name": "Jio World Offices",
        "height": 35.0,
        "min_height": 0.0,
        "building": "commercial"
      },
      "geometry": {
        "type": "Polygon",
        "coordinates": [
          [
            [
              72.8657967,
              19.0637758
            ],
            [
              72.8662147,
              19.0636298
            ],
            [
              72.866062,
              19.0632393
            ],
            [
              72.8665877,
              19.0627882
            ],
            [
              72.8664619,
              19.0624059
            ],
            [
              72.8655231,
              19.0630761
            ],
            [
              72.8657967,
              19.0637758
            ]
          ]
        ]
      }
    },
    {
      "type": "Feature",
      "properties": {
        "id": 909382836,
        "name": "Jio World Residences",
        "height": 25.0,
        "min_height": 0.0,
        "building": "apartments"
      },
      "geometry": {
        "type": "Polygon",
        "coordinates": [
          [
            [
              72.8663693,
              19.0649532
            ],
            [
              72.8666641,
              19.0648477
            ],
            [
              72.8663228,
              19.0639955
            ],
            [
              72.8662457,
              19.0638032
            ],
            [
              72.8659508,
              19.0639088
            ],
            [
              72.8663693,
              19.0649532
            ]
          ]
        ]
      }
    },
    {
      "type": "Feature",
      "properties": {
        "id": 923192623,
        "name": "BKC Office Block",
        "height": 70.0,
        "min_height": 0.0,
        "building": "apartments"
      },
      "geometry": {
        "type": "Polygon",
        "coordinates": [
          [
            [
              72.8520934,
              19.0600185
            ],
            [
              72.8520701,
              19.0599536
            ],
            [
              72.8520157,
              19.0599711
            ],
            [
              72.8520039,
              19.0599382
            ],
            [
              72.8519452,
              19.059957
            ],
            [
              72.8519245,
              19.0598996
            ],
            [
              72.8520154,
              19.0598703
            ],
            [
              72.8519873,
              19.0597923
            ],
            [
              72.8516847,
              19.0598906
            ],
            [
              72.8516978,
              19.0599207
            ],
            [
              72.8517292,
              19.0600113
            ],
            [
              72.8517769,
              19.059996
            ],
            [
              72.8517674,
              19.0599696
            ],
            [
              72.8518224,
              19.0599519
            ],
            [
              72.851841,
              19.0600035
            ],
            [
              72.8517013,
              19.0600484
            ],
            [
              72.8517121,
              19.0600783
            ],
            [
              72.8516656,
              19.0600932
            ],
            [
              72.8516845,
              19.0601459
            ],
            [
              72.8518459,
              19.060094
            ],
            [
              72.8518369,
              19.0600689
            ],
            [
              72.8519125,
              19.0600447
            ],
            [
              72.8519228,
              19.0600733
            ],
            [
              72.8520934,
              19.0600185
            ]
          ]
        ]
      }
    },
    {
      "type": "Feature",
      "properties": {
        "id": 923192642,
        "name": "BKC Office Block",
        "height": 25.0,
        "min_height": 0.0,
        "building": "yes"
      },
      "geometry": {
        "type": "Polygon",
        "coordinates": [
          [
            [
              72.8548543,
              19.0598737
            ],
            [
              72.8548859,
              19.0598243
            ],
            [
              72.8549058,
              19.0597961
            ],
            [
              72.8549269,
              19.0597574
            ],
            [
              72.8549294,
              19.0597246
            ],
            [
              72.8549169,
              19.0597023
            ],
            [
              72.8548971,
              19.0596835
            ],
            [
              72.8548772,
              19.0596812
            ],
            [
              72.85484,
              19.0596929
            ],
            [
              72.8548115,
              19.0597228
            ],
            [
              72.8547829,
              19.0597668
            ],
            [
              72.8547519,
              19.0598149
            ],
            [
              72.8548543,
              19.0598737
            ]
          ]
        ]
      }
    },
    {
      "type": "Feature",
      "properties": {
        "id": 960135863,
        "name": "BKC Office Block",
        "height": 70.0,
        "min_height": 0.0,
        "building": "yes"
      },
      "geometry": {
        "type": "Polygon",
        "coordinates": [
          [
            [
              72.8522619,
              19.0665417
            ],
            [
              72.8521349,
              19.0664815
            ],
            [
              72.8520366,
              19.0666666
            ],
            [
              72.8521636,
              19.0667268
            ],
            [
              72.8522619,
              19.0665417
            ]
          ]
        ]
      }
    },
    {
      "type": "Feature",
      "properties": {
        "id": 960135864,
        "name": "BKC Office Block",
        "height": 15.0,
        "min_height": 0.0,
        "building": "yes"
      },
      "geometry": {
        "type": "Polygon",
        "coordinates": [
          [
            [
              72.852131,
              19.0663408
            ],
            [
              72.8520721,
              19.0664517
            ],
            [
              72.8521349,
              19.0664815
            ],
            [
              72.8522619,
              19.0665417
            ],
            [
              72.8523208,
              19.0664308
            ],
            [
              72.852131,
              19.0663408
            ]
          ]
        ]
      }
    },
    {
      "type": "Feature",
      "properties": {
        "id": 960135865,
        "name": "BKC Office Block",
        "height": 35.0,
        "min_height": 0.0,
        "building": "yes"
      },
      "geometry": {
        "type": "Polygon",
        "coordinates": [
          [
            [
              72.8519363,
              19.0662484
            ],
            [
              72.8518774,
              19.0663594
            ],
            [
              72.8520721,
              19.0664517
            ],
            [
              72.852131,
              19.0663408
            ],
            [
              72.8519363,
              19.0662484
            ]
          ]
        ]
      }
    },
    {
      "type": "Feature",
      "properties": {
        "id": 998071262,
        "name": "Jairaj Bhawan",
        "height": 15.0,
        "min_height": 0.0,
        "building": "yes"
      },
      "geometry": {
        "type": "Polygon",
        "coordinates": [
          [
            [
              72.8780234,
              19.0710024
            ],
            [
              72.8781341,
              19.0709641
            ],
            [
              72.8780393,
              19.0707191
            ],
            [
              72.8779285,
              19.0707574
            ],
            [
              72.8780234,
              19.0710024
            ]
          ]
        ]
      }
    },
    {
      "type": "Feature",
      "properties": {
        "id": 1027121224,
        "name": "BKC Office Block",
        "height": 25.0,
        "min_height": 0.0,
        "building": "yes"
      },
      "geometry": {
        "type": "Polygon",
        "coordinates": [
          [
            [
              72.8561601,
              19.0655513
            ],
            [
              72.8561078,
              19.0656638
            ],
            [
              72.8560158,
              19.0657262
            ],
            [
              72.856063,
              19.0658015
            ],
            [
              72.8561242,
              19.0657649
            ],
            [
              72.8562545,
              19.065751
            ],
            [
              72.8562851,
              19.0657926
            ],
            [
              72.8563658,
              19.0657507
            ],
            [
              72.8563215,
              19.0657005
            ],
            [
              72.8563535,
              19.0656775
            ],
            [
              72.8564189,
              19.0657104
            ],
            [
              72.8564653,
              19.0656167
            ],
            [
              72.8564285,
              19.0655831
            ],
            [
              72.856447,
              19.0655255
            ],
            [
              72.8565216,
              19.0654023
            ],
            [
              72.8563892,
              19.0653278
            ],
            [
              72.8563276,
              19.0654172
            ],
            [
              72.8562313,
              19.0654801
            ],
            [
              72.8561907,
              19.0654444
            ],
            [
              72.8561232,
              19.0655147
            ],
            [
              72.8561601,
              19.0655513
            ]
          ]
        ]
      }
    },
    {
      "type": "Feature",
      "properties": {
        "id": 1027121225,
        "name": "BKC Office Block",
        "height": 35.0,
        "min_height": 0.0,
        "building": "yes"
      },
      "geometry": {
        "type": "Polygon",
        "coordinates": [
          [
            [
              72.8569665,
              19.0648352
            ],
            [
              72.8568594,
              19.0647692
            ],
            [
              72.8565025,
              19.0652865
            ],
            [
              72.8566096,
              19.0653525
            ],
            [
              72.8569665,
              19.0648352
            ]
          ]
        ]
      }
    },
    {
      "type": "Feature",
      "properties": {
        "id": 1027121226,
        "name": "BKC Office Block",
        "height": 70.0,
        "min_height": 0.0,
        "building": "yes"
      },
      "geometry": {
        "type": "Polygon",
        "coordinates": [
          [
            [
              72.8565508,
              19.0645842
            ],
            [
              72.8563487,
              19.0644597
            ],
            [
              72.8563013,
              19.0645285
            ],
            [
              72.8565033,
              19.064653
            ],
            [
              72.8564687,
              19.0647032
            ],
            [
              72.8564032,
              19.0646628
            ],
            [
              72.8563378,
              19.0647576
            ],
            [
              72.8564033,
              19.064798
            ],
            [
              72.8562891,
              19.0649634
            ],
            [
              72.8563979,
              19.0650304
            ],
            [
              72.8566595,
              19.0646513
            ],
            [
              72.8565508,
              19.0645842
            ]
          ]
        ]
      }
    },
    {
      "type": "Feature",
      "properties": {
        "id": 1027121227,
        "name": "BKC Office Block",
        "height": 50.0,
        "min_height": 0.0,
        "building": "yes"
      },
      "geometry": {
        "type": "Polygon",
        "coordinates": [
          [
            [
              72.8562716,
              19.0652788
            ],
            [
              72.8562179,
              19.0650151
            ],
            [
              72.8561075,
              19.0650352
            ],
            [
              72.8561611,
              19.0652988
            ],
            [
              72.8562716,
              19.0652788
            ]
          ]
        ]
      }
    },
    {
      "type": "Feature",
      "properties": {
        "id": 1027121228,
        "name": "BKC Office Block",
        "height": 50.0,
        "min_height": 0.0,
        "building": "yes"
      },
      "geometry": {
        "type": "Polygon",
        "coordinates": [
          [
            [
              72.8564787,
              19.065216
            ],
            [
              72.8568006,
              19.0647496
            ],
            [
              72.8566849,
              19.0646783
            ],
            [
              72.8563631,
              19.0651448
            ],
            [
              72.8564787,
              19.065216
            ]
          ]
        ]
      }
    },
    {
      "type": "Feature",
      "properties": {
        "id": 1027121229,
        "name": "BKC Office Block",
        "height": 35.0,
        "min_height": 0.0,
        "building": "yes"
      },
      "geometry": {
        "type": "Polygon",
        "coordinates": [
          [
            [
              72.8570422,
              19.0646817
            ],
            [
              72.856656,
              19.0643344
            ],
            [
              72.8565632,
              19.0644266
            ],
            [
              72.8569494,
              19.0647739
            ],
            [
              72.8570422,
              19.0646817
            ]
          ]
        ]
      }
    },
    {
      "type": "Feature",
      "properties": {
        "id": 1027121234,
        "name": "BKC Office Block",
        "height": 50.0,
        "min_height": 0.0,
        "building": "yes"
      },
      "geometry": {
        "type": "Polygon",
        "coordinates": [
          [
            [
              72.8650779,
              19.068628
            ],
            [
              72.8652815,
              19.0683264
            ],
            [
              72.8650671,
              19.068197
            ],
            [
              72.8649527,
              19.068128
            ],
            [
              72.8648633,
              19.0682604
            ],
            [
              72.8649777,
              19.0683294
            ],
            [
              72.8648634,
              19.0684986
            ],
            [
              72.8650779,
              19.068628
            ]
          ]
        ]
      }
    },
    {
      "type": "Feature",
      "properties": {
        "id": 1027121235,
        "name": "BKC Office Block",
        "height": 50.0,
        "min_height": 0.0,
        "building": "yes"
      },
      "geometry": {
        "type": "Polygon",
        "coordinates": [
          [
            [
              72.8641471,
              19.0679638
            ],
            [
              72.8642541,
              19.0680283
            ],
            [
              72.8643268,
              19.0679207
            ],
            [
              72.8642198,
              19.0678561
            ],
            [
              72.8641471,
              19.0679638
            ]
          ]
        ]
      }
    },
    {
      "type": "Feature",
      "properties": {
        "id": 1027121240,
        "name": "BKC Office Block",
        "height": 35.0,
        "min_height": 0.0,
        "building": "yes"
      },
      "geometry": {
        "type": "Polygon",
        "coordinates": [
          [
            [
              72.8636194,
              19.0636896
            ],
            [
              72.8632152,
              19.063268
            ],
            [
              72.8631315,
              19.0633397
            ],
            [
              72.8631753,
              19.0633853
            ],
            [
              72.8630881,
              19.06346
            ],
            [
              72.8634114,
              19.0637973
            ],
            [
              72.8634987,
              19.0637226
            ],
            [
              72.8635357,
              19.0637612
            ],
            [
              72.8636194,
              19.0636896
            ]
          ]
        ]
      }
    },
    {
      "type": "Feature",
      "properties": {
        "id": 1027121242,
        "name": "BKC Office Block",
        "height": 15.0,
        "min_height": 0.0,
        "building": "yes"
      },
      "geometry": {
        "type": "Polygon",
        "coordinates": [
          [
            [
              72.8569883,
              19.0637213
            ],
            [
              72.857088,
              19.0637712
            ],
            [
              72.857151,
              19.063659
            ],
            [
              72.8571852,
              19.0636742
            ],
            [
              72.8572228,
              19.0636781
            ],
            [
              72.8572597,
              19.0636703
            ],
            [
              72.8572919,
              19.0636515
            ],
            [
              72.8573159,
              19.0636238
            ],
            [
              72.8574528,
              19.0636924
            ],
            [
              72.8575074,
              19.0635949
            ],
            [
              72.8571573,
              19.0634197
            ],
            [
              72.8569883,
              19.0637213
            ]
          ]
        ]
      }
    },
    {
      "type": "Feature",
      "properties": {
        "id": 1027121243,
        "name": "BKC Office Block",
        "height": 50.0,
        "min_height": 0.0,
        "building": "yes"
      },
      "geometry": {
        "type": "Polygon",
        "coordinates": [
          [
            [
              72.8571953,
              19.0633256
            ],
            [
              72.8574367,
              19.0629022
            ],
            [
              72.8579416,
              19.0631594
            ],
            [
              72.8580295,
              19.0632495
            ],
            [
              72.8580858,
              19.0633256
            ],
            [
              72.8580975,
              19.063452
            ],
            [
              72.8581062,
              19.0635462
            ],
            [
              72.8581462,
              19.0636002
            ],
            [
              72.8578363,
              19.0639213
            ],
            [
              72.8577317,
              19.0638311
            ],
            [
              72.85767,
              19.063754
            ],
            [
              72.8576298,
              19.0636374
            ],
            [
              72.8575788,
              19.0635613
            ],
            [
              72.8571754,
              19.0633615
            ],
            [
              72.8571953,
              19.0633256
            ]
          ]
        ]
      }
    },
    {
      "type": "Feature",
      "properties": {
        "id": 1055960609,
        "name": "BKC Office Block",
        "height": 50.0,
        "min_height": 0.0,
        "building": "yes"
      },
      "geometry": {
        "type": "Polygon",
        "coordinates": [
          [
            [
              72.8732052,
              19.0517757
            ],
            [
              72.8733587,
              19.0517718
            ],
            [
              72.8733317,
              19.0522368
            ],
            [
              72.8731748,
              19.0522273
            ],
            [
              72.8732052,
              19.0517757
            ]
          ]
        ]
      }
    },
    {
      "type": "Feature",
      "properties": {
        "id": 1112823338,
        "name": "BKC Office Block",
        "height": 25.0,
        "min_height": 0.0,
        "building": "yes"
      },
      "geometry": {
        "type": "Polygon",
        "coordinates": [
          [
            [
              72.8759424,
              19.0526781
            ],
            [
              72.8759675,
              19.0527524
            ],
            [
              72.8761105,
              19.052722
            ],
            [
              72.8760891,
              19.0526307
            ],
            [
              72.8759424,
              19.0526781
            ]
          ]
        ]
      }
    },
    {
      "type": "Feature",
      "properties": {
        "id": 1159113175,
        "name": "Nita Mukesh Ambani Cultural Centre",
        "height": 35.0,
        "min_height": 0.0,
        "building": "commercial"
      },
      "geometry": {
        "type": "Polygon",
        "coordinates": [
          [
            [
              72.8674885,
              19.0652007
            ],
            [
              72.8670439,
              19.0652589
            ],
            [
              72.8669272,
              19.0653109
            ],
            [
              72.8668709,
              19.0653907
            ],
            [
              72.8668629,
              19.0655403
            ],
            [
              72.8669272,
              19.0656442
            ],
            [
              72.867041,
              19.0657297
            ],
            [
              72.8668627,
              19.0657624
            ],
            [
              72.8666332,
              19.065542
            ],
            [
              72.8668082,
              19.0654305
            ],
            [
              72.8668542,
              19.0653271
            ],
            [
              72.8667669,
              19.0651167
            ],
            [
              72.8675197,
              19.0648385
            ],
            [
              72.8674885,
              19.0652007
            ]
          ]
        ]
      }
    },
    {
      "type": "Feature",
      "properties": {
        "id": 1159113178,
        "name": "Jio World Convention Centre",
        "height": 35.0,
        "min_height": 0.0,
        "building": "commercial"
      },
      "geometry": {
        "type": "Polygon",
        "coordinates": [
          [
            [
              72.8671738,
              19.0646941
            ],
            [
              72.8675024,
              19.0647196
            ],
            [
              72.867712,
              19.0623132
            ],
            [
              72.8673834,
              19.0622876
            ],
            [
              72.8672813,
              19.0634909
            ],
            [
              72.8671738,
              19.0646941
            ]
          ]
        ]
      }
    },
    {
      "type": "Feature",
      "properties": {
        "id": 1159113183,
        "name": "BKC Office Block",
        "height": 50.0,
        "min_height": 0.0,
        "building": "commercial"
      },
      "geometry": {
        "type": "Polygon",
        "coordinates": [
          [
            [
              72.8682187,
              19.062763
            ],
            [
              72.8682563,
              19.0622889
            ],
            [
              72.8688772,
              19.0623346
            ],
            [
              72.8690717,
              19.0627148
            ],
            [
              72.8690656,
              19.0628334
            ],
            [
              72.8682187,
              19.062763
            ]
          ]
        ]
      }
    },
    {
      "type": "Feature",
      "properties": {
        "id": 1173501419,
        "name": "BKC Office Block",
        "height": 70.0,
        "min_height": 0.0,
        "building": "yes"
      },
      "geometry": {
        "type": "Polygon",
        "coordinates": [
          [
            [
              72.8795908,
              19.0608071
            ],
            [
              72.8798167,
              19.0605285
            ],
            [
              72.8799389,
              19.0606351
            ],
            [
              72.8797657,
              19.060887
            ],
            [
              72.8795908,
              19.0608071
            ]
          ]
        ]
      }
    },
    {
      "type": "Feature",
      "properties": {
        "id": 1202316245,
        "name": "BKC Office Block",
        "height": 50.0,
        "min_height": 0.0,
        "building": "yes"
      },
      "geometry": {
        "type": "Polygon",
        "coordinates": [
          [
            [
              72.8581121,
              19.0675535
            ],
            [
              72.8579078,
              19.0677355
            ],
            [
              72.8579778,
              19.0678058
            ],
            [
              72.8581822,
              19.0676238
            ],
            [
              72.8581121,
              19.0675535
            ]
          ]
        ]
      }
    },
    {
      "type": "Feature",
      "properties": {
        "id": 1202316246,
        "name": "BKC Office Block",
        "height": 70.0,
        "min_height": 0.0,
        "building": "yes"
      },
      "geometry": {
        "type": "Polygon",
        "coordinates": [
          [
            [
              72.8583468,
              19.0677838
            ],
            [
              72.8581385,
              19.0679689
            ],
            [
              72.8581954,
              19.0680261
            ],
            [
              72.8584037,
              19.067841
            ],
            [
              72.8583468,
              19.0677838
            ]
          ]
        ]
      }
    },
    {
      "type": "Feature",
      "properties": {
        "id": 1202316247,
        "name": "BKC Office Block",
        "height": 50.0,
        "min_height": 0.0,
        "building": "yes"
      },
      "geometry": {
        "type": "Polygon",
        "coordinates": [
          [
            [
              72.8581258,
              19.0679613
            ],
            [
              72.8579874,
              19.0678119
            ],
            [
              72.8580547,
              19.0677563
            ],
            [
              72.858193,
              19.0679057
            ],
            [
              72.8581258,
              19.0679613
            ]
          ]
        ]
      }
    },
    {
      "type": "Feature",
      "properties": {
        "id": 1202316248,
        "name": "BKC Office Block",
        "height": 25.0,
        "min_height": 0.0,
        "building": "yes"
      },
      "geometry": {
        "type": "Polygon",
        "coordinates": [
          [
            [
              72.8582135,
              19.067487
            ],
            [
              72.8581513,
              19.067537
            ],
            [
              72.8583631,
              19.0677727
            ],
            [
              72.8584254,
              19.0677227
            ],
            [
              72.8582135,
              19.067487
            ]
          ]
        ]
      }
    },
    {
      "type": "Feature",
      "properties": {
        "id": 1202316249,
        "name": "BKC Office Block",
        "height": 70.0,
        "min_height": 0.0,
        "building": "yes"
      },
      "geometry": {
        "type": "Polygon",
        "coordinates": [
          [
            [
              72.8584742,
              19.0671186
            ],
            [
              72.8580757,
              19.0674694
            ],
            [
              72.8581243,
              19.0675187
            ],
            [
              72.8585228,
              19.0671678
            ],
            [
              72.8584742,
              19.0671186
            ]
          ]
        ]
      }
    },
    {
      "type": "Feature",
      "properties": {
        "id": 1202316250,
        "name": "BKC Office Block",
        "height": 25.0,
        "min_height": 0.0,
        "building": "yes"
      },
      "geometry": {
        "type": "Polygon",
        "coordinates": [
          [
            [
              72.8583927,
              19.0673033
            ],
            [
              72.8583194,
              19.0673666
            ],
            [
              72.858425,
              19.0674757
            ],
            [
              72.8584983,
              19.0674123
            ],
            [
              72.8583927,
              19.0673033
            ]
          ]
        ]
      }
    },
    {
      "type": "Feature",
      "properties": {
        "id": 1202316251,
        "name": "BKC Office Block",
        "height": 70.0,
        "min_height": 0.0,
        "building": "yes"
      },
      "geometry": {
        "type": "Polygon",
        "coordinates": [
          [
            [
              72.8584873,
              19.0679938
            ],
            [
              72.8582755,
              19.0681574
            ],
            [
              72.8583364,
              19.0682278
            ],
            [
              72.8585482,
              19.0680642
            ],
            [
              72.8584873,
              19.0679938
            ]
          ]
        ]
      }
    },
    {
      "type": "Feature",
      "properties": {
        "id": 1202316252,
        "name": "BKC Office Block",
        "height": 25.0,
        "min_height": 0.0,
        "building": "yes"
      },
      "geometry": {
        "type": "Polygon",
        "coordinates": [
          [
            [
              72.8587269,
              19.0681254
            ],
            [
              72.8585411,
              19.068276
            ],
            [
              72.8586002,
              19.0683412
            ],
            [
              72.858786,
              19.0681905
            ],
            [
              72.8587269,
              19.0681254
            ]
          ]
        ]
      }
    },
    {
      "type": "Feature",
      "properties": {
        "id": 1202316253,
        "name": "BKC Office Block",
        "height": 25.0,
        "min_height": 0.0,
        "building": "yes"
      },
      "geometry": {
        "type": "Polygon",
        "coordinates": [
          [
            [
              72.8585359,
              19.0683942
            ],
            [
              72.8583707,
              19.0682175
            ],
            [
              72.8584264,
              19.0681709
            ],
            [
              72.8585917,
              19.0683476
            ],
            [
              72.8585359,
              19.0683942
            ]
          ]
        ]
      }
    },
    {
      "type": "Feature",
      "properties": {
        "id": 1202316254,
        "name": "BKC Office Block",
        "height": 70.0,
        "min_height": 0.0,
        "building": "yes"
      },
      "geometry": {
        "type": "Polygon",
        "coordinates": [
          [
            [
              72.8585602,
              19.0679361
            ],
            [
              72.8584942,
              19.0679888
            ],
            [
              72.8586501,
              19.0681633
            ],
            [
              72.8587162,
              19.0681105
            ],
            [
              72.8585602,
              19.0679361
            ]
          ]
        ]
      }
    },
    {
      "type": "Feature",
      "properties": {
        "id": 1202316255,
        "name": "BKC Office Block",
        "height": 50.0,
        "min_height": 0.0,
        "building": "yes"
      },
      "geometry": {
        "type": "Polygon",
        "coordinates": [
          [
            [
              72.8587515,
              19.0679943
            ],
            [
              72.8586928,
              19.0680425
            ],
            [
              72.8588079,
              19.068168
            ],
            [
              72.8588667,
              19.0681198
            ],
            [
              72.8587515,
              19.0679943
            ]
          ]
        ]
      }
    },
    {
      "type": "Feature",
      "properties": {
        "id": 1202316256,
        "name": "BKC Office Block",
        "height": 50.0,
        "min_height": 0.0,
        "building": "yes"
      },
      "geometry": {
        "type": "Polygon",
        "coordinates": [
          [
            [
              72.8587781,
              19.0682477
            ],
            [
              72.8588312,
              19.0683029
            ],
            [
              72.8590181,
              19.0681426
            ],
            [
              72.8589651,
              19.0680874
            ],
            [
              72.8587781,
              19.0682477
            ]
          ]
        ]
      }
    },
    {
      "type": "Feature",
      "properties": {
        "id": 1202316257,
        "name": "BKC Office Block",
        "height": 50.0,
        "min_height": 0.0,
        "building": "yes"
      },
      "geometry": {
        "type": "Polygon",
        "coordinates": [
          [
            [
              72.8591532,
              19.0679184
            ],
            [
              72.8589692,
              19.0680791
            ],
            [
              72.8590299,
              19.0681411
            ],
            [
              72.8592138,
              19.0679803
            ],
            [
              72.8591532,
              19.0679184
            ]
          ]
        ]
      }
    },
    {
      "type": "Feature",
      "properties": {
        "id": 1202316258,
        "name": "BKC Office Block",
        "height": 50.0,
        "min_height": 0.0,
        "building": "yes"
      },
      "geometry": {
        "type": "Polygon",
        "coordinates": [
          [
            [
              72.8586537,
              19.0684452
            ],
            [
              72.8585897,
              19.068378
            ],
            [
              72.8587462,
              19.0682449
            ],
            [
              72.8588101,
              19.0683121
            ],
            [
              72.8586537,
              19.0684452
            ]
          ]
        ]
      }
    },
    {
      "type": "Feature",
      "properties": {
        "id": 1202316259,
        "name": "BKC Office Block",
        "height": 25.0,
        "min_height": 0.0,
        "building": "yes"
      },
      "geometry": {
        "type": "Polygon",
        "coordinates": [
          [
            [
              72.8591183,
              19.0677518
            ],
            [
              72.8590601,
              19.0678
            ],
            [
              72.8592345,
              19.0679884
            ],
            [
              72.8592928,
              19.0679402
            ],
            [
              72.8591183,
              19.0677518
            ]
          ]
        ]
      }
    },
    {
      "type": "Feature",
      "properties": {
        "id": 1202316260,
        "name": "BKC Office Block",
        "height": 25.0,
        "min_height": 0.0,
        "building": "yes"
      },
      "geometry": {
        "type": "Polygon",
        "coordinates": [
          [
            [
              72.8582289,
              19.0674509
            ],
            [
              72.8582035,
              19.0674733
            ],
            [
              72.8583589,
              19.0676312
            ],
            [
              72.8583843,
              19.0676088
            ],
            [
              72.8583066,
              19.0675299
            ],
            [
              72.8582289,
              19.0674509
            ]
          ]
        ]
      }
    },
    {
      "type": "Feature",
      "properties": {
        "id": 1291881355,
        "name": "BKC Office Block",
        "height": 50.0,
        "min_height": 0.0,
        "building": "yes"
      },
      "geometry": {
        "type": "Polygon",
        "coordinates": [
          [
            [
              72.862201,
              19.061939
            ],
            [
              72.8622367,
              19.0619565
            ],
            [
              72.8622794,
              19.0619689
            ],
            [
              72.8623238,
              19.0619738
            ],
            [
              72.8623684,
              19.061971
            ],
            [
              72.8624117,
              19.0619607
            ],
            [
              72.8624541,
              19.0619423
            ],
            [
              72.862492,
              19.0619167
            ],
            [
              72.8625242,
              19.0618848
            ],
            [
              72.8625495,
              19.0618477
            ],
            [
              72.8625669,
              19.0618069
            ],
            [
              72.8625676,
              19.0618037
            ],
            [
              72.8629321,
              19.0616692
            ],
            [
              72.8628974,
              19.0615856
            ],
            [
              72.8627726,
              19.0616125
            ],
            [
              72.862572,
              19.0616865
            ],
            [
              72.862563,
              19.0616429
            ],
            [
              72.8623541,
              19.0617352
            ],
            [
              72.8622397,
              19.0617726
            ],
            [
              72.8620897,
              19.0618223
            ],
            [
              72.8621085,
              19.0618438
            ],
            [
              72.8621089,
              19.0618445
            ],
            [
              72.8621136,
              19.0618557
            ],
            [
              72.8618814,
              19.06195
            ],
            [
              72.8618097,
              19.0619976
            ],
            [
              72.8618579,
              19.062089
            ],
            [
              72.862201,
              19.061939
            ]
          ]
        ]
      }
    },
    {
      "type": "Feature",
      "properties": {
        "id": 1291881356,
        "name": "BKC Office Block",
        "height": 50.0,
        "min_height": 0.0,
        "building": "yes"
      },
      "geometry": {
        "type": "Polygon",
        "coordinates": [
          [
            [
              72.8633988,
              19.0624551
            ],
            [
              72.8630981,
              19.0627169
            ],
            [
              72.863071,
              19.0627148
            ],
            [
              72.8630238,
              19.0627202
            ],
            [
              72.8629786,
              19.0627343
            ],
            [
              72.8629374,
              19.0627567
            ],
            [
              72.8629011,
              19.0627872
            ],
            [
              72.8628721,
              19.0628241
            ],
            [
              72.8628516,
              19.0628659
            ],
            [
              72.8628407,
              19.0629106
            ],
            [
              72.86284,
              19.0629416
            ],
            [
              72.8625485,
              19.0631953
            ],
            [
              72.8626186,
              19.0632672
            ],
            [
              72.8628673,
              19.0630507
            ],
            [
              72.8628837,
              19.0630674
            ],
            [
              72.8628944,
              19.0630823
            ],
            [
              72.8629089,
              19.0631022
            ],
            [
              72.8632684,
              19.0628203
            ],
            [
              72.8632429,
              19.0627803
            ],
            [
              72.8632271,
              19.0627682
            ],
            [
              72.8632109,
              19.0627515
            ],
            [
              72.8634689,
              19.062527
            ],
            [
              72.8633988,
              19.0624551
            ]
          ]
        ]
      }
    },
    {
      "type": "Feature",
      "properties": {
        "id": 1327051193,
        "name": "New Library Building",
        "height": 25.0,
        "min_height": 0.0,
        "building": "yes"
      },
      "geometry": {
        "type": "Polygon",
        "coordinates": [
          [
            [
              72.8556237,
              19.0722079
            ],
            [
              72.8558736,
              19.0724934
            ],
            [
              72.8563121,
              19.0721506
            ],
            [
              72.8560622,
              19.0718651
            ],
            [
              72.8556237,
              19.0722079
            ]
          ]
        ]
      }
    },
    {
      "type": "Feature",
      "properties": {
        "id": 1327051212,
        "name": "BKC Office Block",
        "height": 15.0,
        "min_height": 0.0,
        "building": "yes"
      },
      "geometry": {
        "type": "Polygon",
        "coordinates": [
          [
            [
              72.875597,
              19.0548047
            ],
            [
              72.8758406,
              19.0546486
            ],
            [
              72.8759618,
              19.0548177
            ],
            [
              72.8759252,
              19.0548411
            ],
            [
              72.8758742,
              19.05477
            ],
            [
              72.8757349,
              19.0548592
            ],
            [
              72.8757067,
              19.05482
            ],
            [
              72.875639,
              19.0548633
            ],
            [
              72.875597,
              19.0548047
            ]
          ]
        ]
      }
    },
    {
      "type": "Feature",
      "properties": {
        "id": 1327051213,
        "name": "BKC Office Block",
        "height": 50.0,
        "min_height": 0.0,
        "building": "yes"
      },
      "geometry": {
        "type": "Polygon",
        "coordinates": [
          [
            [
              72.8760624,
              19.0554528
            ],
            [
              72.8760634,
              19.0554286
            ],
            [
              72.875993,
              19.055427
            ],
            [
              72.8759921,
              19.0554607
            ],
            [
              72.8760401,
              19.055463
            ],
            [
              72.8760463,
              19.0554522
            ],
            [
              72.8760624,
              19.0554528
            ]
          ]
        ]
      }
    },
    {
      "type": "Feature",
      "properties": {
        "id": 1327051218,
        "name": "BKC Office Block",
        "height": 15.0,
        "min_height": 0.0,
        "building": "yes"
      },
      "geometry": {
        "type": "Polygon",
        "coordinates": [
          [
            [
              72.8749001,
              19.0553331
            ],
            [
              72.8749367,
              19.0553376
            ],
            [
              72.874944,
              19.0552844
            ],
            [
              72.8749197,
              19.0552814
            ],
            [
              72.8749073,
              19.0552799
            ],
            [
              72.8749001,
              19.0553331
            ]
          ]
        ]
      }
    },
    {
      "type": "Feature",
      "properties": {
        "id": 1327051219,
        "name": "BKC Office Block",
        "height": 50.0,
        "min_height": 0.0,
        "building": "yes"
      },
      "geometry": {
        "type": "Polygon",
        "coordinates": [
          [
            [
              72.875059,
              19.0552107
            ],
            [
              72.8750311,
              19.0552057
            ],
            [
              72.8750223,
              19.0552494
            ],
            [
              72.8750817,
              19.0552601
            ],
            [
              72.8750905,
              19.0552164
            ],
            [
              72.875059,
              19.0552107
            ]
          ]
        ]
      }
    },
    {
      "type": "Feature",
      "properties": {
        "id": 1327051222,
        "name": "BKC Office Block",
        "height": 35.0,
        "min_height": 0.0,
        "building": "yes"
      },
      "geometry": {
        "type": "Polygon",
        "coordinates": [
          [
            [
              72.8736032,
              19.0538482
            ],
            [
              72.8735352,
              19.053864
            ],
            [
              72.8733946,
              19.0538968
            ],
            [
              72.8733048,
              19.0539177
            ],
            [
              72.8733307,
              19.054017
            ],
            [
              72.8736291,
              19.0539475
            ],
            [
              72.8736032,
              19.0538482
            ]
          ]
        ]
      }
    },
    {
      "type": "Feature",
      "properties": {
        "id": 1327051224,
        "name": "BKC Office Block",
        "height": 15.0,
        "min_height": 0.0,
        "building": "yes"
      },
      "geometry": {
        "type": "Polygon",
        "coordinates": [
          [
            [
              72.8749157,
              19.0557366
            ],
            [
              72.8749138,
              19.0556458
            ],
            [
              72.8749292,
              19.0555965
            ],
            [
              72.8749035,
              19.0555033
            ],
            [
              72.8749466,
              19.0555039
            ],
            [
              72.8749685,
              19.0555343
            ],
            [
              72.8750491,
              19.0555599
            ],
            [
              72.874993,
              19.0557402
            ],
            [
              72.8749157,
              19.0557366
            ]
          ]
        ]
      }
    },
    {
      "type": "Feature",
      "properties": {
        "id": 1327051225,
        "name": "BKC Office Block",
        "height": 50.0,
        "min_height": 0.0,
        "building": "yes"
      },
      "geometry": {
        "type": "Polygon",
        "coordinates": [
          [
            [
              72.8748761,
              19.0552264
            ],
            [
              72.8749695,
              19.0552357
            ],
            [
              72.8749744,
              19.0551921
            ],
            [
              72.8749634,
              19.055191
            ],
            [
              72.8749677,
              19.0551526
            ],
            [
              72.8748852,
              19.0551444
            ],
            [
              72.8748761,
              19.0552264
            ]
          ]
        ]
      }
    },
    {
      "type": "Feature",
      "properties": {
        "id": 1327051227,
        "name": "BKC Office Block",
        "height": 50.0,
        "min_height": 0.0,
        "building": "yes"
      },
      "geometry": {
        "type": "Polygon",
        "coordinates": [
          [
            [
              72.8761238,
              19.0553058
            ],
            [
              72.8761909,
              19.0553055
            ],
            [
              72.8761908,
              19.0552734
            ],
            [
              72.8761237,
              19.0552738
            ],
            [
              72.8761238,
              19.0553058
            ]
          ]
        ]
      }
    },
    {
      "type": "Feature",
      "properties": {
        "id": 1327051229,
        "name": "BKC Office Block",
        "height": 50.0,
        "min_height": 0.0,
        "building": "yes"
      },
      "geometry": {
        "type": "Polygon",
        "coordinates": [
          [
            [
              72.8748862,
              19.0554157
            ],
            [
              72.8749354,
              19.0554231
            ],
            [
              72.8749403,
              19.0553888
            ],
            [
              72.8749457,
              19.0553511
            ],
            [
              72.8749471,
              19.0553408
            ],
            [
              72.8749367,
              19.0553376
            ],
            [
              72.8749001,
              19.0553331
            ],
            [
              72.8748862,
              19.0554157
            ]
          ]
        ]
      }
    },
    {
      "type": "Feature",
      "properties": {
        "id": 1327051230,
        "name": "BKC Office Block",
        "height": 25.0,
        "min_height": 0.0,
        "building": "yes"
      },
      "geometry": {
        "type": "Polygon",
        "coordinates": [
          [
            [
              72.8749257,
              19.055464
            ],
            [
              72.874975,
              19.0554692
            ],
            [
              72.8749908,
              19.0554299
            ],
            [
              72.8749423,
              19.0554249
            ],
            [
              72.8749305,
              19.0554237
            ],
            [
              72.8749257,
              19.055464
            ]
          ]
        ]
      }
    },
    {
      "type": "Feature",
      "properties": {
        "id": 1327051231,
        "name": "BKC Office Block",
        "height": 35.0,
        "min_height": 0.0,
        "building": "yes"
      },
      "geometry": {
        "type": "Polygon",
        "coordinates": [
          [
            [
              72.8749423,
              19.0554249
            ],
            [
              72.8749908,
              19.0554299
            ],
            [
              72.8750037,
              19.0554284
            ],
            [
              72.8750057,
              19.0553962
            ],
            [
              72.8749444,
              19.0553927
            ],
            [
              72.8749423,
              19.0554249
            ]
          ]
        ]
      }
    },
    {
      "type": "Feature",
      "properties": {
        "id": 1327051235,
        "name": "BKC Office Block",
        "height": 25.0,
        "min_height": 0.0,
        "building": "yes"
      },
      "geometry": {
        "type": "Polygon",
        "coordinates": [
          [
            [
              72.874984,
              19.0553068
            ],
            [
              72.8749504,
              19.0553027
            ],
            [
              72.8749457,
              19.055337
            ],
            [
              72.8749793,
              19.0553411
            ],
            [
              72.874984,
              19.0553068
            ]
          ]
        ]
      }
    },
    {
      "type": "Feature",
      "properties": {
        "id": 1327051237,
        "name": "BKC Office Block",
        "height": 70.0,
        "min_height": 0.0,
        "building": "yes"
      },
      "geometry": {
        "type": "Polygon",
        "coordinates": [
          [
            [
              72.874947,
              19.0552925
            ],
            [
              72.8749919,
              19.055298
            ],
            [
              72.8749863,
              19.055339
            ],
            [
              72.875034,
              19.0553448
            ],
            [
              72.875046,
              19.0552571
            ],
            [
              72.8749533,
              19.0552458
            ],
            [
              72.874947,
              19.0552925
            ]
          ]
        ]
      }
    },
    {
      "type": "Feature",
      "properties": {
        "id": 1327051238,
        "name": "BKC Office Block",
        "height": 15.0,
        "min_height": 0.0,
        "building": "yes"
      },
      "geometry": {
        "type": "Polygon",
        "coordinates": [
          [
            [
              72.8760632,
              19.0553308
            ],
            [
              72.8761239,
              19.0553306
            ],
            [
              72.8761238,
              19.0553058
            ],
            [
              72.8760631,
              19.0553061
            ],
            [
              72.8760632,
              19.0553308
            ]
          ]
        ]
      }
    },
    {
      "type": "Feature",
      "properties": {
        "id": 1327051239,
        "name": "BKC Office Block",
        "height": 15.0,
        "min_height": 0.0,
        "building": "yes"
      },
      "geometry": {
        "type": "Polygon",
        "coordinates": [
          [
            [
              72.8760642,
              19.0555114
            ],
            [
              72.8761595,
              19.0555109
            ],
            [
              72.8761752,
              19.0555108
            ],
            [
              72.8761915,
              19.0554114
            ],
            [
              72.8761244,
              19.0554117
            ],
            [
              72.8760636,
              19.055412
            ],
            [
              72.8760642,
              19.0555114
            ]
          ]
        ]
      }
    },
    {
      "type": "Feature",
      "properties": {
        "id": 1327051241,
        "name": "BKC Office Block",
        "height": 70.0,
        "min_height": 0.0,
        "building": "yes"
      },
      "geometry": {
        "type": "Polygon",
        "coordinates": [
          [
            [
              72.8733946,
              19.0538968
            ],
            [
              72.8735352,
              19.053864
            ],
            [
              72.8734877,
              19.0536819
            ],
            [
              72.8733471,
              19.0537147
            ],
            [
              72.8733946,
              19.0538968
            ]
          ]
        ]
      }
    },
    {
      "type": "Feature",
      "properties": {
        "id": 1327051243,
        "name": "BKC Office Block",
        "height": 15.0,
        "min_height": 0.0,
        "building": "yes"
      },
      "geometry": {
        "type": "Polygon",
        "coordinates": [
          [
            [
              72.8760631,
              19.0553061
            ],
            [
              72.8761238,
              19.0553058
            ],
            [
              72.8761237,
              19.0552738
            ],
            [
              72.8760629,
              19.055274
            ],
            [
              72.8760631,
              19.0553061
            ]
          ]
        ]
      }
    },
    {
      "type": "Feature",
      "properties": {
        "id": 1327051248,
        "name": "BKC Office Block",
        "height": 70.0,
        "min_height": 0.0,
        "building": "yes"
      },
      "geometry": {
        "type": "Polygon",
        "coordinates": [
          [
            [
              72.8749571,
              19.0553526
            ],
            [
              72.8749457,
              19.0553511
            ],
            [
              72.8749403,
              19.0553888
            ],
            [
              72.8749901,
              19.0553951
            ],
            [
              72.8749943,
              19.0553652
            ],
            [
              72.8749733,
              19.0553624
            ],
            [
              72.8749571,
              19.0553526
            ]
          ]
        ]
      }
    },
    {
      "type": "Feature",
      "properties": {
        "id": 1327051252,
        "name": "BKC Office Block",
        "height": 50.0,
        "min_height": 0.0,
        "building": "yes"
      },
      "geometry": {
        "type": "Polygon",
        "coordinates": [
          [
            [
              72.8750817,
              19.0552601
            ],
            [
              72.8751026,
              19.0552639
            ],
            [
              72.8751189,
              19.0551829
            ],
            [
              72.8750665,
              19.0551734
            ],
            [
              72.875059,
              19.0552107
            ],
            [
              72.8750905,
              19.0552164
            ],
            [
              72.8750817,
              19.0552601
            ]
          ]
        ]
      }
    },
    {
      "type": "Feature",
      "properties": {
        "id": 1327051253,
        "name": "BKC Office Block",
        "height": 50.0,
        "min_height": 0.0,
        "building": "yes"
      },
      "geometry": {
        "type": "Polygon",
        "coordinates": [
          [
            [
              72.8749747,
              19.0552407
            ],
            [
              72.8750147,
              19.0552471
            ],
            [
              72.8750235,
              19.055198
            ],
            [
              72.8750573,
              19.0552034
            ],
            [
              72.8750632,
              19.05517
            ],
            [
              72.8749734,
              19.0551556
            ],
            [
              72.8749681,
              19.0551851
            ],
            [
              72.8749842,
              19.0551877
            ],
            [
              72.8749747,
              19.0552407
            ]
          ]
        ]
      }
    },
    {
      "type": "Feature",
      "properties": {
        "id": 1327051254,
        "name": "BKC Office Block",
        "height": 70.0,
        "min_height": 0.0,
        "building": "yes"
      },
      "geometry": {
        "type": "Polygon",
        "coordinates": [
          [
            [
              72.8761244,
              19.0554117
            ],
            [
              72.8761915,
              19.0554114
            ],
            [
              72.8761909,
              19.0553055
            ],
            [
              72.8761238,
              19.0553058
            ],
            [
              72.8761239,
              19.0553306
            ],
            [
              72.8761244,
              19.0554117
            ]
          ]
        ]
      }
    },
    {
      "type": "Feature",
      "properties": {
        "id": 1327051255,
        "name": "BKC Office Block",
        "height": 70.0,
        "min_height": 0.0,
        "building": "yes"
      },
      "geometry": {
        "type": "Polygon",
        "coordinates": [
          [
            [
              72.8759921,
              19.0554607
            ],
            [
              72.8759924,
              19.0554988
            ],
            [
              72.8760629,
              19.0555003
            ],
            [
              72.8760624,
              19.0554528
            ],
            [
              72.8760463,
              19.0554522
            ],
            [
              72.8760401,
              19.055463
            ],
            [
              72.8759921,
              19.0554607
            ]
          ]
        ]
      }
    },
    {
      "type": "Feature",
      "properties": {
        "id": 1327051257,
        "name": "BKC Office Block",
        "height": 35.0,
        "min_height": 0.0,
        "building": "yes"
      },
      "geometry": {
        "type": "Polygon",
        "coordinates": [
          [
            [
              72.8761244,
              19.0554117
            ],
            [
              72.8761239,
              19.0553306
            ],
            [
              72.8760632,
              19.0553308
            ],
            [
              72.8760636,
              19.055412
            ],
            [
              72.8761244,
              19.0554117
            ]
          ]
        ]
      }
    },
    {
      "type": "Feature",
      "properties": {
        "id": 1327051261,
        "name": "BKC Office Block",
        "height": 25.0,
        "min_height": 0.0,
        "building": "yes"
      },
      "geometry": {
        "type": "Polygon",
        "coordinates": [
          [
            [
              72.874975,
              19.0554692
            ],
            [
              72.8749257,
              19.055464
            ],
            [
              72.8749031,
              19.0554615
            ],
            [
              72.8748989,
              19.0554966
            ],
            [
              72.8749528,
              19.0555025
            ],
            [
              72.874975,
              19.0554692
            ]
          ]
        ]
      }
    },
    {
      "type": "Feature",
      "properties": {
        "id": 1327051267,
        "name": "BKC Office Block",
        "height": 70.0,
        "min_height": 0.0,
        "building": "yes"
      },
      "geometry": {
        "type": "Polygon",
        "coordinates": [
          [
            [
              72.8748593,
              19.0553281
            ],
            [
              72.8749001,
              19.0553331
            ],
            [
              72.8749073,
              19.0552799
            ],
            [
              72.8749197,
              19.0552814
            ],
            [
              72.874925,
              19.0552426
            ],
            [
              72.8748719,
              19.0552361
            ],
            [
              72.8748593,
              19.0553281
            ]
          ]
        ]
      }
    },
    {
      "type": "Feature",
      "properties": {
        "id": 1327051268,
        "name": "BKC Office Block",
        "height": 35.0,
        "min_height": 0.0,
        "building": "yes"
      },
      "geometry": {
        "type": "Polygon",
        "coordinates": [
          [
            [
              72.8748745,
              19.0554585
            ],
            [
              72.8749031,
              19.0554615
            ],
            [
              72.8749257,
              19.055464
            ],
            [
              72.8749305,
              19.0554237
            ],
            [
              72.8748793,
              19.0554182
            ],
            [
              72.8748745,
              19.0554585
            ]
          ]
        ]
      }
    },
    {
      "type": "Feature",
      "properties": {
        "id": 1327051269,
        "name": "BKC Office Block",
        "height": 35.0,
        "min_height": 0.0,
        "building": "yes"
      },
      "geometry": {
        "type": "Polygon",
        "coordinates": [
          [
            [
              72.8751148,
              19.0552657
            ],
            [
              72.8751521,
              19.0552719
            ],
            [
              72.8751669,
              19.0551931
            ],
            [
              72.8751297,
              19.0551868
            ],
            [
              72.8751148,
              19.0552657
            ]
          ]
        ]
      }
    },
    {
      "type": "Feature",
      "properties": {
        "id": 1327051286,
        "name": "BKC Office Block",
        "height": 70.0,
        "min_height": 0.0,
        "building": "house"
      },
      "geometry": {
        "type": "Polygon",
        "coordinates": [
          [
            [
              72.8748039,
              19.0554378
            ],
            [
              72.8747994,
              19.0553973
            ],
            [
              72.8748319,
              19.0553638
            ],
            [
              72.8748799,
              19.0553747
            ],
            [
              72.8748609,
              19.0554472
            ],
            [
              72.8748039,
              19.0554378
            ]
          ]
        ]
      }
    },
    {
      "type": "Feature",
      "properties": {
        "id": 1327051287,
        "name": "BKC Office Block",
        "height": 70.0,
        "min_height": 0.0,
        "building": "house"
      },
      "geometry": {
        "type": "Polygon",
        "coordinates": [
          [
            [
              72.8750341,
              19.0553454
            ],
            [
              72.8751257,
              19.0553609
            ],
            [
              72.8751396,
              19.0552874
            ],
            [
              72.875048,
              19.0552719
            ],
            [
              72.8750341,
              19.0553454
            ]
          ]
        ]
      }
    },
    {
      "type": "Feature",
      "properties": {
        "id": 1327051288,
        "name": "BKC Office Block",
        "height": 25.0,
        "min_height": 0.0,
        "building": "house"
      },
      "geometry": {
        "type": "Polygon",
        "coordinates": [
          [
            [
              72.8750108,
              19.055407
            ],
            [
              72.8750317,
              19.0554129
            ],
            [
              72.8750478,
              19.0553616
            ],
            [
              72.8750269,
              19.0553558
            ],
            [
              72.8750108,
              19.055407
            ]
          ]
        ]
      }
    },
    {
      "type": "Feature",
      "properties": {
        "id": 1327051289,
        "name": "BKC Office Block",
        "height": 25.0,
        "min_height": 0.0,
        "building": "house"
      },
      "geometry": {
        "type": "Polygon",
        "coordinates": [
          [
            [
              72.8749989,
              19.055445
            ],
            [
              72.8750455,
              19.0554581
            ],
            [
              72.8750575,
              19.0554201
            ],
            [
              72.8750317,
              19.0554129
            ],
            [
              72.8750108,
              19.055407
            ],
            [
              72.8749989,
              19.055445
            ]
          ]
        ]
      }
    },
    {
      "type": "Feature",
      "properties": {
        "id": 1327051290,
        "name": "BKC Office Block",
        "height": 70.0,
        "min_height": 0.0,
        "building": "house"
      },
      "geometry": {
        "type": "Polygon",
        "coordinates": [
          [
            [
              72.8750465,
              19.0554067
            ],
            [
              72.8750767,
              19.0554152
            ],
            [
              72.8750871,
              19.055382
            ],
            [
              72.875057,
              19.0553736
            ],
            [
              72.8750465,
              19.0554067
            ]
          ]
        ]
      }
    },
    {
      "type": "Feature",
      "properties": {
        "id": 1327051291,
        "name": "BKC Office Block",
        "height": 70.0,
        "min_height": 0.0,
        "building": "house"
      },
      "geometry": {
        "type": "Polygon",
        "coordinates": [
          [
            [
              72.8750723,
              19.0554411
            ],
            [
              72.8751067,
              19.0554508
            ],
            [
              72.8751158,
              19.0554219
            ],
            [
              72.8750814,
              19.0554123
            ],
            [
              72.8750723,
              19.0554411
            ]
          ]
        ]
      }
    },
    {
      "type": "Feature",
      "properties": {
        "id": 1327051292,
        "name": "BKC Office Block",
        "height": 35.0,
        "min_height": 0.0,
        "building": "house"
      },
      "geometry": {
        "type": "Polygon",
        "coordinates": [
          [
            [
              72.874975,
              19.0555209
            ],
            [
              72.8750585,
              19.0555444
            ],
            [
              72.8750823,
              19.0554684
            ],
            [
              72.8750455,
              19.0554581
            ],
            [
              72.8749989,
              19.055445
            ],
            [
              72.874975,
              19.0555209
            ]
          ]
        ]
      }
    },
    {
      "type": "Feature",
      "properties": {
        "id": 1327051293,
        "name": "BKC Office Block",
        "height": 25.0,
        "min_height": 0.0,
        "building": "house"
      },
      "geometry": {
        "type": "Polygon",
        "coordinates": [
          [
            [
              72.8760453,
              19.0556683
            ],
            [
              72.8760612,
              19.0556689
            ],
            [
              72.8760624,
              19.0556775
            ],
            [
              72.8761508,
              19.0556786
            ],
            [
              72.8761595,
              19.0555109
            ],
            [
              72.8760642,
              19.0555114
            ],
            [
              72.8760445,
              19.0555115
            ],
            [
              72.8760453,
              19.0556683
            ]
          ]
        ]
      }
    },
    {
      "type": "Feature",
      "properties": {
        "id": 1327051294,
        "name": "BKC Office Block",
        "height": 25.0,
        "min_height": 0.0,
        "building": "house"
      },
      "geometry": {
        "type": "Polygon",
        "coordinates": [
          [
            [
              72.8760677,
              19.0557745
            ],
            [
              72.8759874,
              19.0557824
            ],
            [
              72.875981,
              19.0557363
            ],
            [
              72.8760019,
              19.0557332
            ],
            [
              72.8760632,
              19.0557317
            ],
            [
              72.8760677,
              19.0557745
            ]
          ]
        ]
      }
    },
    {
      "type": "Feature",
      "properties": {
        "id": 1327051295,
        "name": "BKC Office Block",
        "height": 70.0,
        "min_height": 0.0,
        "building": "house"
      },
      "geometry": {
        "type": "Polygon",
        "coordinates": [
          [
            [
              72.8760019,
              19.0557332
            ],
            [
              72.8759958,
              19.0556735
            ],
            [
              72.8760564,
              19.0556735
            ],
            [
              72.8760606,
              19.0556842
            ],
            [
              72.8760632,
              19.0557317
            ],
            [
              72.8760019,
              19.0557332
            ]
          ]
        ]
      }
    },
    {
      "type": "Feature",
      "properties": {
        "id": 1327051296,
        "name": "BKC Office Block",
        "height": 50.0,
        "min_height": 0.0,
        "building": "house"
      },
      "geometry": {
        "type": "Polygon",
        "coordinates": [
          [
            [
              72.8760632,
              19.0557317
            ],
            [
              72.8760606,
              19.0556842
            ],
            [
              72.8761328,
              19.0556884
            ],
            [
              72.8761353,
              19.0557717
            ],
            [
              72.8760908,
              19.0557745
            ],
            [
              72.8760904,
              19.0557723
            ],
            [
              72.8760677,
              19.0557745
            ],
            [
              72.8760632,
              19.0557317
            ]
          ]
        ]
      }
    },
    {
      "type": "Feature",
      "properties": {
        "id": 1327051297,
        "name": "BKC Office Block",
        "height": 35.0,
        "min_height": 0.0,
        "building": "house"
      },
      "geometry": {
        "type": "Polygon",
        "coordinates": [
          [
            [
              72.8758224,
              19.0557467
            ],
            [
              72.8757763,
              19.055745
            ],
            [
              72.8757902,
              19.055689
            ],
            [
              72.8758261,
              19.0556876
            ],
            [
              72.8758224,
              19.0557467
            ]
          ]
        ]
      }
    },
    {
      "type": "Feature",
      "properties": {
        "id": 1327051298,
        "name": "BKC Office Block",
        "height": 50.0,
        "min_height": 0.0,
        "building": "house"
      },
      "geometry": {
        "type": "Polygon",
        "coordinates": [
          [
            [
              72.875855,
              19.0557953
            ],
            [
              72.8757641,
              19.0557942
            ],
            [
              72.8757763,
              19.055745
            ],
            [
              72.8758224,
              19.0557467
            ],
            [
              72.8758525,
              19.0557477
            ],
            [
              72.875855,
              19.0557953
            ]
          ]
        ]
      }
    },
    {
      "type": "Feature",
      "properties": {
        "id": 1327051299,
        "name": "BKC Office Block",
        "height": 35.0,
        "min_height": 0.0,
        "building": "house"
      },
      "geometry": {
        "type": "Polygon",
        "coordinates": [
          [
            [
              72.8758457,
              19.055895
            ],
            [
              72.8758147,
              19.0558976
            ],
            [
              72.8757391,
              19.0558933
            ],
            [
              72.8757494,
              19.0558448
            ],
            [
              72.8758452,
              19.0558477
            ],
            [
              72.8758457,
              19.055895
            ]
          ]
        ]
      }
    },
    {
      "type": "Feature",
      "properties": {
        "id": 1327051300,
        "name": "BKC Office Block",
        "height": 25.0,
        "min_height": 0.0,
        "building": "house"
      },
      "geometry": {
        "type": "Polygon",
        "coordinates": [
          [
            [
              72.8757494,
              19.0558448
            ],
            [
              72.8757596,
              19.0557968
            ],
            [
              72.8758493,
              19.0558033
            ],
            [
              72.8758752,
              19.0558005
            ],
            [
              72.8758753,
              19.0558511
            ],
            [
              72.8758904,
              19.0558533
            ],
            [
              72.8758899,
              19.0558912
            ],
            [
              72.8758457,
              19.055895
            ],
            [
              72.8758452,
              19.0558477
            ],
            [
              72.8757494,
              19.0558448
            ]
          ]
        ]
      }
    },
    {
      "type": "Feature",
      "properties": {
        "id": 1327051301,
        "name": "BKC Office Block",
        "height": 70.0,
        "min_height": 0.0,
        "building": "house"
      },
      "geometry": {
        "type": "Polygon",
        "coordinates": [
          [
            [
              72.8758752,
              19.0558005
            ],
            [
              72.8759584,
              19.0557916
            ],
            [
              72.8759601,
              19.0558128
            ],
            [
              72.8759692,
              19.0558287
            ],
            [
              72.8759713,
              19.0558851
            ],
            [
              72.8758899,
              19.0558912
            ],
            [
              72.8758904,
              19.0558533
            ],
            [
              72.8758753,
              19.0558511
            ],
            [
              72.8758752,
              19.0558005
            ]
          ]
        ]
      }
    },
    {
      "type": "Feature",
      "properties": {
        "id": 1327051302,
        "name": "BKC Office Block",
        "height": 15.0,
        "min_height": 0.0,
        "building": "house"
      },
      "geometry": {
        "type": "Polygon",
        "coordinates": [
          [
            [
              72.8759874,
              19.0557824
            ],
            [
              72.875855,
              19.0557953
            ],
            [
              72.8758525,
              19.0557477
            ],
            [
              72.8758224,
              19.0557467
            ],
            [
              72.8758261,
              19.0556876
            ],
            [
              72.8759704,
              19.0556817
            ],
            [
              72.8759729,
              19.0556735
            ],
            [
              72.8759958,
              19.0556735
            ],
            [
              72.8760019,
              19.0557332
            ],
            [
              72.875981,
              19.0557363
            ],
            [
              72.8759874,
              19.0557824
            ]
          ]
        ]
      }
    },
    {
      "type": "Feature",
      "properties": {
        "id": 1327051303,
        "name": "BKC Office Block",
        "height": 70.0,
        "min_height": 0.0,
        "building": "house"
      },
      "geometry": {
        "type": "Polygon",
        "coordinates": [
          [
            [
              72.8756865,
              19.0559022
            ],
            [
              72.8756841,
              19.0559982
            ],
            [
              72.8758214,
              19.0560012
            ],
            [
              72.8758237,
              19.0559053
            ],
            [
              72.8756865,
              19.0559022
            ]
          ]
        ]
      }
    },
    {
      "type": "Feature",
      "properties": {
        "id": 1327051304,
        "name": "BKC Office Block",
        "height": 15.0,
        "min_height": 0.0,
        "building": "house"
      },
      "geometry": {
        "type": "Polygon",
        "coordinates": [
          [
            [
              72.8756736,
              19.0558741
            ],
            [
              72.875684,
              19.0558431
            ],
            [
              72.8756213,
              19.0558242
            ],
            [
              72.8756108,
              19.0558553
            ],
            [
              72.8756736,
              19.0558741
            ]
          ]
        ]
      }
    },
    {
      "type": "Feature",
      "properties": {
        "id": 1327051305,
        "name": "BKC Office Block",
        "height": 35.0,
        "min_height": 0.0,
        "building": "house"
      },
      "geometry": {
        "type": "Polygon",
        "coordinates": [
          [
            [
              72.8757364,
              19.0558588
            ],
            [
              72.875684,
              19.0558431
            ],
            [
              72.8756736,
              19.0558741
            ],
            [
              72.8757259,
              19.0558899
            ],
            [
              72.8757364,
              19.0558588
            ]
          ]
        ]
      }
    },
    {
      "type": "Feature",
      "properties": {
        "id": 1327051306,
        "name": "BKC Office Block",
        "height": 50.0,
        "min_height": 0.0,
        "building": "house"
      },
      "geometry": {
        "type": "Polygon",
        "coordinates": [
          [
            [
              72.8756295,
              19.0557998
            ],
            [
              72.8756213,
              19.0558242
            ],
            [
              72.875684,
              19.0558431
            ],
            [
              72.8757364,
              19.0558588
            ],
            [
              72.8757446,
              19.0558344
            ],
            [
              72.8757302,
              19.0558301
            ],
            [
              72.8756295,
              19.0557998
            ]
          ]
        ]
      }
    },
    {
      "type": "Feature",
      "properties": {
        "id": 1327051307,
        "name": "BKC Office Block",
        "height": 25.0,
        "min_height": 0.0,
        "building": "house"
      },
      "geometry": {
        "type": "Polygon",
        "coordinates": [
          [
            [
              72.8756692,
              19.055682
            ],
            [
              72.8756466,
              19.0557491
            ],
            [
              72.8757035,
              19.0557662
            ],
            [
              72.875726,
              19.0556991
            ],
            [
              72.8756692,
              19.055682
            ]
          ]
        ]
      }
    },
    {
      "type": "Feature",
      "properties": {
        "id": 1327051308,
        "name": "BKC Office Block",
        "height": 70.0,
        "min_height": 0.0,
        "building": "house"
      },
      "geometry": {
        "type": "Polygon",
        "coordinates": [
          [
            [
              72.8756466,
              19.0557491
            ],
            [
              72.8756295,
              19.0557998
            ],
            [
              72.8757302,
              19.0558301
            ],
            [
              72.8757826,
              19.0556745
            ],
            [
              72.8756818,
              19.0556443
            ],
            [
              72.8756756,
              19.0556628
            ],
            [
              72.8756692,
              19.055682
            ],
            [
              72.875726,
              19.0556991
            ],
            [
              72.8757035,
              19.0557662
            ],
            [
              72.8756466,
              19.0557491
            ]
          ]
        ]
      }
    },
    {
      "type": "Feature",
      "properties": {
        "id": 1327051309,
        "name": "BKC Office Block",
        "height": 50.0,
        "min_height": 0.0,
        "building": "house"
      },
      "geometry": {
        "type": "Polygon",
        "coordinates": [
          [
            [
              72.8754909,
              19.0559076
            ],
            [
              72.8755839,
              19.0559355
            ],
            [
              72.8756108,
              19.0558553
            ],
            [
              72.8756213,
              19.0558242
            ],
            [
              72.8756295,
              19.0557998
            ],
            [
              72.8756466,
              19.0557491
            ],
            [
              72.8756692,
              19.055682
            ],
            [
              72.8756756,
              19.0556628
            ],
            [
              72.8755827,
              19.0556348
            ],
            [
              72.8754909,
              19.0559076
            ]
          ]
        ]
      }
    },
    {
      "type": "Feature",
      "properties": {
        "id": 1327051310,
        "name": "BKC Office Block",
        "height": 70.0,
        "min_height": 0.0,
        "building": "house"
      },
      "geometry": {
        "type": "Polygon",
        "coordinates": [
          [
            [
              72.8753617,
              19.0558736
            ],
            [
              72.875466,
              19.0559103
            ],
            [
              72.8755659,
              19.0556562
            ],
            [
              72.8754616,
              19.0556196
            ],
            [
              72.8753617,
              19.0558736
            ]
          ]
        ]
      }
    },
    {
      "type": "Feature",
      "properties": {
        "id": 1327051313,
        "name": "BKC Office Block",
        "height": 50.0,
        "min_height": 0.0,
        "building": "apartments"
      },
      "geometry": {
        "type": "Polygon",
        "coordinates": [
          [
            [
              72.8747935,
              19.0534376
            ],
            [
              72.8746085,
              19.0534328
            ],
            [
              72.8746257,
              19.0532451
            ],
            [
              72.8747929,
              19.0532558
            ],
            [
              72.8747935,
              19.0534376
            ]
          ]
        ]
      }
    },
    {
      "type": "Feature",
      "properties": {
        "id": 1327051314,
        "name": "BKC Office Block",
        "height": 70.0,
        "min_height": 0.0,
        "building": "apartments"
      },
      "geometry": {
        "type": "Polygon",
        "coordinates": [
          [
            [
              72.8750297,
              19.0534479
            ],
            [
              72.8750297,
              19.0534878
            ],
            [
              72.8750108,
              19.0534901
            ],
            [
              72.8750096,
              19.0536251
            ],
            [
              72.8747892,
              19.053613
            ],
            [
              72.8747935,
              19.0534376
            ],
            [
              72.8750297,
              19.0534479
            ]
          ]
        ]
      }
    },
    {
      "type": "Feature",
      "properties": {
        "id": 1327051315,
        "name": "BKC Office Block",
        "height": 70.0,
        "min_height": 0.0,
        "building": "apartments"
      },
      "geometry": {
        "type": "Polygon",
        "coordinates": [
          [
            [
              72.8746085,
              19.0534328
            ],
            [
              72.8744126,
              19.0534277
            ],
            [
              72.8744083,
              19.0532312
            ],
            [
              72.8746257,
              19.0532451
            ],
            [
              72.8746085,
              19.0534328
            ]
          ]
        ]
      }
    },
    {
      "type": "Feature",
      "properties": {
        "id": 1327051316,
        "name": "BKC Office Block",
        "height": 15.0,
        "min_height": 0.0,
        "building": "apartments"
      },
      "geometry": {
        "type": "Polygon",
        "coordinates": [
          [
            [
              72.8744126,
              19.0534277
            ],
            [
              72.8742178,
              19.0534131
            ],
            [
              72.8742215,
              19.0533666
            ],
            [
              72.8742465,
              19.0533193
            ],
            [
              72.8743601,
              19.0532281
            ],
            [
              72.8744083,
              19.0532312
            ],
            [
              72.8744126,
              19.0534277
            ]
          ]
        ]
      }
    },
    {
      "type": "Feature",
      "properties": {
        "id": 1327051317,
        "name": "BKC Office Block",
        "height": 50.0,
        "min_height": 0.0,
        "building": "apartments"
      },
      "geometry": {
        "type": "Polygon",
        "coordinates": [
          [
            [
              72.8744126,
              19.0534277
            ],
            [
              72.8743985,
              19.0535928
            ],
            [
              72.8742044,
              19.0535812
            ],
            [
              72.8742178,
              19.0534131
            ],
            [
              72.8744126,
              19.0534277
            ]
          ]
        ]
      }
    },
    {
      "type": "Feature",
      "properties": {
        "id": 1327051318,
        "name": "BKC Office Block",
        "height": 15.0,
        "min_height": 0.0,
        "building": "apartments"
      },
      "geometry": {
        "type": "Polygon",
        "coordinates": [
          [
            [
              72.8747929,
              19.0532558
            ],
            [
              72.874937,
              19.053265
            ],
            [
              72.8749192,
              19.0533291
            ],
            [
              72.8749565,
              19.0533591
            ],
            [
              72.8750297,
              19.0533718
            ],
            [
              72.8750297,
              19.0534479
            ],
            [
              72.8747935,
              19.0534376
            ],
            [
              72.8747929,
              19.0532558
            ]
          ]
        ]
      }
    },
    {
      "type": "Feature",
      "properties": {
        "id": 1327051319,
        "name": "BKC Office Block",
        "height": 25.0,
        "min_height": 0.0,
        "building": "apartments"
      },
      "geometry": {
        "type": "Polygon",
        "coordinates": [
          [
            [
              72.8743827,
              19.0537359
            ],
            [
              72.8745396,
              19.053747
            ],
            [
              72.8745315,
              19.0539115
            ],
            [
              72.8743778,
              19.0539039
            ],
            [
              72.8743827,
              19.0537359
            ]
          ]
        ]
      }
    },
    {
      "type": "Feature",
      "properties": {
        "id": 1327051320,
        "name": "BKC Office Block",
        "height": 25.0,
        "min_height": 0.0,
        "building": "apartments"
      },
      "geometry": {
        "type": "Polygon",
        "coordinates": [
          [
            [
              72.8745396,
              19.053747
            ],
            [
              72.8747093,
              19.0537589
            ],
            [
              72.8747007,
              19.0539603
            ],
            [
              72.8746299,
              19.0539482
            ],
            [
              72.8746305,
              19.0539165
            ],
            [
              72.8745315,
              19.0539115
            ],
            [
              72.8745396,
              19.053747
            ]
          ]
        ]
      }
    },
    {
      "type": "Feature",
      "properties": {
        "id": 1327051321,
        "name": "BKC Office Block",
        "height": 70.0,
        "min_height": 0.0,
        "building": "apartments"
      },
      "geometry": {
        "type": "Polygon",
        "coordinates": [
          [
            [
              72.8747093,
              19.0537589
            ],
            [
              72.8748576,
              19.0537693
            ],
            [
              72.874855,
              19.0539348
            ],
            [
              72.8748057,
              19.0539309
            ],
            [
              72.874788,
              19.0539465
            ],
            [
              72.8747007,
              19.0539603
            ],
            [
              72.8747093,
              19.0537589
            ]
          ]
        ]
      }
    },
    {
      "type": "Feature",
      "properties": {
        "id": 1327051322,
        "name": "BKC Office Block",
        "height": 70.0,
        "min_height": 0.0,
        "building": "apartments"
      },
      "geometry": {
        "type": "Polygon",
        "coordinates": [
          [
            [
              72.8748576,
              19.0537693
            ],
            [
              72.8748637,
              19.0536672
            ],
            [
              72.8749816,
              19.053683
            ],
            [
              72.8749801,
              19.0537102
            ],
            [
              72.8749958,
              19.0537123
            ],
            [
              72.8749925,
              19.0537699
            ],
            [
              72.8750139,
              19.0537763
            ],
            [
              72.8749876,
              19.0539453
            ],
            [
              72.874855,
              19.0539348
            ],
            [
              72.8748576,
              19.0537693
            ]
          ]
        ]
      }
    },
    {
      "type": "Feature",
      "properties": {
        "id": 1327051323,
        "name": "BKC Office Block",
        "height": 25.0,
        "min_height": 0.0,
        "building": "apartments"
      },
      "geometry": {
        "type": "Polygon",
        "coordinates": [
          [
            [
              72.8743778,
              19.0539039
            ],
            [
              72.8742483,
              19.0538974
            ],
            [
              72.8742215,
              19.053883
            ],
            [
              72.8742228,
              19.0538572
            ],
            [
              72.8742038,
              19.0538532
            ],
            [
              72.8742069,
              19.0538205
            ],
            [
              72.8741905,
              19.0538148
            ],
            [
              72.8741931,
              19.0536226
            ],
            [
              72.8743273,
              19.0536377
            ],
            [
              72.8743208,
              19.0537316
            ],
            [
              72.8743827,
              19.0537359
            ],
            [
              72.8743778,
              19.0539039
            ]
          ]
        ]
      }
    },
    {
      "type": "Feature",
      "properties": {
        "id": 1352169759,
        "name": "BKC Office Block",
        "height": 35.0,
        "min_height": 0.0,
        "building": "yes"
      },
      "geometry": {
        "type": "Polygon",
        "coordinates": [
          [
            [
              72.8748155,
              19.0571238
            ],
            [
              72.8747517,
              19.057119
            ],
            [
              72.8747668,
              19.0570508
            ],
            [
              72.8748272,
              19.0570683
            ],
            [
              72.8748155,
              19.0571238
            ]
          ]
        ]
      }
    },
    {
      "type": "Feature",
      "properties": {
        "id": 1361132207,
        "name": "Shivtirth CHS",
        "height": 50.0,
        "min_height": 0.0,
        "building": "yes"
      },
      "geometry": {
        "type": "Polygon",
        "coordinates": [
          [
            [
              72.8537048,
              19.0593227
            ],
            [
              72.8536819,
              19.0593001
            ],
            [
              72.8536803,
              19.0592826
            ],
            [
              72.8536782,
              19.0592606
            ],
            [
              72.853669,
              19.0592498
            ],
            [
              72.8536636,
              19.0592364
            ],
            [
              72.8536416,
              19.0592349
            ],
            [
              72.8536297,
              19.0592258
            ],
            [
              72.8536296,
              19.0592097
            ],
            [
              72.8536416,
              19.0591903
            ],
            [
              72.8536413,
              19.0591737
            ],
            [
              72.8536536,
              19.0591585
            ],
            [
              72.8536775,
              19.0591493
            ],
            [
              72.8537137,
              19.0591375
            ],
            [
              72.8537305,
              19.059149
            ],
            [
              72.8537288,
              19.0591597
            ],
            [
              72.8537374,
              19.059168
            ],
            [
              72.8537648,
              19.0591596
            ],
            [
              72.8537726,
              19.0591713
            ],
            [
              72.8538004,
              19.0591705
            ],
            [
              72.8538158,
              19.0591747
            ],
            [
              72.8538214,
              19.0591844
            ],
            [
              72.8538259,
              19.0591985
            ],
            [
              72.8538472,
              19.0592194
            ],
            [
              72.85385,
              19.0592405
            ],
            [
              72.8538478,
              19.0592618
            ],
            [
              72.8538249,
              19.0592706
            ],
            [
              72.853818,
              19.059293
            ],
            [
              72.8537978,
              19.0593055
            ],
            [
              72.8537772,
              19.059312
            ],
            [
              72.8537602,
              19.0593103
            ],
            [
              72.8537381,
              19.0593243
            ],
            [
              72.8537048,
              19.0593227
            ]
          ]
        ]
      }
    },
    {
      "type": "Feature",
      "properties": {
        "id": 1361132208,
        "name": "BKC Office Block",
        "height": 70.0,
        "min_height": 0.0,
        "building": "yes"
      },
      "geometry": {
        "type": "Polygon",
        "coordinates": [
          [
            [
              72.852623,
              19.0597992
            ],
            [
              72.852794,
              19.0596917
            ],
            [
              72.8526634,
              19.0595055
            ],
            [
              72.852623,
              19.0597992
            ]
          ]
        ]
      }
    },
    {
      "type": "Feature",
      "properties": {
        "id": 1361132209,
        "name": "BKC Office Block",
        "height": 35.0,
        "min_height": 0.0,
        "building": "yes"
      },
      "geometry": {
        "type": "Polygon",
        "coordinates": [
          [
            [
              72.8529031,
              19.0598881
            ],
            [
              72.8531311,
              19.0602666
            ],
            [
              72.853266,
              19.060194
            ],
            [
              72.8530381,
              19.0598155
            ],
            [
              72.8529031,
              19.0598881
            ]
          ]
        ]
      }
    },
    {
      "type": "Feature",
      "properties": {
        "id": 1361132214,
        "name": "BKC Office Block",
        "height": 50.0,
        "min_height": 0.0,
        "building": "yes"
      },
      "geometry": {
        "type": "Polygon",
        "coordinates": [
          [
            [
              72.8537381,
              19.0593243
            ],
            [
              72.8536898,
              19.0593667
            ],
            [
              72.8535655,
              19.0592402
            ],
            [
              72.8536413,
              19.0591737
            ],
            [
              72.8536416,
              19.0591903
            ],
            [
              72.8536296,
              19.0592097
            ],
            [
              72.8536297,
              19.0592258
            ],
            [
              72.8536416,
              19.0592349
            ],
            [
              72.8536636,
              19.0592364
            ],
            [
              72.853669,
              19.0592498
            ],
            [
              72.8536782,
              19.0592606
            ],
            [
              72.8536803,
              19.0592826
            ],
            [
              72.8536819,
              19.0593001
            ],
            [
              72.8537048,
              19.0593227
            ],
            [
              72.8537381,
              19.0593243
            ]
          ]
        ]
      }
    },
    {
      "type": "Feature",
      "properties": {
        "id": 1393794993,
        "name": "BKC Office Block",
        "height": 25.0,
        "min_height": 0.0,
        "building": "yes"
      },
      "geometry": {
        "type": "Polygon",
        "coordinates": [
          [
            [
              72.853162,
              19.0594387
            ],
            [
              72.85324,
              19.0594981
            ],
            [
              72.8533298,
              19.059462
            ],
            [
              72.8533394,
              19.0593899
            ],
            [
              72.853263,
              19.0593343
            ],
            [
              72.8531708,
              19.05935
            ],
            [
              72.853162,
              19.0594387
            ]
          ]
        ]
      }
    },
    {
      "type": "Feature",
      "properties": {
        "id": 1459358022,
        "name": "BKC Office Block",
        "height": 25.0,
        "min_height": 0.0,
        "building": "yes"
      },
      "geometry": {
        "type": "Polygon",
        "coordinates": [
          [
            [
              72.8635055,
              19.0624968
            ],
            [
              72.8636342,
              19.0623592
            ],
            [
              72.8635865,
              19.0623193
            ],
            [
              72.8634577,
              19.0624568
            ],
            [
              72.8635055,
              19.0624968
            ]
          ]
        ]
      }
    },
    {
      "type": "Feature",
      "properties": {
        "id": 1459359127,
        "name": "BKC Office Block",
        "height": 15.0,
        "min_height": 0.0,
        "building": "yes"
      },
      "geometry": {
        "type": "Polygon",
        "coordinates": [
          [
            [
              72.8629879,
              19.0616695
            ],
            [
              72.8631611,
              19.061613
            ],
            [
              72.8631376,
              19.0615487
            ],
            [
              72.8629645,
              19.0616052
            ],
            [
              72.8629879,
              19.0616695
            ]
          ]
        ]
      }
    },
    {
      "type": "Feature",
      "properties": {
        "id": 1459359128,
        "name": "BKC Office Block",
        "height": 15.0,
        "min_height": 0.0,
        "building": "yes"
      },
      "geometry": {
        "type": "Polygon",
        "coordinates": [
          [
            [
              72.8615721,
              19.0621985
            ],
            [
              72.8615904,
              19.0621915
            ],
            [
              72.8615996,
              19.062213
            ],
            [
              72.8617867,
              19.0621417
            ],
            [
              72.8617652,
              19.0620913
            ],
            [
              72.8617165,
              19.0620787
            ],
            [
              72.8615483,
              19.0621428
            ],
            [
              72.8615721,
              19.0621985
            ]
          ]
        ]
      }
    },
    {
      "type": "Feature",
      "properties": {
        "id": 1459359890,
        "name": "BKC Office Block",
        "height": 35.0,
        "min_height": 0.0,
        "building": "yes"
      },
      "geometry": {
        "type": "Polygon",
        "coordinates": [
          [
            [
              72.8628245,
              19.0637347
            ],
            [
              72.8629505,
              19.0638604
            ],
            [
              72.8630027,
              19.0638136
            ],
            [
              72.8628767,
              19.063688
            ],
            [
              72.8628245,
              19.0637347
            ]
          ]
        ]
      }
    },
    {
      "type": "Feature",
      "properties": {
        "id": 1459361182,
        "name": "BKC Office Block",
        "height": 50.0,
        "min_height": 0.0,
        "building": "yes"
      },
      "geometry": {
        "type": "Polygon",
        "coordinates": [
          [
            [
              72.8613689,
              19.0655286
            ],
            [
              72.8614282,
              19.0654573
            ],
            [
              72.8614433,
              19.0654685
            ],
            [
              72.8614617,
              19.0654464
            ],
            [
              72.8614245,
              19.0654189
            ],
            [
              72.8614064,
              19.0654407
            ],
            [
              72.8613523,
              19.0654005
            ],
            [
              72.8612928,
              19.0654721
            ],
            [
              72.8613689,
              19.0655286
            ]
          ]
        ]
      }
    },
    {
      "type": "Feature",
      "properties": {
        "id": 1465595774,
        "name": "BKC Office Block",
        "height": 50.0,
        "min_height": 0.0,
        "building": "yes"
      },
      "geometry": {
        "type": "Polygon",
        "coordinates": [
          [
            [
              72.8622634,
              19.0593875
            ],
            [
              72.8625052,
              19.0594045
            ],
            [
              72.8624816,
              19.0597051
            ],
            [
              72.8622397,
              19.059688
            ],
            [
              72.8622634,
              19.0593875
            ]
          ]
        ]
      }
    },
    {
      "type": "Feature",
      "properties": {
        "id": 1469496788,
        "name": "BKC Office Block",
        "height": 15.0,
        "min_height": 0.0,
        "building": "yes"
      },
      "geometry": {
        "type": "Polygon",
        "coordinates": [
          [
            [
              72.8774241,
              19.053623
            ],
            [
              72.8775715,
              19.0536073
            ],
            [
              72.8776769,
              19.053613
            ],
            [
              72.8775866,
              19.0539828
            ],
            [
              72.8774376,
              19.0539771
            ],
            [
              72.877403,
              19.0536827
            ],
            [
              72.8774241,
              19.053623
            ]
          ]
        ]
      }
    },
    {
      "type": "Feature",
      "properties": {
        "id": 1469496789,
        "name": "BKC Office Block",
        "height": 25.0,
        "min_height": 0.0,
        "building": "yes"
      },
      "geometry": {
        "type": "Polygon",
        "coordinates": [
          [
            [
              72.8755409,
              19.052095
            ],
            [
              72.8756671,
              19.0520653
            ],
            [
              72.8756878,
              19.0521438
            ],
            [
              72.8756351,
              19.0521562
            ],
            [
              72.8756742,
              19.0523044
            ],
            [
              72.8753484,
              19.0523813
            ],
            [
              72.8753234,
              19.0522863
            ],
            [
              72.8755757,
              19.0522268
            ],
            [
              72.8755409,
              19.052095
            ]
          ]
        ]
      }
    },
    {
      "type": "Feature",
      "properties": {
        "id": 1469496790,
        "name": "BKC Office Block",
        "height": 70.0,
        "min_height": 0.0,
        "building": "yes"
      },
      "geometry": {
        "type": "Polygon",
        "coordinates": [
          [
            [
              72.8734869,
              19.0518566
            ],
            [
              72.8738808,
              19.051887
            ],
            [
              72.873877,
              19.0519309
            ],
            [
              72.8738958,
              19.0519324
            ],
            [
              72.8738908,
              19.0519901
            ],
            [
              72.8738741,
              19.0519888
            ],
            [
              72.8738694,
              19.052043
            ],
            [
              72.873477,
              19.0520129
            ],
            [
              72.8734804,
              19.0519733
            ],
            [
              72.8734574,
              19.0519715
            ],
            [
              72.8734632,
              19.0519048
            ],
            [
              72.8734827,
              19.0519062
            ],
            [
              72.8734869,
              19.0518566
            ]
          ]
        ]
      }
    },
    {
      "type": "Feature",
      "properties": {
        "id": 1469496791,
        "name": "BKC Office Block",
        "height": 15.0,
        "min_height": 0.0,
        "building": "yes"
      },
      "geometry": {
        "type": "Polygon",
        "coordinates": [
          [
            [
              72.879812,
              19.055375
            ],
            [
              72.8800642,
              19.0553636
            ],
            [
              72.880084,
              19.055755
            ],
            [
              72.8798266,
              19.0557667
            ],
            [
              72.8798219,
              19.0556742
            ],
            [
              72.8798536,
              19.0556728
            ],
            [
              72.8798512,
              19.055626
            ],
            [
              72.8798248,
              19.0556272
            ],
            [
              72.879812,
              19.055375
            ]
          ]
        ]
      }
    },
    {
      "type": "Feature",
      "properties": {
        "id": 1469865144,
        "name": "Swavalamban Bhavan",
        "height": 50.0,
        "min_height": 0.0,
        "building": "commercial"
      },
      "geometry": {
        "type": "Polygon",
        "coordinates": [
          [
            [
              72.8616762,
              19.0603399
            ],
            [
              72.8616934,
              19.0601133
            ],
            [
              72.8614964,
              19.0601
            ],
            [
              72.8614914,
              19.0601653
            ],
            [
              72.8614288,
              19.0602141
            ],
            [
              72.861412,
              19.0603533
            ],
            [
              72.8616449,
              19.0603784
            ],
            [
              72.8616762,
              19.0603399
            ]
          ]
        ]
      }
    },
    {
      "type": "Feature",
      "properties": {
        "id": 1497667757,
        "name": "Shri Jagrut Vinayaka Ganesh Mandir",
        "height": 25.0,
        "min_height": 0.0,
        "building": "yes"
      },
      "geometry": {
        "type": "Polygon",
        "coordinates": [
          [
            [
              72.8798283,
              19.066252
            ],
            [
              72.8797458,
              19.0663473
            ],
            [
              72.8798038,
              19.066398
            ],
            [
              72.8798953,
              19.0663038
            ],
            [
              72.8798283,
              19.066252
            ]
          ]
        ]
      }
    },
    {
      "type": "Feature",
      "properties": {
        "id": 1497667761,
        "name": "Ramakrishna Bajaj Sanskrit Bhavan",
        "height": 15.0,
        "min_height": 0.0,
        "building": "yes"
      },
      "geometry": {
        "type": "Polygon",
        "coordinates": [
          [
            [
              72.8593455,
              19.0674282
            ],
            [
              72.8590086,
              19.0670408
            ],
            [
              72.858749,
              19.0672537
            ],
            [
              72.8591073,
              19.0676411
            ],
            [
              72.8593455,
              19.0674282
            ]
          ]
        ]
      }
    },
    {
      "type": "Feature",
      "properties": {
        "id": 1497667762,
        "name": "Pariksha Bhavan",
        "height": 70.0,
        "min_height": 0.0,
        "building": "yes"
      },
      "geometry": {
        "type": "Polygon",
        "coordinates": [
          [
            [
              72.857513,
              19.0684726
            ],
            [
              72.8575323,
              19.0683671
            ],
            [
              72.8574036,
              19.0683468
            ],
            [
              72.8573993,
              19.0684401
            ],
            [
              72.8573585,
              19.0684361
            ],
            [
              72.8573156,
              19.0685375
            ],
            [
              72.8572276,
              19.0685922
            ],
            [
              72.857174,
              19.068647
            ],
            [
              72.8571525,
              19.0686794
            ],
            [
              72.857204,
              19.0687464
            ],
            [
              72.8572491,
              19.068716
            ],
            [
              72.8573135,
              19.0687768
            ],
            [
              72.8574808,
              19.068789
            ],
            [
              72.8575474,
              19.0687342
            ],
            [
              72.8575838,
              19.068793
            ],
            [
              72.8576847,
              19.0687261
            ],
            [
              72.8576654,
              19.0686774
            ],
            [
              72.857513,
              19.0685233
            ],
            [
              72.857513,
              19.0684726
            ]
          ]
        ]
      }
    },
    {
      "type": "Feature",
      "properties": {
        "id": 1497667763,
        "name": "Chhatrapati Shivaji Maharaj Bhavan",
        "height": 25.0,
        "min_height": 0.0,
        "building": "yes"
      },
      "geometry": {
        "type": "Polygon",
        "coordinates": [
          [
            [
              72.8576434,
              19.0683144
            ],
            [
              72.8576791,
              19.0679281
            ],
            [
              72.8580003,
              19.0679578
            ],
            [
              72.8579534,
              19.0683445
            ],
            [
              72.8576434,
              19.0683144
            ]
          ]
        ]
      }
    },
    {
      "type": "Feature",
      "properties": {
        "id": 1500270869,
        "name": "BKC Office Block",
        "height": 50.0,
        "min_height": 0.0,
        "building": "roof"
      },
      "geometry": {
        "type": "Polygon",
        "coordinates": [
          [
            [
              72.8784644,
              19.0642047
            ],
            [
              72.8784122,
              19.0642812
            ],
            [
              72.8788567,
              19.064611
            ],
            [
              72.8801655,
              19.0656139
            ],
            [
              72.880219,
              19.0655533
            ],
            [
              72.8791022,
              19.0646874
            ],
            [
              72.8784644,
              19.0642047
            ]
          ]
        ]
      }
    },
    {
      "type": "Feature",
      "properties": {
        "id": 1500270870,
        "name": "BKC Office Block",
        "height": 50.0,
        "min_height": 0.0,
        "building": "roof"
      },
      "geometry": {
        "type": "Polygon",
        "coordinates": [
          [
            [
              72.8802149,
              19.0657729
            ],
            [
              72.8801673,
              19.0658277
            ],
            [
              72.8790361,
              19.0649681
            ],
            [
              72.8783297,
              19.0644383
            ],
            [
              72.8782135,
              19.0643629
            ],
            [
              72.8782627,
              19.0643034
            ],
            [
              72.8783975,
              19.0643917
            ],
            [
              72.878689,
              19.0645998
            ],
            [
              72.879108,
              19.0649196
            ],
            [
              72.8802149,
              19.0657729
            ]
          ]
        ]
      }
    },
    {
      "type": "Feature",
      "properties": {
        "id": 1500270871,
        "name": "BKC Office Block",
        "height": 50.0,
        "min_height": 0.0,
        "building": "roof"
      },
      "geometry": {
        "type": "Polygon",
        "coordinates": [
          [
            [
              72.8783136,
              19.0645254
            ],
            [
              72.8782663,
              19.064588
            ],
            [
              72.878915,
              19.0650865
            ],
            [
              72.8797646,
              19.0657333
            ],
            [
              72.8798175,
              19.0656763
            ],
            [
              72.8789992,
              19.0650438
            ],
            [
              72.8783136,
              19.0645254
            ]
          ]
        ]
      }
    },
    {
      "type": "Feature",
      "properties": {
        "id": 1500270872,
        "name": "BKC Office Block",
        "height": 50.0,
        "min_height": 0.0,
        "building": "roof"
      },
      "geometry": {
        "type": "Polygon",
        "coordinates": [
          [
            [
              72.8782181,
              19.0646577
            ],
            [
              72.8781654,
              19.0647189
            ],
            [
              72.8786316,
              19.0650923
            ],
            [
              72.8801384,
              19.066259
            ],
            [
              72.8801854,
              19.0661848
            ],
            [
              72.8782181,
              19.0646577
            ]
          ]
        ]
      }
    },
    {
      "type": "Feature",
      "properties": {
        "id": 1508862187,
        "name": "BKC Office Block",
        "height": 35.0,
        "min_height": 0.0,
        "building": "yes"
      },
      "geometry": {
        "type": "Polygon",
        "coordinates": [
          [
            [
              72.872375,
              19.0561198
            ],
            [
              72.8724732,
              19.0560535
            ],
            [
              72.8724557,
              19.0560304
            ],
            [
              72.8725541,
              19.055964
            ],
            [
              72.8725716,
              19.0559872
            ],
            [
              72.8726466,
              19.0559366
            ],
            [
              72.8725617,
              19.0558242
            ],
            [
              72.8724834,
              19.0558771
            ],
            [
              72.8724349,
              19.0558129
            ],
            [
              72.8723224,
              19.0558888
            ],
            [
              72.8723736,
              19.0559567
            ],
            [
              72.8722929,
              19.0560111
            ],
            [
              72.872375,
              19.0561198
            ]
          ]
        ]
      }
    },
    {
      "type": "Feature",
      "properties": {
        "id": 1525169890,
        "name": "Marathi Bhasha Bhavan",
        "height": 70.0,
        "min_height": 0.0,
        "building": "yes"
      },
      "geometry": {
        "type": "Polygon",
        "coordinates": [
          [
            [
              72.8581519,
              19.0707993
            ],
            [
              72.8584059,
              19.0708091
            ],
            [
              72.8584332,
              19.0704707
            ],
            [
              72.8581743,
              19.0704696
            ],
            [
              72.8581519,
              19.0707993
            ]
          ]
        ]
      }
    },
    {
      "type": "Feature",
      "properties": {
        "id": 1536217308,
        "name": "Nyaymurti Ranade Bhavan",
        "height": 25.0,
        "min_height": 0.0,
        "building": "yes"
      },
      "geometry": {
        "type": "Polygon",
        "coordinates": [
          [
            [
              72.8575529,
              19.070423
            ],
            [
              72.8571924,
              19.0707049
            ],
            [
              72.8577053,
              19.0712687
            ],
            [
              72.8580722,
              19.0709726
            ],
            [
              72.8575529,
              19.070423
            ]
          ]
        ]
      }
    },
    {
      "type": "Feature",
      "properties": {
        "id": 1537189699,
        "name": "BKC Office Block",
        "height": 15.0,
        "min_height": 0.0,
        "building": "yes"
      },
      "geometry": {
        "type": "Polygon",
        "coordinates": [
          [
            [
              72.8789756,
              19.0654269
            ],
            [
              72.8788296,
              19.0653215
            ],
            [
              72.8787717,
              19.0654026
            ],
            [
              72.8789069,
              19.065504
            ],
            [
              72.8789756,
              19.0654269
            ]
          ]
        ]
      }
    },
    {
      "type": "Feature",
      "properties": {
        "id": 1537189700,
        "name": "BKC Office Block",
        "height": 70.0,
        "min_height": 0.0,
        "building": "yes"
      },
      "geometry": {
        "type": "Polygon",
        "coordinates": [
          [
            [
              72.8786022,
              19.0652099
            ],
            [
              72.8785636,
              19.0652505
            ],
            [
              72.8786215,
              19.0652992
            ],
            [
              72.878643,
              19.0652667
            ],
            [
              72.8786022,
              19.0652099
            ]
          ]
        ]
      }
    },
    {
      "type": "Feature",
      "properties": {
        "id": 1537194072,
        "name": "New Girls Hostel University of Mumbai",
        "height": 50.0,
        "min_height": 0.0,
        "building": "yes"
      },
      "geometry": {
        "type": "Polygon",
        "coordinates": [
          [
            [
              72.8599428,
              19.0671011
            ],
            [
              72.8597518,
              19.0668962
            ],
            [
              72.8593248,
              19.0672734
            ],
            [
              72.8595287,
              19.06746
            ],
            [
              72.8599428,
              19.0671011
            ]
          ]
        ]
      }
    },
    {
      "type": "Feature",
      "properties": {
        "id": 1537194073,
        "name": "Shankarrao Chavhan Bhavan",
        "height": 50.0,
        "min_height": 0.0,
        "building": "yes"
      },
      "geometry": {
        "type": "Polygon",
        "coordinates": [
          [
            [
              72.8595131,
              19.0693617
            ],
            [
              72.8595002,
              19.0694732
            ],
            [
              72.8595989,
              19.0694732
            ],
            [
              72.859614,
              19.0695422
            ],
            [
              72.8595968,
              19.0697085
            ],
            [
              72.8599187,
              19.0697186
            ],
            [
              72.8599272,
              19.0696578
            ],
            [
              72.8600088,
              19.0696578
            ],
            [
              72.8600281,
              19.0696051
            ],
            [
              72.8600753,
              19.0696051
            ],
            [
              72.860086,
              19.0695564
            ],
            [
              72.8601504,
              19.0695503
            ],
            [
              72.8601504,
              19.0694996
            ],
            [
              72.8602062,
              19.0695016
            ],
            [
              72.8602105,
              19.0694225
            ],
            [
              72.8600903,
              19.0694063
            ],
            [
              72.8601161,
              19.0693597
            ],
            [
              72.8601204,
              19.0692785
            ],
            [
              72.8600667,
              19.0691974
            ],
            [
              72.8600109,
              19.0692441
            ],
            [
              72.859968,
              19.0692542
            ],
            [
              72.8599659,
              19.0691508
            ],
            [
              72.8597448,
              19.0691508
            ],
            [
              72.8596805,
              19.0691406
            ],
            [
              72.8595174,
              19.0692725
            ],
            [
              72.8596311,
              19.0692948
            ],
            [
              72.8596247,
              19.0693657
            ],
            [
              72.8595131,
              19.0693617
            ]
          ]
        ]
      }
    },
    {
      "type": "Feature",
      "properties": {
        "id": 1537551523,
        "name": "BKC Office Block",
        "height": 25.0,
        "min_height": 0.0,
        "building": "yes"
      },
      "geometry": {
        "type": "Polygon",
        "coordinates": [
          [
            [
              72.8695701,
              19.0518092
            ],
            [
              72.8696853,
              19.0518089
            ],
            [
              72.8696862,
              19.0520878
            ],
            [
              72.8695711,
              19.0520882
            ],
            [
              72.8695701,
              19.0518092
            ]
          ]
        ]
      }
    },
    {
      "type": "Feature",
      "properties": {
        "id": 1537551524,
        "name": "BKC Office Block",
        "height": 25.0,
        "min_height": 0.0,
        "building": "yes"
      },
      "geometry": {
        "type": "Polygon",
        "coordinates": [
          [
            [
              72.8696114,
              19.052752
            ],
            [
              72.8697019,
              19.052749
            ],
            [
              72.8697073,
              19.0528976
            ],
            [
              72.8696169,
              19.0529006
            ],
            [
              72.8696114,
              19.052752
            ]
          ]
        ]
      }
    },
    {
      "type": "Feature",
      "properties": {
        "id": 1537609580,
        "name": "BKC Office Block",
        "height": 25.0,
        "min_height": 0.0,
        "building": "yes"
      },
      "geometry": {
        "type": "Polygon",
        "coordinates": [
          [
            [
              72.8552407,
              19.0591602
            ],
            [
              72.8553646,
              19.0592606
            ],
            [
              72.8552883,
              19.0594109
            ],
            [
              72.8552573,
              19.0593968
            ],
            [
              72.8552504,
              19.0594104
            ],
            [
              72.8552129,
              19.0593934
            ],
            [
              72.8551731,
              19.0594374
            ],
            [
              72.8550671,
              19.0593515
            ],
            [
              72.8551662,
              19.0592748
            ],
            [
              72.8552407,
              19.0591602
            ]
          ]
        ]
      }
    },
    {
      "type": "Feature",
      "properties": {
        "id": 1537609581,
        "name": "BKC Office Block",
        "height": 35.0,
        "min_height": 0.0,
        "building": "yes"
      },
      "geometry": {
        "type": "Polygon",
        "coordinates": [
          [
            [
              72.8557911,
              19.0585192
            ],
            [
              72.8560396,
              19.0586282
            ],
            [
              72.8559842,
              19.0587408
            ],
            [
              72.8557358,
              19.0586317
            ],
            [
              72.8557911,
              19.0585192
            ]
          ]
        ]
      }
    },
    {
      "type": "Feature",
      "properties": {
        "id": 1540728982,
        "name": "BKC Office Block",
        "height": 25.0,
        "min_height": 0.0,
        "building": "yes"
      },
      "geometry": {
        "type": "Polygon",
        "coordinates": [
          [
            [
              72.8572502,
              19.0683277
            ],
            [
              72.8573232,
              19.068277
            ],
            [
              72.857394,
              19.0682993
            ],
            [
              72.8575292,
              19.0683115
            ],
            [
              72.8575942,
              19.0682641
            ],
            [
              72.8575206,
              19.0681858
            ],
            [
              72.8575549,
              19.0681026
            ],
            [
              72.8575978,
              19.0680215
            ],
            [
              72.8575914,
              19.067983
            ],
            [
              72.8575141,
              19.0679059
            ],
            [
              72.8574112,
              19.0679018
            ],
            [
              72.8573253,
              19.0679099
            ],
            [
              72.8572331,
              19.0678714
            ],
            [
              72.8571322,
              19.0679586
            ],
            [
              72.8571301,
              19.0680884
            ],
            [
              72.8571472,
              19.0682081
            ],
            [
              72.8571236,
              19.0682527
            ],
            [
              72.857218,
              19.0683379
            ],
            [
              72.8572502,
              19.0683277
            ]
          ]
        ]
      }
    }
  ]
}